[2026-06-29 05:56:01] local.ERROR: The "--filter" option does not exist. {"exception":"[object] (Symfony\\Component\\Console\\Exception\\RuntimeException(code: 0): The \"--filter\" option does not exist. at C:/xampp/htdocs/CRMTechtaru/vendor/symfony/console/Input/ArgvInput.php:226)
[stacktrace]
#0 C:/xampp/htdocs/CRMTechtaru/vendor/symfony/console/Input/ArgvInput.php(153): Symfony/Component/Console/Input/ArgvInput->addLongOption('filter', 'livewire')
#1 C:/xampp/htdocs/CRMTechtaru/vendor/symfony/console/Input/ArgvInput.php(88): Symfony/Component/Console/Input/ArgvInput->parseLongOption('--filter=livewi...')
#2 C:/xampp/htdocs/CRMTechtaru/vendor/symfony/console/Input/ArgvInput.php(77): Symfony/Component/Console/Input/ArgvInput->parseToken('--filter=livewi...', true)
#3 C:/xampp/htdocs/CRMTechtaru/vendor/symfony/console/Input/Input.php(53): Symfony/Component/Console/Input/ArgvInput->parse()
#4 C:/xampp/htdocs/CRMTechtaru/vendor/symfony/console/Command/Command.php(245): Symfony/Component/Console/Input/Input->bind(Object(Symfony/Component/Console/Input/InputDefinition))
#5 C:/xampp/htdocs/CRMTechtaru/vendor/laravel/framework/src/Illuminate/Console/Command.php(242): Symfony/Component/Console/Command/Command->run(Object(Symfony/Component/Console/Input/ArgvInput), Object(Illuminate/Console/OutputStyle))
#6 C:/xampp/htdocs/CRMTechtaru/vendor/symfony/console/Application.php(1107): Illuminate/Console/Command->run(Object(Symfony/Component/Console/Input/ArgvInput), Object(Symfony/Component/Console/Output/ConsoleOutput))
#7 C:/xampp/htdocs/CRMTechtaru/vendor/symfony/console/Application.php(356): Symfony/Component/Console/Application->doRunCommand(Object(Illuminate/Foundation/Console/RouteListCommand), Object(Symfony/Component/Console/Input/ArgvInput), Object(Symfony/Component/Console/Output/ConsoleOutput))
#8 C:/xampp/htdocs/CRMTechtaru/vendor/symfony/console/Application.php(195): Symfony/Component/Console/Application->doRun(Object(Symfony/Component/Console/Input/ArgvInput), Object(Symfony/Component/Console/Output/ConsoleOutput))
#9 C:/xampp/htdocs/CRMTechtaru/vendor/laravel/framework/src/Illuminate/Foundation/Console/Kernel.php(198): Symfony/Component/Console/Application->run(Object(Symfony/Component/Console/Input/ArgvInput), Object(Symfony/Component/Console/Output/ConsoleOutput))
#10 C:/xampp/htdocs/CRMTechtaru/vendor/laravel/framework/src/Illuminate/Foundation/Application.php(1235): Illuminate/Foundation/Console/Kernel->handle(Object(Symfony/Component/Console/Input/ArgvInput), Object(Symfony/Component/Console/Output/ConsoleOutput))
#11 C:/xampp/htdocs/CRMTechtaru/artisan(16): Illuminate/Foundation/Application->handleCommand(Object(Symfony/Component/Console/Input/ArgvInput))
#12 {main}
"} 
[2026-07-31 06:44:31] local.ERROR: ExportLeads job failed {"tenant_id":5,"user_id":4,"error":"An email must have a \"To\", \"Cc\", or \"Bcc\" header."} 
[2026-07-31 06:44:31] local.ERROR: App\Mail\LeadNotificationMail::__construct(): Argument #4 ($actionUrl) must be of type string, null given, called in /home/techtaru/crm.techtaru.in/app/Notifications/ExportFailedNotification.php on line 26 {"userId":4,"exception":"[object] (TypeError(code: 0): App\\Mail\\LeadNotificationMail::__construct(): Argument #4 ($actionUrl) must be of type string, null given, called in /home/techtaru/crm.techtaru.in/app/Notifications/ExportFailedNotification.php on line 26 at /home/techtaru/crm.techtaru.in/app/Mail/LeadNotificationMail.php:14)
[stacktrace]
#0 /home/techtaru/crm.techtaru.in/app/Notifications/ExportFailedNotification.php(26): App\\Mail\\LeadNotificationMail->__construct('Leads Export Fa...', 'Export Failed', Array, NULL, NULL)
#1 /home/techtaru/crm.techtaru.in/vendor/laravel/framework/src/Illuminate/Notifications/Channels/MailChannel.php(55): App\\Notifications\\ExportFailedNotification->toMail(Object(App\\Models\\User))
#2 /home/techtaru/crm.techtaru.in/vendor/laravel/framework/src/Illuminate/Notifications/NotificationSender.php(164): Illuminate\\Notifications\\Channels\\MailChannel->send(Object(App\\Models\\User), Object(App\\Notifications\\ExportFailedNotification))
#3 /home/techtaru/crm.techtaru.in/vendor/laravel/framework/src/Illuminate/Notifications/NotificationSender.php(119): Illuminate\\Notifications\\NotificationSender->sendToNotifiable(Object(App\\Models\\User), '60bfcaf3-b6b8-4...', Object(App\\Notifications\\ExportFailedNotification), 'mail')
#4 /home/techtaru/crm.techtaru.in/vendor/laravel/framework/src/Illuminate/Support/Traits/Localizable.php(19): Illuminate\\Notifications\\NotificationSender->Illuminate\\Notifications\\{closure}()
#5 /home/techtaru/crm.techtaru.in/vendor/laravel/framework/src/Illuminate/Notifications/NotificationSender.php(114): Illuminate\\Notifications\\NotificationSender->withLocale(NULL, Object(Closure))
#6 /home/techtaru/crm.techtaru.in/vendor/laravel/framework/src/Illuminate/Notifications/ChannelManager.php(61): Illuminate\\Notifications\\NotificationSender->sendNow(Object(Illuminate\\Database\\Eloquent\\Collection), Object(App\\Notifications\\ExportFailedNotification), Array)
#7 /home/techtaru/crm.techtaru.in/vendor/laravel/framework/src/Illuminate/Notifications/SendQueuedNotifications.php(130): Illuminate\\Notifications\\ChannelManager->sendNow(Object(Illuminate\\Database\\Eloquent\\Collection), Object(App\\Notifications\\ExportFailedNotification), Array)
#8 /home/techtaru/crm.techtaru.in/vendor/laravel/framework/src/Illuminate/Container/BoundMethod.php(36): Illuminate\\Notifications\\SendQueuedNotifications->handle(Object(Illuminate\\Notifications\\ChannelManager))
#9 /home/techtaru/crm.techtaru.in/vendor/laravel/framework/src/Illuminate/Container/Util.php(43): Illuminate\\Container\\BoundMethod::Illuminate\\Container\\{closure}()
#10 /home/techtaru/crm.techtaru.in/vendor/laravel/framework/src/Illuminate/Container/BoundMethod.php(96): Illuminate\\Container\\Util::unwrapIfClosure(Object(Closure))
#11 /home/techtaru/crm.techtaru.in/vendor/laravel/framework/src/Illuminate/Container/BoundMethod.php(35): Illuminate\\Container\\BoundMethod::callBoundMethod(Object(Illuminate\\Foundation\\Application), Array, Object(Closure))
#12 /home/techtaru/crm.techtaru.in/vendor/laravel/framework/src/Illuminate/Container/Container.php(799): Illuminate\\Container\\BoundMethod::call(Object(Illuminate\\Foundation\\Application), Array, Array, NULL)
#13 /home/techtaru/crm.techtaru.in/vendor/laravel/framework/src/Illuminate/Bus/Dispatcher.php(135): Illuminate\\Container\\Container->call(Array)
#14 /home/techtaru/crm.techtaru.in/vendor/laravel/framework/src/Illuminate/Pipeline/Pipeline.php(180): Illuminate\\Bus\\Dispatcher->Illuminate\\Bus\\{closure}(Object(Illuminate\\Notifications\\SendQueuedNotifications))
#15 /home/techtaru/crm.techtaru.in/vendor/laravel/framework/src/Illuminate/Pipeline/Pipeline.php(137): Illuminate\\Pipeline\\Pipeline->Illuminate\\Pipeline\\{closure}(Object(Illuminate\\Notifications\\SendQueuedNotifications))
#16 /home/techtaru/crm.techtaru.in/vendor/laravel/framework/src/Illuminate/Bus/Dispatcher.php(139): Illuminate\\Pipeline\\Pipeline->then(Object(Closure))
#17 /home/techtaru/crm.techtaru.in/vendor/laravel/framework/src/Illuminate/Queue/CallQueuedHandler.php(134): Illuminate\\Bus\\Dispatcher->dispatchNow(Object(Illuminate\\Notifications\\SendQueuedNotifications), false)
#18 /home/techtaru/crm.techtaru.in/vendor/laravel/framework/src/Illuminate/Pipeline/Pipeline.php(180): Illuminate\\Queue\\CallQueuedHandler->Illuminate\\Queue\\{closure}(Object(Illuminate\\Notifications\\SendQueuedNotifications))
#19 /home/techtaru/crm.techtaru.in/vendor/laravel/framework/src/Illuminate/Pipeline/Pipeline.php(137): Illuminate\\Pipeline\\Pipeline->Illuminate\\Pipeline\\{closure}(Object(Illuminate\\Notifications\\SendQueuedNotifications))
#20 /home/techtaru/crm.techtaru.in/vendor/laravel/framework/src/Illuminate/Queue/CallQueuedHandler.php(127): Illuminate\\Pipeline\\Pipeline->then(Object(Closure))
#21 /home/techtaru/crm.techtaru.in/vendor/laravel/framework/src/Illuminate/Queue/CallQueuedHandler.php(68): Illuminate\\Queue\\CallQueuedHandler->dispatchThroughMiddleware(Object(Illuminate\\Queue\\Jobs\\SyncJob), Object(Illuminate\\Notifications\\SendQueuedNotifications))
#22 /home/techtaru/crm.techtaru.in/vendor/laravel/framework/src/Illuminate/Queue/Jobs/Job.php(102): Illuminate\\Queue\\CallQueuedHandler->call(Object(Illuminate\\Queue\\Jobs\\SyncJob), Array)
#23 /home/techtaru/crm.techtaru.in/vendor/laravel/framework/src/Illuminate/Queue/SyncQueue.php(131): Illuminate\\Queue\\Jobs\\Job->fire()
#24 /home/techtaru/crm.techtaru.in/vendor/laravel/framework/src/Illuminate/Queue/SyncQueue.php(111): Illuminate\\Queue\\SyncQueue->executeJob(Object(Illuminate\\Notifications\\SendQueuedNotifications), '', NULL)
#25 /home/techtaru/crm.techtaru.in/vendor/laravel/framework/src/Illuminate/Bus/Dispatcher.php(258): Illuminate\\Queue\\SyncQueue->push(Object(Illuminate\\Notifications\\SendQueuedNotifications), '', NULL)
#26 /home/techtaru/crm.techtaru.in/vendor/laravel/framework/src/Illuminate/Bus/Dispatcher.php(238): Illuminate\\Bus\\Dispatcher->pushCommandToQueue(Object(Illuminate\\Queue\\SyncQueue), Object(Illuminate\\Notifications\\SendQueuedNotifications))
#27 /home/techtaru/crm.techtaru.in/vendor/laravel/framework/src/Illuminate/Bus/Dispatcher.php(86): Illuminate\\Bus\\Dispatcher->dispatchToQueue(Object(Illuminate\\Notifications\\SendQueuedNotifications))
#28 /home/techtaru/crm.techtaru.in/vendor/laravel/framework/src/Illuminate/Notifications/NotificationSender.php(280): Illuminate\\Bus\\Dispatcher->dispatch(Object(Illuminate\\Notifications\\SendQueuedNotifications))
#29 /home/techtaru/crm.techtaru.in/vendor/laravel/framework/src/Illuminate/Notifications/NotificationSender.php(89): Illuminate\\Notifications\\NotificationSender->queueNotification(Object(Illuminate\\Database\\Eloquent\\Collection), Object(App\\Notifications\\ExportFailedNotification))
#30 /home/techtaru/crm.techtaru.in/vendor/laravel/framework/src/Illuminate/Notifications/ChannelManager.php(48): Illuminate\\Notifications\\NotificationSender->send(Object(App\\Models\\User), Object(App\\Notifications\\ExportFailedNotification))
#31 /home/techtaru/crm.techtaru.in/vendor/laravel/framework/src/Illuminate/Notifications/RoutesNotifications.php(18): Illuminate\\Notifications\\ChannelManager->send(Object(App\\Models\\User), Object(App\\Notifications\\ExportFailedNotification))
#32 /home/techtaru/crm.techtaru.in/app/Jobs/ExportLeads.php(73): App\\Models\\User->notify(Object(App\\Notifications\\ExportFailedNotification))
#33 /home/techtaru/crm.techtaru.in/vendor/laravel/framework/src/Illuminate/Queue/CallQueuedHandler.php(347): App\\Jobs\\ExportLeads->failed(Object(Symfony\\Component\\Mime\\Exception\\LogicException))
#34 /home/techtaru/crm.techtaru.in/vendor/laravel/framework/src/Illuminate/Queue/Jobs/Job.php(254): Illuminate\\Queue\\CallQueuedHandler->failed(Array, Object(Symfony\\Component\\Mime\\Exception\\LogicException), '593dadb8-40b9-4...', Object(Illuminate\\Queue\\Jobs\\SyncJob))
#35 /home/techtaru/crm.techtaru.in/vendor/laravel/framework/src/Illuminate/Queue/Jobs/Job.php(219): Illuminate\\Queue\\Jobs\\Job->failed(Object(Symfony\\Component\\Mime\\Exception\\LogicException))
#36 /home/techtaru/crm.techtaru.in/vendor/laravel/framework/src/Illuminate/Queue/SyncQueue.php(224): Illuminate\\Queue\\Jobs\\Job->fail(Object(Symfony\\Component\\Mime\\Exception\\LogicException))
#37 /home/techtaru/crm.techtaru.in/vendor/laravel/framework/src/Illuminate/Queue/SyncQueue.php(137): Illuminate\\Queue\\SyncQueue->handleException(Object(Illuminate\\Queue\\Jobs\\SyncJob), Object(Symfony\\Component\\Mime\\Exception\\LogicException))
#38 /home/techtaru/crm.techtaru.in/vendor/laravel/framework/src/Illuminate/Queue/SyncQueue.php(111): Illuminate\\Queue\\SyncQueue->executeJob(Object(App\\Jobs\\ExportLeads), '', 'exports')
#39 /home/techtaru/crm.techtaru.in/vendor/laravel/framework/src/Illuminate/Bus/Dispatcher.php(258): Illuminate\\Queue\\SyncQueue->push(Object(App\\Jobs\\ExportLeads), '', 'exports')
#40 /home/techtaru/crm.techtaru.in/vendor/laravel/framework/src/Illuminate/Bus/Dispatcher.php(238): Illuminate\\Bus\\Dispatcher->pushCommandToQueue(Object(Illuminate\\Queue\\SyncQueue), Object(App\\Jobs\\ExportLeads))
#41 /home/techtaru/crm.techtaru.in/vendor/laravel/framework/src/Illuminate/Bus/Dispatcher.php(86): Illuminate\\Bus\\Dispatcher->dispatchToQueue(Object(App\\Jobs\\ExportLeads))
#42 /home/techtaru/crm.techtaru.in/vendor/laravel/framework/src/Illuminate/Foundation/Bus/PendingDispatch.php(252): Illuminate\\Bus\\Dispatcher->dispatch(Object(App\\Jobs\\ExportLeads))
#43 /home/techtaru/crm.techtaru.in/vendor/laravel/framework/src/Illuminate/Foundation/Bus/Dispatchable.php(19): Illuminate\\Foundation\\Bus\\PendingDispatch->__destruct()
#44 /home/techtaru/crm.techtaru.in/app/Filament/Resources/LeadResource/Pages/ListLeads.php(208): App\\Jobs\\ExportLeads::dispatch(5, 4, Array)
#45 /home/techtaru/crm.techtaru.in/vendor/filament/support/src/Concerns/EvaluatesClosures.php(36): App\\Filament\\Resources\\LeadResource\\Pages\\ListLeads->App\\Filament\\Resources\\LeadResource\\Pages\\{closure}()
#46 /home/techtaru/crm.techtaru.in/vendor/filament/actions/src/Action.php(644): Filament\\Support\\Components\\Component->evaluate(Object(Closure), Array)
#47 /home/techtaru/crm.techtaru.in/vendor/filament/actions/src/Concerns/InteractsWithActions.php(269): Filament\\Actions\\Action->call(Array)
#48 /home/techtaru/crm.techtaru.in/vendor/filament/actions/src/Concerns/InteractsWithActions.php(184): Filament\\Pages\\BasePage->callMountedAction()
#49 /home/techtaru/crm.techtaru.in/vendor/laravel/framework/src/Illuminate/Container/BoundMethod.php(36): Filament\\Pages\\BasePage->mountAction('export', Array, Array)
#50 /home/techtaru/crm.techtaru.in/vendor/laravel/framework/src/Illuminate/Container/Util.php(43): Illuminate\\Container\\BoundMethod::Illuminate\\Container\\{closure}()
#51 /home/techtaru/crm.techtaru.in/vendor/laravel/framework/src/Illuminate/Container/BoundMethod.php(96): Illuminate\\Container\\Util::unwrapIfClosure(Object(Closure))
#52 /home/techtaru/crm.techtaru.in/vendor/laravel/framework/src/Illuminate/Container/BoundMethod.php(35): Illuminate\\Container\\BoundMethod::callBoundMethod(Object(Illuminate\\Foundation\\Application), Array, Object(Closure))
#53 /home/techtaru/crm.techtaru.in/vendor/livewire/livewire/src/Wrapped.php(23): Illuminate\\Container\\BoundMethod::call(Object(Illuminate\\Foundation\\Application), Array, Array)
#54 /home/techtaru/crm.techtaru.in/vendor/livewire/livewire/src/Mechanisms/HandleComponents/HandleComponents.php(492): Livewire\\Wrapped->__call('mountAction', Array)
#55 /home/techtaru/crm.techtaru.in/vendor/livewire/livewire/src/Mechanisms/HandleComponents/HandleComponents.php(101): Livewire\\Mechanisms\\HandleComponents\\HandleComponents->callMethods(Object(App\\Filament\\Resources\\LeadResource\\Pages\\ListLeads), Array, Object(Livewire\\Mechanisms\\HandleComponents\\ComponentContext))
#56 /home/techtaru/crm.techtaru.in/vendor/livewire/livewire/src/LivewireManager.php(102): Livewire\\Mechanisms\\HandleComponents\\HandleComponents->update(Array, Array, Array)
#57 /home/techtaru/crm.techtaru.in/vendor/livewire/livewire/src/Mechanisms/HandleRequests/HandleRequests.php(131): Livewire\\LivewireManager->update(Array, Array, Array)
#58 /home/techtaru/crm.techtaru.in/vendor/laravel/framework/src/Illuminate/Routing/ControllerDispatcher.php(46): Livewire\\Mechanisms\\HandleRequests\\HandleRequests->handleUpdate()
#59 /home/techtaru/crm.techtaru.in/vendor/laravel/framework/src/Illuminate/Routing/Route.php(269): Illuminate\\Routing\\ControllerDispatcher->dispatch(Object(Illuminate\\Routing\\Route), Object(Livewire\\Mechanisms\\HandleRequests\\HandleRequests), 'handleUpdate')
#60 /home/techtaru/crm.techtaru.in/vendor/laravel/framework/src/Illuminate/Routing/Route.php(215): Illuminate\\Routing\\Route->runController()
#61 /home/techtaru/crm.techtaru.in/vendor/laravel/framework/src/Illuminate/Routing/Router.php(822): Illuminate\\Routing\\Route->run()
#62 /home/techtaru/crm.techtaru.in/vendor/laravel/framework/src/Illuminate/Pipeline/Pipeline.php(180): Illuminate\\Routing\\Router->Illuminate\\Routing\\{closure}(Object(Illuminate\\Http\\Request))
#63 /home/techtaru/crm.techtaru.in/app/Http/Middleware/SecurityHeaders.php(39): Illuminate\\Pipeline\\Pipeline->Illuminate\\Pipeline\\{closure}(Object(Illuminate\\Http\\Request))
#64 /home/techtaru/crm.techtaru.in/vendor/laravel/framework/src/Illuminate/Pipeline/Pipeline.php(219): App\\Http\\Middleware\\SecurityHeaders->handle(Object(Illuminate\\Http\\Request), Object(Closure))
#65 /home/techtaru/crm.techtaru.in/app/Http/Middleware/SetLocale.php(108): Illuminate\\Pipeline\\Pipeline->Illuminate\\Pipeline\\{closure}(Object(Illuminate\\Http\\Request))
#66 /home/techtaru/crm.techtaru.in/vendor/laravel/framework/src/Illuminate/Pipeline/Pipeline.php(219): App\\Http\\Middleware\\SetLocale->handle(Object(Illuminate\\Http\\Request), Object(Closure))
#67 /home/techtaru/crm.techtaru.in/app/Http/Middleware/TrackUserSession.php(55): Illuminate\\Pipeline\\Pipeline->Illuminate\\Pipeline\\{closure}(Object(Illuminate\\Http\\Request))
#68 /home/techtaru/crm.techtaru.in/vendor/laravel/framework/src/Illuminate/Pipeline/Pipeline.php(219): App\\Http\\Middleware\\TrackUserSession->handle(Object(Illuminate\\Http\\Request), Object(Closure))
#69 /home/techtaru/crm.techtaru.in/app/Http/Middleware/ResolveTenant.php(45): Illuminate\\Pipeline\\Pipeline->Illuminate\\Pipeline\\{closure}(Object(Illuminate\\Http\\Request))
#70 /home/techtaru/crm.techtaru.in/vendor/laravel/framework/src/Illuminate/Pipeline/Pipeline.php(219): App\\Http\\Middleware\\ResolveTenant->handle(Object(Illuminate\\Http\\Request), Object(Closure))
#71 /home/techtaru/crm.techtaru.in/vendor/laravel/framework/src/Illuminate/Routing/Middleware/SubstituteBindings.php(52): Illuminate\\Pipeline\\Pipeline->Illuminate\\Pipeline\\{closure}(Object(Illuminate\\Http\\Request))
#72 /home/techtaru/crm.techtaru.in/vendor/laravel/framework/src/Illuminate/Pipeline/Pipeline.php(219): Illuminate\\Routing\\Middleware\\SubstituteBindings->handle(Object(Illuminate\\Http\\Request), Object(Closure))
#73 /home/techtaru/crm.techtaru.in/vendor/laravel/framework/src/Illuminate/Foundation/Http/Middleware/PreventRequestForgery.php(104): Illuminate\\Pipeline\\Pipeline->Illuminate\\Pipeline\\{closure}(Object(Illuminate\\Http\\Request))
#74 /home/techtaru/crm.techtaru.in/vendor/laravel/framework/src/Illuminate/Pipeline/Pipeline.php(219): Illuminate\\Foundation\\Http\\Middleware\\PreventRequestForgery->handle(Object(Illuminate\\Http\\Request), Object(Closure))
#75 /home/techtaru/crm.techtaru.in/vendor/laravel/framework/src/Illuminate/View/Middleware/ShareErrorsFromSession.php(48): Illuminate\\Pipeline\\Pipeline->Illuminate\\Pipeline\\{closure}(Object(Illuminate\\Http\\Request))
#76 /home/techtaru/crm.techtaru.in/vendor/laravel/framework/src/Illuminate/Pipeline/Pipeline.php(219): Illuminate\\View\\Middleware\\ShareErrorsFromSession->handle(Object(Illuminate\\Http\\Request), Object(Closure))
#77 /home/techtaru/crm.techtaru.in/vendor/laravel/framework/src/Illuminate/Session/Middleware/StartSession.php(120): Illuminate\\Pipeline\\Pipeline->Illuminate\\Pipeline\\{closure}(Object(Illuminate\\Http\\Request))
#78 /home/techtaru/crm.techtaru.in/vendor/laravel/framework/src/Illuminate/Session/Middleware/StartSession.php(63): Illuminate\\Session\\Middleware\\StartSession->handleStatefulRequest(Object(Illuminate\\Http\\Request), Object(Illuminate\\Session\\Store), Object(Closure))
#79 /home/techtaru/crm.techtaru.in/vendor/laravel/framework/src/Illuminate/Pipeline/Pipeline.php(219): Illuminate\\Session\\Middleware\\StartSession->handle(Object(Illuminate\\Http\\Request), Object(Closure))
#80 /home/techtaru/crm.techtaru.in/vendor/laravel/framework/src/Illuminate/Cookie/Middleware/AddQueuedCookiesToResponse.php(36): Illuminate\\Pipeline\\Pipeline->Illuminate\\Pipeline\\{closure}(Object(Illuminate\\Http\\Request))
#81 /home/techtaru/crm.techtaru.in/vendor/laravel/framework/src/Illuminate/Pipeline/Pipeline.php(219): Illuminate\\Cookie\\Middleware\\AddQueuedCookiesToResponse->handle(Object(Illuminate\\Http\\Request), Object(Closure))
#82 /home/techtaru/crm.techtaru.in/vendor/laravel/framework/src/Illuminate/Cookie/Middleware/EncryptCookies.php(74): Illuminate\\Pipeline\\Pipeline->Illuminate\\Pipeline\\{closure}(Object(Illuminate\\Http\\Request))
#83 /home/techtaru/crm.techtaru.in/vendor/laravel/framework/src/Illuminate/Pipeline/Pipeline.php(219): Illuminate\\Cookie\\Middleware\\EncryptCookies->handle(Object(Illuminate\\Http\\Request), Object(Closure))
#84 /home/techtaru/crm.techtaru.in/vendor/laravel/framework/src/Illuminate/Http/Middleware/TrustProxies.php(58): Illuminate\\Pipeline\\Pipeline->Illuminate\\Pipeline\\{closure}(Object(Illuminate\\Http\\Request))
#85 /home/techtaru/crm.techtaru.in/vendor/laravel/framework/src/Illuminate/Pipeline/Pipeline.php(219): Illuminate\\Http\\Middleware\\TrustProxies->handle(Object(Illuminate\\Http\\Request), Object(Closure))
#86 /home/techtaru/crm.techtaru.in/vendor/laravel/framework/src/Illuminate/Pipeline/Pipeline.php(137): Illuminate\\Pipeline\\Pipeline->Illuminate\\Pipeline\\{closure}(Object(Illuminate\\Http\\Request))
#87 /home/techtaru/crm.techtaru.in/vendor/laravel/framework/src/Illuminate/Routing/Router.php(821): Illuminate\\Pipeline\\Pipeline->then(Object(Closure))
#88 /home/techtaru/crm.techtaru.in/vendor/laravel/framework/src/Illuminate/Routing/Router.php(800): Illuminate\\Routing\\Router->runRouteWithinStack(Object(Illuminate\\Routing\\Route), Object(Illuminate\\Http\\Request))
#89 /home/techtaru/crm.techtaru.in/vendor/laravel/framework/src/Illuminate/Routing/Router.php(764): Illuminate\\Routing\\Router->runRoute(Object(Illuminate\\Http\\Request), Object(Illuminate\\Routing\\Route))
#90 /home/techtaru/crm.techtaru.in/vendor/laravel/framework/src/Illuminate/Routing/Router.php(753): Illuminate\\Routing\\Router->dispatchToRoute(Object(Illuminate\\Http\\Request))
#91 /home/techtaru/crm.techtaru.in/vendor/laravel/framework/src/Illuminate/Foundation/Http/Kernel.php(200): Illuminate\\Routing\\Router->dispatch(Object(Illuminate\\Http\\Request))
#92 /home/techtaru/crm.techtaru.in/vendor/laravel/framework/src/Illuminate/Pipeline/Pipeline.php(180): Illuminate\\Foundation\\Http\\Kernel->Illuminate\\Foundation\\Http\\{closure}(Object(Illuminate\\Http\\Request))
#93 /home/techtaru/crm.techtaru.in/vendor/livewire/livewire/src/Features/SupportDisablingBackButtonCache/DisableBackButtonCacheMiddleware.php(19): Illuminate\\Pipeline\\Pipeline->Illuminate\\Pipeline\\{closure}(Object(Illuminate\\Http\\Request))
#94 /home/techtaru/crm.techtaru.in/vendor/laravel/framework/src/Illuminate/Pipeline/Pipeline.php(219): Livewire\\Features\\SupportDisablingBackButtonCache\\DisableBackButtonCacheMiddleware->handle(Object(Illuminate\\Http\\Request), Object(Closure))
#95 /home/techtaru/crm.techtaru.in/vendor/laravel/framework/src/Illuminate/Foundation/Http/Middleware/ConvertEmptyStringsToNull.php(27): Illuminate\\Pipeline\\Pipeline->Illuminate\\Pipeline\\{closure}(Object(Illuminate\\Http\\Request))
#96 /home/techtaru/crm.techtaru.in/vendor/laravel/framework/src/Illuminate/Pipeline/Pipeline.php(219): Illuminate\\Foundation\\Http\\Middleware\\ConvertEmptyStringsToNull->handle(Object(Illuminate\\Http\\Request), Object(Closure))
#97 /home/techtaru/crm.techtaru.in/vendor/laravel/framework/src/Illuminate/Foundation/Http/Middleware/TrimStrings.php(47): Illuminate\\Pipeline\\Pipeline->Illuminate\\Pipeline\\{closure}(Object(Illuminate\\Http\\Request))
#98 /home/techtaru/crm.techtaru.in/vendor/laravel/framework/src/Illuminate/Pipeline/Pipeline.php(219): Illuminate\\Foundation\\Http\\Middleware\\TrimStrings->handle(Object(Illuminate\\Http\\Request), Object(Closure))
#99 /home/techtaru/crm.techtaru.in/vendor/laravel/framework/src/Illuminate/Http/Middleware/ValidatePostSize.php(27): Illuminate\\Pipeline\\Pipeline->Illuminate\\Pipeline\\{closure}(Object(Illuminate\\Http\\Request))
#100 /home/techtaru/crm.techtaru.in/vendor/laravel/framework/src/Illuminate/Pipeline/Pipeline.php(219): Illuminate\\Http\\Middleware\\ValidatePostSize->handle(Object(Illuminate\\Http\\Request), Object(Closure))
#101 /home/techtaru/crm.techtaru.in/vendor/laravel/framework/src/Illuminate/Foundation/Http/Middleware/PreventRequestsDuringMaintenance.php(109): Illuminate\\Pipeline\\Pipeline->Illuminate\\Pipeline\\{closure}(Object(Illuminate\\Http\\Request))
#102 /home/techtaru/crm.techtaru.in/vendor/laravel/framework/src/Illuminate/Pipeline/Pipeline.php(219): Illuminate\\Foundation\\Http\\Middleware\\PreventRequestsDuringMaintenance->handle(Object(Illuminate\\Http\\Request), Object(Closure))
#103 /home/techtaru/crm.techtaru.in/vendor/laravel/framework/src/Illuminate/Http/Middleware/HandleCors.php(61): Illuminate\\Pipeline\\Pipeline->Illuminate\\Pipeline\\{closure}(Object(Illuminate\\Http\\Request))
#104 /home/techtaru/crm.techtaru.in/vendor/laravel/framework/src/Illuminate/Pipeline/Pipeline.php(219): Illuminate\\Http\\Middleware\\HandleCors->handle(Object(Illuminate\\Http\\Request), Object(Closure))
#105 /home/techtaru/crm.techtaru.in/vendor/laravel/framework/src/Illuminate/Http/Middleware/TrustProxies.php(58): Illuminate\\Pipeline\\Pipeline->Illuminate\\Pipeline\\{closure}(Object(Illuminate\\Http\\Request))
#106 /home/techtaru/crm.techtaru.in/vendor/laravel/framework/src/Illuminate/Pipeline/Pipeline.php(219): Illuminate\\Http\\Middleware\\TrustProxies->handle(Object(Illuminate\\Http\\Request), Object(Closure))
#107 /home/techtaru/crm.techtaru.in/vendor/laravel/framework/src/Illuminate/Foundation/Http/Middleware/InvokeDeferredCallbacks.php(22): Illuminate\\Pipeline\\Pipeline->Illuminate\\Pipeline\\{closure}(Object(Illuminate\\Http\\Request))
#108 /home/techtaru/crm.techtaru.in/vendor/laravel/framework/src/Illuminate/Pipeline/Pipeline.php(219): Illuminate\\Foundation\\Http\\Middleware\\InvokeDeferredCallbacks->handle(Object(Illuminate\\Http\\Request), Object(Closure))
#109 /home/techtaru/crm.techtaru.in/vendor/laravel/framework/src/Illuminate/Http/Middleware/ValidatePathEncoding.php(28): Illuminate\\Pipeline\\Pipeline->Illuminate\\Pipeline\\{closure}(Object(Illuminate\\Http\\Request))
#110 /home/techtaru/crm.techtaru.in/vendor/laravel/framework/src/Illuminate/Pipeline/Pipeline.php(219): Illuminate\\Http\\Middleware\\ValidatePathEncoding->handle(Object(Illuminate\\Http\\Request), Object(Closure))
#111 /home/techtaru/crm.techtaru.in/vendor/laravel/framework/src/Illuminate/Pipeline/Pipeline.php(137): Illuminate\\Pipeline\\Pipeline->Illuminate\\Pipeline\\{closure}(Object(Illuminate\\Http\\Request))
#112 /home/techtaru/crm.techtaru.in/vendor/laravel/framework/src/Illuminate/Foundation/Http/Kernel.php(175): Illuminate\\Pipeline\\Pipeline->then(Object(Closure))
#113 /home/techtaru/crm.techtaru.in/vendor/laravel/framework/src/Illuminate/Foundation/Http/Kernel.php(144): Illuminate\\Foundation\\Http\\Kernel->sendRequestThroughRouter(Object(Illuminate\\Http\\Request))
#114 /home/techtaru/crm.techtaru.in/vendor/laravel/framework/src/Illuminate/Foundation/Application.php(1220): Illuminate\\Foundation\\Http\\Kernel->handle(Object(Illuminate\\Http\\Request))
#115 /home/techtaru/crm.techtaru.in/public/index.php(119): Illuminate\\Foundation\\Application->handleRequest(Object(Illuminate\\Http\\Request))
#116 {main}
"} 
[2026-07-31 07:15:31] local.ERROR: SQLSTATE[42S22]: Column not found: 1054 Unknown column 'full_name' in 'ORDER BY' (Connection: mysql, Host: 127.0.0.1, Port: 3306, Database: techtaru_crm, SQL: select `leads`.*, (select `created_at` from `lead_activities` where `lead_id` = `leads`.`id` and `type` in (email_received, message_received, call_inbound) and `lead_activities`.`tenant_id` = 5 order by `created_at` desc limit 1) as `_last_inbound_at`, (select `created_at` from `lead_activities` where `lead_id` = `leads`.`id` and `type` in (email_sent, message_sent, call_outbound, note_added) and `lead_activities`.`tenant_id` = 5 order by `created_at` desc limit 1) as `_last_outbound_at` from `leads` where `tenant_id` = 5 and `leads`.`deleted_at` is null and `leads`.`tenant_id` = 5 order by `full_name` asc, `created_at` desc, `leads`.`id` desc limit 10 offset 0) (View: /home/techtaru/crm.techtaru.in/vendor/filament/tables/resources/views/index.blade.php) (View: /home/techtaru/crm.techtaru.in/vendor/filament/tables/resources/views/index.blade.php) {"userId":4,"exception":"[object] (Illuminate\\View\\ViewException(code: 0): SQLSTATE[42S22]: Column not found: 1054 Unknown column 'full_name' in 'ORDER BY' (Connection: mysql, Host: 127.0.0.1, Port: 3306, Database: techtaru_crm, SQL: select `leads`.*, (select `created_at` from `lead_activities` where `lead_id` = `leads`.`id` and `type` in (email_received, message_received, call_inbound) and `lead_activities`.`tenant_id` = 5 order by `created_at` desc limit 1) as `_last_inbound_at`, (select `created_at` from `lead_activities` where `lead_id` = `leads`.`id` and `type` in (email_sent, message_sent, call_outbound, note_added) and `lead_activities`.`tenant_id` = 5 order by `created_at` desc limit 1) as `_last_outbound_at` from `leads` where `tenant_id` = 5 and `leads`.`deleted_at` is null and `leads`.`tenant_id` = 5 order by `full_name` asc, `created_at` desc, `leads`.`id` desc limit 10 offset 0) (View: /home/techtaru/crm.techtaru.in/vendor/filament/tables/resources/views/index.blade.php) (View: /home/techtaru/crm.techtaru.in/vendor/filament/tables/resources/views/index.blade.php) at /home/techtaru/crm.techtaru.in/vendor/laravel/framework/src/Illuminate/Database/Connection.php:841)
[stacktrace]
#0 /home/techtaru/crm.techtaru.in/vendor/livewire/livewire/src/Mechanisms/ExtendBlade/ExtendedCompilerEngine.php(58): Illuminate\\View\\Engines\\CompilerEngine->handleViewException(Object(Illuminate\\View\\ViewException), 0)
#1 /home/techtaru/crm.techtaru.in/vendor/livewire/livewire/src/Mechanisms/ExtendBlade/ExtendedCompilerEngine.php(40): Livewire\\Mechanisms\\ExtendBlade\\ExtendedCompilerEngine->handleViewException(Object(Illuminate\\View\\ViewException), 0)
#2 /home/techtaru/crm.techtaru.in/vendor/laravel/framework/src/Illuminate/View/Engines/CompilerEngine.php(76): Livewire\\Mechanisms\\ExtendBlade\\ExtendedCompilerEngine->evaluatePath('/home/techtaru/...', Array)
#3 /home/techtaru/crm.techtaru.in/vendor/livewire/livewire/src/Mechanisms/ExtendBlade/ExtendedCompilerEngine.php(16): Illuminate\\View\\Engines\\CompilerEngine->get('/home/techtaru/...', Array)
#4 /home/techtaru/crm.techtaru.in/vendor/laravel/framework/src/Illuminate/View/View.php(208): Livewire\\Mechanisms\\ExtendBlade\\ExtendedCompilerEngine->get('/home/techtaru/...', Array)
#5 /home/techtaru/crm.techtaru.in/vendor/laravel/framework/src/Illuminate/View/View.php(191): Illuminate\\View\\View->getContents()
#6 /home/techtaru/crm.techtaru.in/vendor/laravel/framework/src/Illuminate/View/View.php(160): Illuminate\\View\\View->renderContents()
#7 /home/techtaru/crm.techtaru.in/vendor/livewire/livewire/src/Mechanisms/HandleComponents/HandleComponents.php(259): Illuminate\\View\\View->render(Object(Closure))
#8 /home/techtaru/crm.techtaru.in/vendor/livewire/livewire/src/Mechanisms/HandleComponents/HandleComponents.php(303): Livewire\\Mechanisms\\HandleComponents\\HandleComponents->Livewire\\Mechanisms\\HandleComponents\\{closure}()
#9 /home/techtaru/crm.techtaru.in/vendor/livewire/livewire/src/Mechanisms/HandleComponents/HandleComponents.php(251): Livewire\\Mechanisms\\HandleComponents\\HandleComponents->trackInRenderStack(Object(App\\Filament\\Resources\\LeadResource\\Pages\\ListLeads), Object(Closure))
#10 /home/techtaru/crm.techtaru.in/vendor/livewire/livewire/src/Mechanisms/HandleComponents/HandleComponents.php(104): Livewire\\Mechanisms\\HandleComponents\\HandleComponents->render(Object(App\\Filament\\Resources\\LeadResource\\Pages\\ListLeads))
#11 /home/techtaru/crm.techtaru.in/vendor/livewire/livewire/src/LivewireManager.php(102): Livewire\\Mechanisms\\HandleComponents\\HandleComponents->update(Array, Array, Array)
#12 /home/techtaru/crm.techtaru.in/vendor/livewire/livewire/src/Mechanisms/HandleRequests/HandleRequests.php(131): Livewire\\LivewireManager->update(Array, Array, Array)
#13 /home/techtaru/crm.techtaru.in/vendor/laravel/framework/src/Illuminate/Routing/ControllerDispatcher.php(46): Livewire\\Mechanisms\\HandleRequests\\HandleRequests->handleUpdate()
#14 /home/techtaru/crm.techtaru.in/vendor/laravel/framework/src/Illuminate/Routing/Route.php(269): Illuminate\\Routing\\ControllerDispatcher->dispatch(Object(Illuminate\\Routing\\Route), Object(Livewire\\Mechanisms\\HandleRequests\\HandleRequests), 'handleUpdate')
#15 /home/techtaru/crm.techtaru.in/vendor/laravel/framework/src/Illuminate/Routing/Route.php(215): Illuminate\\Routing\\Route->runController()
#16 /home/techtaru/crm.techtaru.in/vendor/laravel/framework/src/Illuminate/Routing/Router.php(822): Illuminate\\Routing\\Route->run()
#17 /home/techtaru/crm.techtaru.in/vendor/laravel/framework/src/Illuminate/Pipeline/Pipeline.php(180): Illuminate\\Routing\\Router->Illuminate\\Routing\\{closure}(Object(Illuminate\\Http\\Request))
#18 /home/techtaru/crm.techtaru.in/app/Http/Middleware/SecurityHeaders.php(39): Illuminate\\Pipeline\\Pipeline->Illuminate\\Pipeline\\{closure}(Object(Illuminate\\Http\\Request))
#19 /home/techtaru/crm.techtaru.in/vendor/laravel/framework/src/Illuminate/Pipeline/Pipeline.php(219): App\\Http\\Middleware\\SecurityHeaders->handle(Object(Illuminate\\Http\\Request), Object(Closure))
#20 /home/techtaru/crm.techtaru.in/app/Http/Middleware/SetLocale.php(108): Illuminate\\Pipeline\\Pipeline->Illuminate\\Pipeline\\{closure}(Object(Illuminate\\Http\\Request))
#21 /home/techtaru/crm.techtaru.in/vendor/laravel/framework/src/Illuminate/Pipeline/Pipeline.php(219): App\\Http\\Middleware\\SetLocale->handle(Object(Illuminate\\Http\\Request), Object(Closure))
#22 /home/techtaru/crm.techtaru.in/app/Http/Middleware/TrackUserSession.php(55): Illuminate\\Pipeline\\Pipeline->Illuminate\\Pipeline\\{closure}(Object(Illuminate\\Http\\Request))
#23 /home/techtaru/crm.techtaru.in/vendor/laravel/framework/src/Illuminate/Pipeline/Pipeline.php(219): App\\Http\\Middleware\\TrackUserSession->handle(Object(Illuminate\\Http\\Request), Object(Closure))
#24 /home/techtaru/crm.techtaru.in/app/Http/Middleware/ResolveTenant.php(45): Illuminate\\Pipeline\\Pipeline->Illuminate\\Pipeline\\{closure}(Object(Illuminate\\Http\\Request))
#25 /home/techtaru/crm.techtaru.in/vendor/laravel/framework/src/Illuminate/Pipeline/Pipeline.php(219): App\\Http\\Middleware\\ResolveTenant->handle(Object(Illuminate\\Http\\Request), Object(Closure))
#26 /home/techtaru/crm.techtaru.in/vendor/laravel/framework/src/Illuminate/Routing/Middleware/SubstituteBindings.php(52): Illuminate\\Pipeline\\Pipeline->Illuminate\\Pipeline\\{closure}(Object(Illuminate\\Http\\Request))
#27 /home/techtaru/crm.techtaru.in/vendor/laravel/framework/src/Illuminate/Pipeline/Pipeline.php(219): Illuminate\\Routing\\Middleware\\SubstituteBindings->handle(Object(Illuminate\\Http\\Request), Object(Closure))
#28 /home/techtaru/crm.techtaru.in/vendor/laravel/framework/src/Illuminate/Foundation/Http/Middleware/PreventRequestForgery.php(104): Illuminate\\Pipeline\\Pipeline->Illuminate\\Pipeline\\{closure}(Object(Illuminate\\Http\\Request))
#29 /home/techtaru/crm.techtaru.in/vendor/laravel/framework/src/Illuminate/Pipeline/Pipeline.php(219): Illuminate\\Foundation\\Http\\Middleware\\PreventRequestForgery->handle(Object(Illuminate\\Http\\Request), Object(Closure))
#30 /home/techtaru/crm.techtaru.in/vendor/laravel/framework/src/Illuminate/View/Middleware/ShareErrorsFromSession.php(48): Illuminate\\Pipeline\\Pipeline->Illuminate\\Pipeline\\{closure}(Object(Illuminate\\Http\\Request))
#31 /home/techtaru/crm.techtaru.in/vendor/laravel/framework/src/Illuminate/Pipeline/Pipeline.php(219): Illuminate\\View\\Middleware\\ShareErrorsFromSession->handle(Object(Illuminate\\Http\\Request), Object(Closure))
#32 /home/techtaru/crm.techtaru.in/vendor/laravel/framework/src/Illuminate/Session/Middleware/StartSession.php(120): Illuminate\\Pipeline\\Pipeline->Illuminate\\Pipeline\\{closure}(Object(Illuminate\\Http\\Request))
#33 /home/techtaru/crm.techtaru.in/vendor/laravel/framework/src/Illuminate/Session/Middleware/StartSession.php(63): Illuminate\\Session\\Middleware\\StartSession->handleStatefulRequest(Object(Illuminate\\Http\\Request), Object(Illuminate\\Session\\Store), Object(Closure))
#34 /home/techtaru/crm.techtaru.in/vendor/laravel/framework/src/Illuminate/Pipeline/Pipeline.php(219): Illuminate\\Session\\Middleware\\StartSession->handle(Object(Illuminate\\Http\\Request), Object(Closure))
#35 /home/techtaru/crm.techtaru.in/vendor/laravel/framework/src/Illuminate/Cookie/Middleware/AddQueuedCookiesToResponse.php(36): Illuminate\\Pipeline\\Pipeline->Illuminate\\Pipeline\\{closure}(Object(Illuminate\\Http\\Request))
#36 /home/techtaru/crm.techtaru.in/vendor/laravel/framework/src/Illuminate/Pipeline/Pipeline.php(219): Illuminate\\Cookie\\Middleware\\AddQueuedCookiesToResponse->handle(Object(Illuminate\\Http\\Request), Object(Closure))
#37 /home/techtaru/crm.techtaru.in/vendor/laravel/framework/src/Illuminate/Cookie/Middleware/EncryptCookies.php(74): Illuminate\\Pipeline\\Pipeline->Illuminate\\Pipeline\\{closure}(Object(Illuminate\\Http\\Request))
#38 /home/techtaru/crm.techtaru.in/vendor/laravel/framework/src/Illuminate/Pipeline/Pipeline.php(219): Illuminate\\Cookie\\Middleware\\EncryptCookies->handle(Object(Illuminate\\Http\\Request), Object(Closure))
#39 /home/techtaru/crm.techtaru.in/vendor/laravel/framework/src/Illuminate/Http/Middleware/TrustProxies.php(58): Illuminate\\Pipeline\\Pipeline->Illuminate\\Pipeline\\{closure}(Object(Illuminate\\Http\\Request))
#40 /home/techtaru/crm.techtaru.in/vendor/laravel/framework/src/Illuminate/Pipeline/Pipeline.php(219): Illuminate\\Http\\Middleware\\TrustProxies->handle(Object(Illuminate\\Http\\Request), Object(Closure))
#41 /home/techtaru/crm.techtaru.in/vendor/laravel/framework/src/Illuminate/Pipeline/Pipeline.php(137): Illuminate\\Pipeline\\Pipeline->Illuminate\\Pipeline\\{closure}(Object(Illuminate\\Http\\Request))
#42 /home/techtaru/crm.techtaru.in/vendor/laravel/framework/src/Illuminate/Routing/Router.php(821): Illuminate\\Pipeline\\Pipeline->then(Object(Closure))
#43 /home/techtaru/crm.techtaru.in/vendor/laravel/framework/src/Illuminate/Routing/Router.php(800): Illuminate\\Routing\\Router->runRouteWithinStack(Object(Illuminate\\Routing\\Route), Object(Illuminate\\Http\\Request))
#44 /home/techtaru/crm.techtaru.in/vendor/laravel/framework/src/Illuminate/Routing/Router.php(764): Illuminate\\Routing\\Router->runRoute(Object(Illuminate\\Http\\Request), Object(Illuminate\\Routing\\Route))
#45 /home/techtaru/crm.techtaru.in/vendor/laravel/framework/src/Illuminate/Routing/Router.php(753): Illuminate\\Routing\\Router->dispatchToRoute(Object(Illuminate\\Http\\Request))
#46 /home/techtaru/crm.techtaru.in/vendor/laravel/framework/src/Illuminate/Foundation/Http/Kernel.php(200): Illuminate\\Routing\\Router->dispatch(Object(Illuminate\\Http\\Request))
#47 /home/techtaru/crm.techtaru.in/vendor/laravel/framework/src/Illuminate/Pipeline/Pipeline.php(180): Illuminate\\Foundation\\Http\\Kernel->Illuminate\\Foundation\\Http\\{closure}(Object(Illuminate\\Http\\Request))
#48 /home/techtaru/crm.techtaru.in/vendor/livewire/livewire/src/Features/SupportDisablingBackButtonCache/DisableBackButtonCacheMiddleware.php(19): Illuminate\\Pipeline\\Pipeline->Illuminate\\Pipeline\\{closure}(Object(Illuminate\\Http\\Request))
#49 /home/techtaru/crm.techtaru.in/vendor/laravel/framework/src/Illuminate/Pipeline/Pipeline.php(219): Livewire\\Features\\SupportDisablingBackButtonCache\\DisableBackButtonCacheMiddleware->handle(Object(Illuminate\\Http\\Request), Object(Closure))
#50 /home/techtaru/crm.techtaru.in/vendor/laravel/framework/src/Illuminate/Foundation/Http/Middleware/ConvertEmptyStringsToNull.php(27): Illuminate\\Pipeline\\Pipeline->Illuminate\\Pipeline\\{closure}(Object(Illuminate\\Http\\Request))
#51 /home/techtaru/crm.techtaru.in/vendor/laravel/framework/src/Illuminate/Pipeline/Pipeline.php(219): Illuminate\\Foundation\\Http\\Middleware\\ConvertEmptyStringsToNull->handle(Object(Illuminate\\Http\\Request), Object(Closure))
#52 /home/techtaru/crm.techtaru.in/vendor/laravel/framework/src/Illuminate/Foundation/Http/Middleware/TrimStrings.php(47): Illuminate\\Pipeline\\Pipeline->Illuminate\\Pipeline\\{closure}(Object(Illuminate\\Http\\Request))
#53 /home/techtaru/crm.techtaru.in/vendor/laravel/framework/src/Illuminate/Pipeline/Pipeline.php(219): Illuminate\\Foundation\\Http\\Middleware\\TrimStrings->handle(Object(Illuminate\\Http\\Request), Object(Closure))
#54 /home/techtaru/crm.techtaru.in/vendor/laravel/framework/src/Illuminate/Http/Middleware/ValidatePostSize.php(27): Illuminate\\Pipeline\\Pipeline->Illuminate\\Pipeline\\{closure}(Object(Illuminate\\Http\\Request))
#55 /home/techtaru/crm.techtaru.in/vendor/laravel/framework/src/Illuminate/Pipeline/Pipeline.php(219): Illuminate\\Http\\Middleware\\ValidatePostSize->handle(Object(Illuminate\\Http\\Request), Object(Closure))
#56 /home/techtaru/crm.techtaru.in/vendor/laravel/framework/src/Illuminate/Foundation/Http/Middleware/PreventRequestsDuringMaintenance.php(109): Illuminate\\Pipeline\\Pipeline->Illuminate\\Pipeline\\{closure}(Object(Illuminate\\Http\\Request))
#57 /home/techtaru/crm.techtaru.in/vendor/laravel/framework/src/Illuminate/Pipeline/Pipeline.php(219): Illuminate\\Foundation\\Http\\Middleware\\PreventRequestsDuringMaintenance->handle(Object(Illuminate\\Http\\Request), Object(Closure))
#58 /home/techtaru/crm.techtaru.in/vendor/laravel/framework/src/Illuminate/Http/Middleware/HandleCors.php(61): Illuminate\\Pipeline\\Pipeline->Illuminate\\Pipeline\\{closure}(Object(Illuminate\\Http\\Request))
#59 /home/techtaru/crm.techtaru.in/vendor/laravel/framework/src/Illuminate/Pipeline/Pipeline.php(219): Illuminate\\Http\\Middleware\\HandleCors->handle(Object(Illuminate\\Http\\Request), Object(Closure))
#60 /home/techtaru/crm.techtaru.in/vendor/laravel/framework/src/Illuminate/Http/Middleware/TrustProxies.php(58): Illuminate\\Pipeline\\Pipeline->Illuminate\\Pipeline\\{closure}(Object(Illuminate\\Http\\Request))
#61 /home/techtaru/crm.techtaru.in/vendor/laravel/framework/src/Illuminate/Pipeline/Pipeline.php(219): Illuminate\\Http\\Middleware\\TrustProxies->handle(Object(Illuminate\\Http\\Request), Object(Closure))
#62 /home/techtaru/crm.techtaru.in/vendor/laravel/framework/src/Illuminate/Foundation/Http/Middleware/InvokeDeferredCallbacks.php(22): Illuminate\\Pipeline\\Pipeline->Illuminate\\Pipeline\\{closure}(Object(Illuminate\\Http\\Request))
#63 /home/techtaru/crm.techtaru.in/vendor/laravel/framework/src/Illuminate/Pipeline/Pipeline.php(219): Illuminate\\Foundation\\Http\\Middleware\\InvokeDeferredCallbacks->handle(Object(Illuminate\\Http\\Request), Object(Closure))
#64 /home/techtaru/crm.techtaru.in/vendor/laravel/framework/src/Illuminate/Http/Middleware/ValidatePathEncoding.php(28): Illuminate\\Pipeline\\Pipeline->Illuminate\\Pipeline\\{closure}(Object(Illuminate\\Http\\Request))
#65 /home/techtaru/crm.techtaru.in/vendor/laravel/framework/src/Illuminate/Pipeline/Pipeline.php(219): Illuminate\\Http\\Middleware\\ValidatePathEncoding->handle(Object(Illuminate\\Http\\Request), Object(Closure))
#66 /home/techtaru/crm.techtaru.in/vendor/laravel/framework/src/Illuminate/Pipeline/Pipeline.php(137): Illuminate\\Pipeline\\Pipeline->Illuminate\\Pipeline\\{closure}(Object(Illuminate\\Http\\Request))
#67 /home/techtaru/crm.techtaru.in/vendor/laravel/framework/src/Illuminate/Foundation/Http/Kernel.php(175): Illuminate\\Pipeline\\Pipeline->then(Object(Closure))
#68 /home/techtaru/crm.techtaru.in/vendor/laravel/framework/src/Illuminate/Foundation/Http/Kernel.php(144): Illuminate\\Foundation\\Http\\Kernel->sendRequestThroughRouter(Object(Illuminate\\Http\\Request))
#69 /home/techtaru/crm.techtaru.in/vendor/laravel/framework/src/Illuminate/Foundation/Application.php(1220): Illuminate\\Foundation\\Http\\Kernel->handle(Object(Illuminate\\Http\\Request))
#70 /home/techtaru/crm.techtaru.in/public/index.php(119): Illuminate\\Foundation\\Application->handleRequest(Object(Illuminate\\Http\\Request))
#71 {main}

[previous exception] [object] (Illuminate\\View\\ViewException(code: 0): SQLSTATE[42S22]: Column not found: 1054 Unknown column 'full_name' in 'ORDER BY' (Connection: mysql, Host: 127.0.0.1, Port: 3306, Database: techtaru_crm, SQL: select `leads`.*, (select `created_at` from `lead_activities` where `lead_id` = `leads`.`id` and `type` in (email_received, message_received, call_inbound) and `lead_activities`.`tenant_id` = 5 order by `created_at` desc limit 1) as `_last_inbound_at`, (select `created_at` from `lead_activities` where `lead_id` = `leads`.`id` and `type` in (email_sent, message_sent, call_outbound, note_added) and `lead_activities`.`tenant_id` = 5 order by `created_at` desc limit 1) as `_last_outbound_at` from `leads` where `tenant_id` = 5 and `leads`.`deleted_at` is null and `leads`.`tenant_id` = 5 order by `full_name` asc, `created_at` desc, `leads`.`id` desc limit 10 offset 0) (View: /home/techtaru/crm.techtaru.in/vendor/filament/tables/resources/views/index.blade.php) at /home/techtaru/crm.techtaru.in/vendor/laravel/framework/src/Illuminate/Database/Connection.php:841)
[stacktrace]
#0 /home/techtaru/crm.techtaru.in/vendor/livewire/livewire/src/Mechanisms/ExtendBlade/ExtendedCompilerEngine.php(58): Illuminate\\View\\Engines\\CompilerEngine->handleViewException(Object(Illuminate\\Database\\QueryException), 4)
#1 /home/techtaru/crm.techtaru.in/vendor/livewire/livewire/src/Mechanisms/ExtendBlade/ExtendedCompilerEngine.php(40): Livewire\\Mechanisms\\ExtendBlade\\ExtendedCompilerEngine->handleViewException(Object(Illuminate\\Database\\QueryException), 4)
#2 /home/techtaru/crm.techtaru.in/vendor/laravel/framework/src/Illuminate/View/Engines/CompilerEngine.php(76): Livewire\\Mechanisms\\ExtendBlade\\ExtendedCompilerEngine->evaluatePath('/home/techtaru/...', Array)
#3 /home/techtaru/crm.techtaru.in/vendor/livewire/livewire/src/Mechanisms/ExtendBlade/ExtendedCompilerEngine.php(16): Illuminate\\View\\Engines\\CompilerEngine->get('/home/techtaru/...', Array)
#4 /home/techtaru/crm.techtaru.in/vendor/laravel/framework/src/Illuminate/View/View.php(208): Livewire\\Mechanisms\\ExtendBlade\\ExtendedCompilerEngine->get('/home/techtaru/...', Array)
#5 /home/techtaru/crm.techtaru.in/vendor/laravel/framework/src/Illuminate/View/View.php(191): Illuminate\\View\\View->getContents()
#6 /home/techtaru/crm.techtaru.in/vendor/laravel/framework/src/Illuminate/View/View.php(160): Illuminate\\View\\View->renderContents()
#7 /home/techtaru/crm.techtaru.in/vendor/filament/support/src/Components/ViewComponent.php(125): Illuminate\\View\\View->render()
#8 /home/techtaru/crm.techtaru.in/vendor/filament/schemas/src/Components/Component.php(219): Filament\\Support\\Components\\ViewComponent->toHtml()
#9 /home/techtaru/crm.techtaru.in/vendor/filament/schemas/src/Schema.php(205): Filament\\Schemas\\Components\\Component->toSchemaHtml(true)
#10 /home/techtaru/crm.techtaru.in/vendor/filament/support/src/Components/ViewComponent.php(122): Filament\\Schemas\\Schema->toEmbeddedHtml()
#11 /home/techtaru/crm.techtaru.in/vendor/laravel/framework/src/Illuminate/Support/helpers.php(131): Filament\\Support\\Components\\ViewComponent->toHtml()
#12 /home/techtaru/crm.techtaru.in/storage/framework/views/8727b31ed356042b9f00fb613621bd72.php(11): e(Object(Filament\\Schemas\\Schema))
#13 /home/techtaru/crm.techtaru.in/vendor/livewire/livewire/src/Mechanisms/ExtendBlade/ExtendedCompilerEngine.php(37): include('/home/techtaru/...')
#14 /home/techtaru/crm.techtaru.in/vendor/livewire/livewire/src/Mechanisms/ExtendBlade/ExtendedCompilerEngine.php(38): App\\Filament\\Resources\\LeadResource\\Pages\\ListLeads->Livewire\\Mechanisms\\ExtendBlade\\{closure}()
#15 /home/techtaru/crm.techtaru.in/vendor/laravel/framework/src/Illuminate/View/Engines/CompilerEngine.php(76): Livewire\\Mechanisms\\ExtendBlade\\ExtendedCompilerEngine->evaluatePath('/home/techtaru/...', Array)
#16 /home/techtaru/crm.techtaru.in/vendor/livewire/livewire/src/Mechanisms/ExtendBlade/ExtendedCompilerEngine.php(16): Illuminate\\View\\Engines\\CompilerEngine->get('/home/techtaru/...', Array)
#17 /home/techtaru/crm.techtaru.in/vendor/laravel/framework/src/Illuminate/View/View.php(208): Livewire\\Mechanisms\\ExtendBlade\\ExtendedCompilerEngine->get('/home/techtaru/...', Array)
#18 /home/techtaru/crm.techtaru.in/vendor/laravel/framework/src/Illuminate/View/View.php(191): Illuminate\\View\\View->getContents()
#19 /home/techtaru/crm.techtaru.in/vendor/laravel/framework/src/Illuminate/View/View.php(160): Illuminate\\View\\View->renderContents()
#20 /home/techtaru/crm.techtaru.in/vendor/livewire/livewire/src/Mechanisms/HandleComponents/HandleComponents.php(259): Illuminate\\View\\View->render(Object(Closure))
#21 /home/techtaru/crm.techtaru.in/vendor/livewire/livewire/src/Mechanisms/HandleComponents/HandleComponents.php(303): Livewire\\Mechanisms\\HandleComponents\\HandleComponents->Livewire\\Mechanisms\\HandleComponents\\{closure}()
#22 /home/techtaru/crm.techtaru.in/vendor/livewire/livewire/src/Mechanisms/HandleComponents/HandleComponents.php(251): Livewire\\Mechanisms\\HandleComponents\\HandleComponents->trackInRenderStack(Object(App\\Filament\\Resources\\LeadResource\\Pages\\ListLeads), Object(Closure))
#23 /home/techtaru/crm.techtaru.in/vendor/livewire/livewire/src/Mechanisms/HandleComponents/HandleComponents.php(104): Livewire\\Mechanisms\\HandleComponents\\HandleComponents->render(Object(App\\Filament\\Resources\\LeadResource\\Pages\\ListLeads))
#24 /home/techtaru/crm.techtaru.in/vendor/livewire/livewire/src/LivewireManager.php(102): Livewire\\Mechanisms\\HandleComponents\\HandleComponents->update(Array, Array, Array)
#25 /home/techtaru/crm.techtaru.in/vendor/livewire/livewire/src/Mechanisms/HandleRequests/HandleRequests.php(131): Livewire\\LivewireManager->update(Array, Array, Array)
#26 /home/techtaru/crm.techtaru.in/vendor/laravel/framework/src/Illuminate/Routing/ControllerDispatcher.php(46): Livewire\\Mechanisms\\HandleRequests\\HandleRequests->handleUpdate()
#27 /home/techtaru/crm.techtaru.in/vendor/laravel/framework/src/Illuminate/Routing/Route.php(269): Illuminate\\Routing\\ControllerDispatcher->dispatch(Object(Illuminate\\Routing\\Route), Object(Livewire\\Mechanisms\\HandleRequests\\HandleRequests), 'handleUpdate')
#28 /home/techtaru/crm.techtaru.in/vendor/laravel/framework/src/Illuminate/Routing/Route.php(215): Illuminate\\Routing\\Route->runController()
#29 /home/techtaru/crm.techtaru.in/vendor/laravel/framework/src/Illuminate/Routing/Router.php(822): Illuminate\\Routing\\Route->run()
#30 /home/techtaru/crm.techtaru.in/vendor/laravel/framework/src/Illuminate/Pipeline/Pipeline.php(180): Illuminate\\Routing\\Router->Illuminate\\Routing\\{closure}(Object(Illuminate\\Http\\Request))
#31 /home/techtaru/crm.techtaru.in/app/Http/Middleware/SecurityHeaders.php(39): Illuminate\\Pipeline\\Pipeline->Illuminate\\Pipeline\\{closure}(Object(Illuminate\\Http\\Request))
#32 /home/techtaru/crm.techtaru.in/vendor/laravel/framework/src/Illuminate/Pipeline/Pipeline.php(219): App\\Http\\Middleware\\SecurityHeaders->handle(Object(Illuminate\\Http\\Request), Object(Closure))
#33 /home/techtaru/crm.techtaru.in/app/Http/Middleware/SetLocale.php(108): Illuminate\\Pipeline\\Pipeline->Illuminate\\Pipeline\\{closure}(Object(Illuminate\\Http\\Request))
#34 /home/techtaru/crm.techtaru.in/vendor/laravel/framework/src/Illuminate/Pipeline/Pipeline.php(219): App\\Http\\Middleware\\SetLocale->handle(Object(Illuminate\\Http\\Request), Object(Closure))
#35 /home/techtaru/crm.techtaru.in/app/Http/Middleware/TrackUserSession.php(55): Illuminate\\Pipeline\\Pipeline->Illuminate\\Pipeline\\{closure}(Object(Illuminate\\Http\\Request))
#36 /home/techtaru/crm.techtaru.in/vendor/laravel/framework/src/Illuminate/Pipeline/Pipeline.php(219): App\\Http\\Middleware\\TrackUserSession->handle(Object(Illuminate\\Http\\Request), Object(Closure))
#37 /home/techtaru/crm.techtaru.in/app/Http/Middleware/ResolveTenant.php(45): Illuminate\\Pipeline\\Pipeline->Illuminate\\Pipeline\\{closure}(Object(Illuminate\\Http\\Request))
#38 /home/techtaru/crm.techtaru.in/vendor/laravel/framework/src/Illuminate/Pipeline/Pipeline.php(219): App\\Http\\Middleware\\ResolveTenant->handle(Object(Illuminate\\Http\\Request), Object(Closure))
#39 /home/techtaru/crm.techtaru.in/vendor/laravel/framework/src/Illuminate/Routing/Middleware/SubstituteBindings.php(52): Illuminate\\Pipeline\\Pipeline->Illuminate\\Pipeline\\{closure}(Object(Illuminate\\Http\\Request))
#40 /home/techtaru/crm.techtaru.in/vendor/laravel/framework/src/Illuminate/Pipeline/Pipeline.php(219): Illuminate\\Routing\\Middleware\\SubstituteBindings->handle(Object(Illuminate\\Http\\Request), Object(Closure))
#41 /home/techtaru/crm.techtaru.in/vendor/laravel/framework/src/Illuminate/Foundation/Http/Middleware/PreventRequestForgery.php(104): Illuminate\\Pipeline\\Pipeline->Illuminate\\Pipeline\\{closure}(Object(Illuminate\\Http\\Request))
#42 /home/techtaru/crm.techtaru.in/vendor/laravel/framework/src/Illuminate/Pipeline/Pipeline.php(219): Illuminate\\Foundation\\Http\\Middleware\\PreventRequestForgery->handle(Object(Illuminate\\Http\\Request), Object(Closure))
#43 /home/techtaru/crm.techtaru.in/vendor/laravel/framework/src/Illuminate/View/Middleware/ShareErrorsFromSession.php(48): Illuminate\\Pipeline\\Pipeline->Illuminate\\Pipeline\\{closure}(Object(Illuminate\\Http\\Request))
#44 /home/techtaru/crm.techtaru.in/vendor/laravel/framework/src/Illuminate/Pipeline/Pipeline.php(219): Illuminate\\View\\Middleware\\ShareErrorsFromSession->handle(Object(Illuminate\\Http\\Request), Object(Closure))
#45 /home/techtaru/crm.techtaru.in/vendor/laravel/framework/src/Illuminate/Session/Middleware/StartSession.php(120): Illuminate\\Pipeline\\Pipeline->Illuminate\\Pipeline\\{closure}(Object(Illuminate\\Http\\Request))
#46 /home/techtaru/crm.techtaru.in/vendor/laravel/framework/src/Illuminate/Session/Middleware/StartSession.php(63): Illuminate\\Session\\Middleware\\StartSession->handleStatefulRequest(Object(Illuminate\\Http\\Request), Object(Illuminate\\Session\\Store), Object(Closure))
#47 /home/techtaru/crm.techtaru.in/vendor/laravel/framework/src/Illuminate/Pipeline/Pipeline.php(219): Illuminate\\Session\\Middleware\\StartSession->handle(Object(Illuminate\\Http\\Request), Object(Closure))
#48 /home/techtaru/crm.techtaru.in/vendor/laravel/framework/src/Illuminate/Cookie/Middleware/AddQueuedCookiesToResponse.php(36): Illuminate\\Pipeline\\Pipeline->Illuminate\\Pipeline\\{closure}(Object(Illuminate\\Http\\Request))
#49 /home/techtaru/crm.techtaru.in/vendor/laravel/framework/src/Illuminate/Pipeline/Pipeline.php(219): Illuminate\\Cookie\\Middleware\\AddQueuedCookiesToResponse->handle(Object(Illuminate\\Http\\Request), Object(Closure))
#50 /home/techtaru/crm.techtaru.in/vendor/laravel/framework/src/Illuminate/Cookie/Middleware/EncryptCookies.php(74): Illuminate\\Pipeline\\Pipeline->Illuminate\\Pipeline\\{closure}(Object(Illuminate\\Http\\Request))
#51 /home/techtaru/crm.techtaru.in/vendor/laravel/framework/src/Illuminate/Pipeline/Pipeline.php(219): Illuminate\\Cookie\\Middleware\\EncryptCookies->handle(Object(Illuminate\\Http\\Request), Object(Closure))
#52 /home/techtaru/crm.techtaru.in/vendor/laravel/framework/src/Illuminate/Http/Middleware/TrustProxies.php(58): Illuminate\\Pipeline\\Pipeline->Illuminate\\Pipeline\\{closure}(Object(Illuminate\\Http\\Request))
#53 /home/techtaru/crm.techtaru.in/vendor/laravel/framework/src/Illuminate/Pipeline/Pipeline.php(219): Illuminate\\Http\\Middleware\\TrustProxies->handle(Object(Illuminate\\Http\\Request), Object(Closure))
#54 /home/techtaru/crm.techtaru.in/vendor/laravel/framework/src/Illuminate/Pipeline/Pipeline.php(137): Illuminate\\Pipeline\\Pipeline->Illuminate\\Pipeline\\{closure}(Object(Illuminate\\Http\\Request))
#55 /home/techtaru/crm.techtaru.in/vendor/laravel/framework/src/Illuminate/Routing/Router.php(821): Illuminate\\Pipeline\\Pipeline->then(Object(Closure))
#56 /home/techtaru/crm.techtaru.in/vendor/laravel/framework/src/Illuminate/Routing/Router.php(800): Illuminate\\Routing\\Router->runRouteWithinStack(Object(Illuminate\\Routing\\Route), Object(Illuminate\\Http\\Request))
#57 /home/techtaru/crm.techtaru.in/vendor/laravel/framework/src/Illuminate/Routing/Router.php(764): Illuminate\\Routing\\Router->runRoute(Object(Illuminate\\Http\\Request), Object(Illuminate\\Routing\\Route))
#58 /home/techtaru/crm.techtaru.in/vendor/laravel/framework/src/Illuminate/Routing/Router.php(753): Illuminate\\Routing\\Router->dispatchToRoute(Object(Illuminate\\Http\\Request))
#59 /home/techtaru/crm.techtaru.in/vendor/laravel/framework/src/Illuminate/Foundation/Http/Kernel.php(200): Illuminate\\Routing\\Router->dispatch(Object(Illuminate\\Http\\Request))
#60 /home/techtaru/crm.techtaru.in/vendor/laravel/framework/src/Illuminate/Pipeline/Pipeline.php(180): Illuminate\\Foundation\\Http\\Kernel->Illuminate\\Foundation\\Http\\{closure}(Object(Illuminate\\Http\\Request))
#61 /home/techtaru/crm.techtaru.in/vendor/livewire/livewire/src/Features/SupportDisablingBackButtonCache/DisableBackButtonCacheMiddleware.php(19): Illuminate\\Pipeline\\Pipeline->Illuminate\\Pipeline\\{closure}(Object(Illuminate\\Http\\Request))
#62 /home/techtaru/crm.techtaru.in/vendor/laravel/framework/src/Illuminate/Pipeline/Pipeline.php(219): Livewire\\Features\\SupportDisablingBackButtonCache\\DisableBackButtonCacheMiddleware->handle(Object(Illuminate\\Http\\Request), Object(Closure))
#63 /home/techtaru/crm.techtaru.in/vendor/laravel/framework/src/Illuminate/Foundation/Http/Middleware/ConvertEmptyStringsToNull.php(27): Illuminate\\Pipeline\\Pipeline->Illuminate\\Pipeline\\{closure}(Object(Illuminate\\Http\\Request))
#64 /home/techtaru/crm.techtaru.in/vendor/laravel/framework/src/Illuminate/Pipeline/Pipeline.php(219): Illuminate\\Foundation\\Http\\Middleware\\ConvertEmptyStringsToNull->handle(Object(Illuminate\\Http\\Request), Object(Closure))
#65 /home/techtaru/crm.techtaru.in/vendor/laravel/framework/src/Illuminate/Foundation/Http/Middleware/TrimStrings.php(47): Illuminate\\Pipeline\\Pipeline->Illuminate\\Pipeline\\{closure}(Object(Illuminate\\Http\\Request))
#66 /home/techtaru/crm.techtaru.in/vendor/laravel/framework/src/Illuminate/Pipeline/Pipeline.php(219): Illuminate\\Foundation\\Http\\Middleware\\TrimStrings->handle(Object(Illuminate\\Http\\Request), Object(Closure))
#67 /home/techtaru/crm.techtaru.in/vendor/laravel/framework/src/Illuminate/Http/Middleware/ValidatePostSize.php(27): Illuminate\\Pipeline\\Pipeline->Illuminate\\Pipeline\\{closure}(Object(Illuminate\\Http\\Request))
#68 /home/techtaru/crm.techtaru.in/vendor/laravel/framework/src/Illuminate/Pipeline/Pipeline.php(219): Illuminate\\Http\\Middleware\\ValidatePostSize->handle(Object(Illuminate\\Http\\Request), Object(Closure))
#69 /home/techtaru/crm.techtaru.in/vendor/laravel/framework/src/Illuminate/Foundation/Http/Middleware/PreventRequestsDuringMaintenance.php(109): Illuminate\\Pipeline\\Pipeline->Illuminate\\Pipeline\\{closure}(Object(Illuminate\\Http\\Request))
#70 /home/techtaru/crm.techtaru.in/vendor/laravel/framework/src/Illuminate/Pipeline/Pipeline.php(219): Illuminate\\Foundation\\Http\\Middleware\\PreventRequestsDuringMaintenance->handle(Object(Illuminate\\Http\\Request), Object(Closure))
#71 /home/techtaru/crm.techtaru.in/vendor/laravel/framework/src/Illuminate/Http/Middleware/HandleCors.php(61): Illuminate\\Pipeline\\Pipeline->Illuminate\\Pipeline\\{closure}(Object(Illuminate\\Http\\Request))
#72 /home/techtaru/crm.techtaru.in/vendor/laravel/framework/src/Illuminate/Pipeline/Pipeline.php(219): Illuminate\\Http\\Middleware\\HandleCors->handle(Object(Illuminate\\Http\\Request), Object(Closure))
#73 /home/techtaru/crm.techtaru.in/vendor/laravel/framework/src/Illuminate/Http/Middleware/TrustProxies.php(58): Illuminate\\Pipeline\\Pipeline->Illuminate\\Pipeline\\{closure}(Object(Illuminate\\Http\\Request))
#74 /home/techtaru/crm.techtaru.in/vendor/laravel/framework/src/Illuminate/Pipeline/Pipeline.php(219): Illuminate\\Http\\Middleware\\TrustProxies->handle(Object(Illuminate\\Http\\Request), Object(Closure))
#75 /home/techtaru/crm.techtaru.in/vendor/laravel/framework/src/Illuminate/Foundation/Http/Middleware/InvokeDeferredCallbacks.php(22): Illuminate\\Pipeline\\Pipeline->Illuminate\\Pipeline\\{closure}(Object(Illuminate\\Http\\Request))
#76 /home/techtaru/crm.techtaru.in/vendor/laravel/framework/src/Illuminate/Pipeline/Pipeline.php(219): Illuminate\\Foundation\\Http\\Middleware\\InvokeDeferredCallbacks->handle(Object(Illuminate\\Http\\Request), Object(Closure))
#77 /home/techtaru/crm.techtaru.in/vendor/laravel/framework/src/Illuminate/Http/Middleware/ValidatePathEncoding.php(28): Illuminate\\Pipeline\\Pipeline->Illuminate\\Pipeline\\{closure}(Object(Illuminate\\Http\\Request))
#78 /home/techtaru/crm.techtaru.in/vendor/laravel/framework/src/Illuminate/Pipeline/Pipeline.php(219): Illuminate\\Http\\Middleware\\ValidatePathEncoding->handle(Object(Illuminate\\Http\\Request), Object(Closure))
#79 /home/techtaru/crm.techtaru.in/vendor/laravel/framework/src/Illuminate/Pipeline/Pipeline.php(137): Illuminate\\Pipeline\\Pipeline->Illuminate\\Pipeline\\{closure}(Object(Illuminate\\Http\\Request))
#80 /home/techtaru/crm.techtaru.in/vendor/laravel/framework/src/Illuminate/Foundation/Http/Kernel.php(175): Illuminate\\Pipeline\\Pipeline->then(Object(Closure))
#81 /home/techtaru/crm.techtaru.in/vendor/laravel/framework/src/Illuminate/Foundation/Http/Kernel.php(144): Illuminate\\Foundation\\Http\\Kernel->sendRequestThroughRouter(Object(Illuminate\\Http\\Request))
#82 /home/techtaru/crm.techtaru.in/vendor/laravel/framework/src/Illuminate/Foundation/Application.php(1220): Illuminate\\Foundation\\Http\\Kernel->handle(Object(Illuminate\\Http\\Request))
#83 /home/techtaru/crm.techtaru.in/public/index.php(119): Illuminate\\Foundation\\Application->handleRequest(Object(Illuminate\\Http\\Request))
#84 {main}

[previous exception] [object] (Illuminate\\Database\\QueryException(code: 42S22): SQLSTATE[42S22]: Column not found: 1054 Unknown column 'full_name' in 'ORDER BY' (Connection: mysql, Host: 127.0.0.1, Port: 3306, Database: techtaru_crm, SQL: select `leads`.*, (select `created_at` from `lead_activities` where `lead_id` = `leads`.`id` and `type` in (email_received, message_received, call_inbound) and `lead_activities`.`tenant_id` = 5 order by `created_at` desc limit 1) as `_last_inbound_at`, (select `created_at` from `lead_activities` where `lead_id` = `leads`.`id` and `type` in (email_sent, message_sent, call_outbound, note_added) and `lead_activities`.`tenant_id` = 5 order by `created_at` desc limit 1) as `_last_outbound_at` from `leads` where `tenant_id` = 5 and `leads`.`deleted_at` is null and `leads`.`tenant_id` = 5 order by `full_name` asc, `created_at` desc, `leads`.`id` desc limit 10 offset 0) at /home/techtaru/crm.techtaru.in/vendor/laravel/framework/src/Illuminate/Database/Connection.php:841)
[stacktrace]
#0 /home/techtaru/crm.techtaru.in/vendor/laravel/framework/src/Illuminate/Database/Connection.php(797): Illuminate\\Database\\Connection->runQueryCallback('select `leads`....', Array, Object(Closure))
#1 /home/techtaru/crm.techtaru.in/vendor/laravel/framework/src/Illuminate/Database/Connection.php(412): Illuminate\\Database\\Connection->run('select `leads`....', Array, Object(Closure))
#2 /home/techtaru/crm.techtaru.in/vendor/laravel/framework/src/Illuminate/Database/Query/Builder.php(3562): Illuminate\\Database\\Connection->select('select `leads`....', Array, true, Array)
#3 /home/techtaru/crm.techtaru.in/vendor/laravel/framework/src/Illuminate/Database/Query/Builder.php(3546): Illuminate\\Database\\Query\\Builder->runSelect()
#4 /home/techtaru/crm.techtaru.in/vendor/laravel/framework/src/Illuminate/Database/Eloquent/Builder.php(907): Illuminate\\Database\\Query\\Builder->get(Array)
#5 /home/techtaru/crm.techtaru.in/vendor/laravel/framework/src/Illuminate/Database/Eloquent/Builder.php(889): Illuminate\\Database\\Eloquent\\Builder->getModels(Array)
#6 /home/techtaru/crm.techtaru.in/vendor/laravel/framework/src/Illuminate/Database/Eloquent/Builder.php(1130): Illuminate\\Database\\Eloquent\\Builder->get(Array)
#7 /home/techtaru/crm.techtaru.in/vendor/filament/tables/src/Concerns/CanPaginateRecords.php(52): Illuminate\\Database\\Eloquent\\Builder->paginate(10, Array, 'page', 1, 50)
#8 /home/techtaru/crm.techtaru.in/vendor/filament/tables/src/Concerns/HasRecords.php(178): Filament\\Resources\\Pages\\ListRecords->paginateTableQuery(Object(Illuminate\\Database\\Eloquent\\Builder))
#9 /home/techtaru/crm.techtaru.in/vendor/filament/tables/src/Table/Concerns/HasRecords.php(84): Filament\\Resources\\Pages\\ListRecords->getTableRecords()
#10 /home/techtaru/crm.techtaru.in/storage/framework/views/6f9169a335e406548959b88b987f1d19.php(127): Filament\\Tables\\Table->getRecords()
#11 /home/techtaru/crm.techtaru.in/vendor/livewire/livewire/src/Mechanisms/ExtendBlade/ExtendedCompilerEngine.php(37): include('/home/techtaru/...')
#12 /home/techtaru/crm.techtaru.in/vendor/livewire/livewire/src/Mechanisms/ExtendBlade/ExtendedCompilerEngine.php(38): App\\Filament\\Resources\\LeadResource\\Pages\\ListLeads->Livewire\\Mechanisms\\ExtendBlade\\{closure}()
#13 /home/techtaru/crm.techtaru.in/vendor/laravel/framework/src/Illuminate/View/Engines/CompilerEngine.php(76): Livewire\\Mechanisms\\ExtendBlade\\ExtendedCompilerEngine->evaluatePath('/home/techtaru/...', Array)
#14 /home/techtaru/crm.techtaru.in/vendor/livewire/livewire/src/Mechanisms/ExtendBlade/ExtendedCompilerEngine.php(16): Illuminate\\View\\Engines\\CompilerEngine->get('/home/techtaru/...', Array)
#15 /home/techtaru/crm.techtaru.in/vendor/laravel/framework/src/Illuminate/View/View.php(208): Livewire\\Mechanisms\\ExtendBlade\\ExtendedCompilerEngine->get('/home/techtaru/...', Array)
#16 /home/techtaru/crm.techtaru.in/vendor/laravel/framework/src/Illuminate/View/View.php(191): Illuminate\\View\\View->getContents()
#17 /home/techtaru/crm.techtaru.in/vendor/laravel/framework/src/Illuminate/View/View.php(160): Illuminate\\View\\View->renderContents()
#18 /home/techtaru/crm.techtaru.in/vendor/filament/support/src/Components/ViewComponent.php(125): Illuminate\\View\\View->render()
#19 /home/techtaru/crm.techtaru.in/vendor/filament/schemas/src/Components/Component.php(219): Filament\\Support\\Components\\ViewComponent->toHtml()
#20 /home/techtaru/crm.techtaru.in/vendor/filament/schemas/src/Schema.php(205): Filament\\Schemas\\Components\\Component->toSchemaHtml(true)
#21 /home/techtaru/crm.techtaru.in/vendor/filament/support/src/Components/ViewComponent.php(122): Filament\\Schemas\\Schema->toEmbeddedHtml()
#22 /home/techtaru/crm.techtaru.in/vendor/laravel/framework/src/Illuminate/Support/helpers.php(131): Filament\\Support\\Components\\ViewComponent->toHtml()
#23 /home/techtaru/crm.techtaru.in/storage/framework/views/8727b31ed356042b9f00fb613621bd72.php(11): e(Object(Filament\\Schemas\\Schema))
#24 /home/techtaru/crm.techtaru.in/vendor/livewire/livewire/src/Mechanisms/ExtendBlade/ExtendedCompilerEngine.php(37): include('/home/techtaru/...')
#25 /home/techtaru/crm.techtaru.in/vendor/livewire/livewire/src/Mechanisms/ExtendBlade/ExtendedCompilerEngine.php(38): App\\Filament\\Resources\\LeadResource\\Pages\\ListLeads->Livewire\\Mechanisms\\ExtendBlade\\{closure}()
#26 /home/techtaru/crm.techtaru.in/vendor/laravel/framework/src/Illuminate/View/Engines/CompilerEngine.php(76): Livewire\\Mechanisms\\ExtendBlade\\ExtendedCompilerEngine->evaluatePath('/home/techtaru/...', Array)
#27 /home/techtaru/crm.techtaru.in/vendor/livewire/livewire/src/Mechanisms/ExtendBlade/ExtendedCompilerEngine.php(16): Illuminate\\View\\Engines\\CompilerEngine->get('/home/techtaru/...', Array)
#28 /home/techtaru/crm.techtaru.in/vendor/laravel/framework/src/Illuminate/View/View.php(208): Livewire\\Mechanisms\\ExtendBlade\\ExtendedCompilerEngine->get('/home/techtaru/...', Array)
#29 /home/techtaru/crm.techtaru.in/vendor/laravel/framework/src/Illuminate/View/View.php(191): Illuminate\\View\\View->getContents()
#30 /home/techtaru/crm.techtaru.in/vendor/laravel/framework/src/Illuminate/View/View.php(160): Illuminate\\View\\View->renderContents()
#31 /home/techtaru/crm.techtaru.in/vendor/livewire/livewire/src/Mechanisms/HandleComponents/HandleComponents.php(259): Illuminate\\View\\View->render(Object(Closure))
#32 /home/techtaru/crm.techtaru.in/vendor/livewire/livewire/src/Mechanisms/HandleComponents/HandleComponents.php(303): Livewire\\Mechanisms\\HandleComponents\\HandleComponents->Livewire\\Mechanisms\\HandleComponents\\{closure}()
#33 /home/techtaru/crm.techtaru.in/vendor/livewire/livewire/src/Mechanisms/HandleComponents/HandleComponents.php(251): Livewire\\Mechanisms\\HandleComponents\\HandleComponents->trackInRenderStack(Object(App\\Filament\\Resources\\LeadResource\\Pages\\ListLeads), Object(Closure))
#34 /home/techtaru/crm.techtaru.in/vendor/livewire/livewire/src/Mechanisms/HandleComponents/HandleComponents.php(104): Livewire\\Mechanisms\\HandleComponents\\HandleComponents->render(Object(App\\Filament\\Resources\\LeadResource\\Pages\\ListLeads))
#35 /home/techtaru/crm.techtaru.in/vendor/livewire/livewire/src/LivewireManager.php(102): Livewire\\Mechanisms\\HandleComponents\\HandleComponents->update(Array, Array, Array)
#36 /home/techtaru/crm.techtaru.in/vendor/livewire/livewire/src/Mechanisms/HandleRequests/HandleRequests.php(131): Livewire\\LivewireManager->update(Array, Array, Array)
#37 /home/techtaru/crm.techtaru.in/vendor/laravel/framework/src/Illuminate/Routing/ControllerDispatcher.php(46): Livewire\\Mechanisms\\HandleRequests\\HandleRequests->handleUpdate()
#38 /home/techtaru/crm.techtaru.in/vendor/laravel/framework/src/Illuminate/Routing/Route.php(269): Illuminate\\Routing\\ControllerDispatcher->dispatch(Object(Illuminate\\Routing\\Route), Object(Livewire\\Mechanisms\\HandleRequests\\HandleRequests), 'handleUpdate')
#39 /home/techtaru/crm.techtaru.in/vendor/laravel/framework/src/Illuminate/Routing/Route.php(215): Illuminate\\Routing\\Route->runController()
#40 /home/techtaru/crm.techtaru.in/vendor/laravel/framework/src/Illuminate/Routing/Router.php(822): Illuminate\\Routing\\Route->run()
#41 /home/techtaru/crm.techtaru.in/vendor/laravel/framework/src/Illuminate/Pipeline/Pipeline.php(180): Illuminate\\Routing\\Router->Illuminate\\Routing\\{closure}(Object(Illuminate\\Http\\Request))
#42 /home/techtaru/crm.techtaru.in/app/Http/Middleware/SecurityHeaders.php(39): Illuminate\\Pipeline\\Pipeline->Illuminate\\Pipeline\\{closure}(Object(Illuminate\\Http\\Request))
#43 /home/techtaru/crm.techtaru.in/vendor/laravel/framework/src/Illuminate/Pipeline/Pipeline.php(219): App\\Http\\Middleware\\SecurityHeaders->handle(Object(Illuminate\\Http\\Request), Object(Closure))
#44 /home/techtaru/crm.techtaru.in/app/Http/Middleware/SetLocale.php(108): Illuminate\\Pipeline\\Pipeline->Illuminate\\Pipeline\\{closure}(Object(Illuminate\\Http\\Request))
#45 /home/techtaru/crm.techtaru.in/vendor/laravel/framework/src/Illuminate/Pipeline/Pipeline.php(219): App\\Http\\Middleware\\SetLocale->handle(Object(Illuminate\\Http\\Request), Object(Closure))
#46 /home/techtaru/crm.techtaru.in/app/Http/Middleware/TrackUserSession.php(55): Illuminate\\Pipeline\\Pipeline->Illuminate\\Pipeline\\{closure}(Object(Illuminate\\Http\\Request))
#47 /home/techtaru/crm.techtaru.in/vendor/laravel/framework/src/Illuminate/Pipeline/Pipeline.php(219): App\\Http\\Middleware\\TrackUserSession->handle(Object(Illuminate\\Http\\Request), Object(Closure))
#48 /home/techtaru/crm.techtaru.in/app/Http/Middleware/ResolveTenant.php(45): Illuminate\\Pipeline\\Pipeline->Illuminate\\Pipeline\\{closure}(Object(Illuminate\\Http\\Request))
#49 /home/techtaru/crm.techtaru.in/vendor/laravel/framework/src/Illuminate/Pipeline/Pipeline.php(219): App\\Http\\Middleware\\ResolveTenant->handle(Object(Illuminate\\Http\\Request), Object(Closure))
#50 /home/techtaru/crm.techtaru.in/vendor/laravel/framework/src/Illuminate/Routing/Middleware/SubstituteBindings.php(52): Illuminate\\Pipeline\\Pipeline->Illuminate\\Pipeline\\{closure}(Object(Illuminate\\Http\\Request))
#51 /home/techtaru/crm.techtaru.in/vendor/laravel/framework/src/Illuminate/Pipeline/Pipeline.php(219): Illuminate\\Routing\\Middleware\\SubstituteBindings->handle(Object(Illuminate\\Http\\Request), Object(Closure))
#52 /home/techtaru/crm.techtaru.in/vendor/laravel/framework/src/Illuminate/Foundation/Http/Middleware/PreventRequestForgery.php(104): Illuminate\\Pipeline\\Pipeline->Illuminate\\Pipeline\\{closure}(Object(Illuminate\\Http\\Request))
#53 /home/techtaru/crm.techtaru.in/vendor/laravel/framework/src/Illuminate/Pipeline/Pipeline.php(219): Illuminate\\Foundation\\Http\\Middleware\\PreventRequestForgery->handle(Object(Illuminate\\Http\\Request), Object(Closure))
#54 /home/techtaru/crm.techtaru.in/vendor/laravel/framework/src/Illuminate/View/Middleware/ShareErrorsFromSession.php(48): Illuminate\\Pipeline\\Pipeline->Illuminate\\Pipeline\\{closure}(Object(Illuminate\\Http\\Request))
#55 /home/techtaru/crm.techtaru.in/vendor/laravel/framework/src/Illuminate/Pipeline/Pipeline.php(219): Illuminate\\View\\Middleware\\ShareErrorsFromSession->handle(Object(Illuminate\\Http\\Request), Object(Closure))
#56 /home/techtaru/crm.techtaru.in/vendor/laravel/framework/src/Illuminate/Session/Middleware/StartSession.php(120): Illuminate\\Pipeline\\Pipeline->Illuminate\\Pipeline\\{closure}(Object(Illuminate\\Http\\Request))
#57 /home/techtaru/crm.techtaru.in/vendor/laravel/framework/src/Illuminate/Session/Middleware/StartSession.php(63): Illuminate\\Session\\Middleware\\StartSession->handleStatefulRequest(Object(Illuminate\\Http\\Request), Object(Illuminate\\Session\\Store), Object(Closure))
#58 /home/techtaru/crm.techtaru.in/vendor/laravel/framework/src/Illuminate/Pipeline/Pipeline.php(219): Illuminate\\Session\\Middleware\\StartSession->handle(Object(Illuminate\\Http\\Request), Object(Closure))
#59 /home/techtaru/crm.techtaru.in/vendor/laravel/framework/src/Illuminate/Cookie/Middleware/AddQueuedCookiesToResponse.php(36): Illuminate\\Pipeline\\Pipeline->Illuminate\\Pipeline\\{closure}(Object(Illuminate\\Http\\Request))
#60 /home/techtaru/crm.techtaru.in/vendor/laravel/framework/src/Illuminate/Pipeline/Pipeline.php(219): Illuminate\\Cookie\\Middleware\\AddQueuedCookiesToResponse->handle(Object(Illuminate\\Http\\Request), Object(Closure))
#61 /home/techtaru/crm.techtaru.in/vendor/laravel/framework/src/Illuminate/Cookie/Middleware/EncryptCookies.php(74): Illuminate\\Pipeline\\Pipeline->Illuminate\\Pipeline\\{closure}(Object(Illuminate\\Http\\Request))
#62 /home/techtaru/crm.techtaru.in/vendor/laravel/framework/src/Illuminate/Pipeline/Pipeline.php(219): Illuminate\\Cookie\\Middleware\\EncryptCookies->handle(Object(Illuminate\\Http\\Request), Object(Closure))
#63 /home/techtaru/crm.techtaru.in/vendor/laravel/framework/src/Illuminate/Http/Middleware/TrustProxies.php(58): Illuminate\\Pipeline\\Pipeline->Illuminate\\Pipeline\\{closure}(Object(Illuminate\\Http\\Request))
#64 /home/techtaru/crm.techtaru.in/vendor/laravel/framework/src/Illuminate/Pipeline/Pipeline.php(219): Illuminate\\Http\\Middleware\\TrustProxies->handle(Object(Illuminate\\Http\\Request), Object(Closure))
#65 /home/techtaru/crm.techtaru.in/vendor/laravel/framework/src/Illuminate/Pipeline/Pipeline.php(137): Illuminate\\Pipeline\\Pipeline->Illuminate\\Pipeline\\{closure}(Object(Illuminate\\Http\\Request))
#66 /home/techtaru/crm.techtaru.in/vendor/laravel/framework/src/Illuminate/Routing/Router.php(821): Illuminate\\Pipeline\\Pipeline->then(Object(Closure))
#67 /home/techtaru/crm.techtaru.in/vendor/laravel/framework/src/Illuminate/Routing/Router.php(800): Illuminate\\Routing\\Router->runRouteWithinStack(Object(Illuminate\\Routing\\Route), Object(Illuminate\\Http\\Request))
#68 /home/techtaru/crm.techtaru.in/vendor/laravel/framework/src/Illuminate/Routing/Router.php(764): Illuminate\\Routing\\Router->runRoute(Object(Illuminate\\Http\\Request), Object(Illuminate\\Routing\\Route))
#69 /home/techtaru/crm.techtaru.in/vendor/laravel/framework/src/Illuminate/Routing/Router.php(753): Illuminate\\Routing\\Router->dispatchToRoute(Object(Illuminate\\Http\\Request))
#70 /home/techtaru/crm.techtaru.in/vendor/laravel/framework/src/Illuminate/Foundation/Http/Kernel.php(200): Illuminate\\Routing\\Router->dispatch(Object(Illuminate\\Http\\Request))
#71 /home/techtaru/crm.techtaru.in/vendor/laravel/framework/src/Illuminate/Pipeline/Pipeline.php(180): Illuminate\\Foundation\\Http\\Kernel->Illuminate\\Foundation\\Http\\{closure}(Object(Illuminate\\Http\\Request))
#72 /home/techtaru/crm.techtaru.in/vendor/livewire/livewire/src/Features/SupportDisablingBackButtonCache/DisableBackButtonCacheMiddleware.php(19): Illuminate\\Pipeline\\Pipeline->Illuminate\\Pipeline\\{closure}(Object(Illuminate\\Http\\Request))
#73 /home/techtaru/crm.techtaru.in/vendor/laravel/framework/src/Illuminate/Pipeline/Pipeline.php(219): Livewire\\Features\\SupportDisablingBackButtonCache\\DisableBackButtonCacheMiddleware->handle(Object(Illuminate\\Http\\Request), Object(Closure))
#74 /home/techtaru/crm.techtaru.in/vendor/laravel/framework/src/Illuminate/Foundation/Http/Middleware/ConvertEmptyStringsToNull.php(27): Illuminate\\Pipeline\\Pipeline->Illuminate\\Pipeline\\{closure}(Object(Illuminate\\Http\\Request))
#75 /home/techtaru/crm.techtaru.in/vendor/laravel/framework/src/Illuminate/Pipeline/Pipeline.php(219): Illuminate\\Foundation\\Http\\Middleware\\ConvertEmptyStringsToNull->handle(Object(Illuminate\\Http\\Request), Object(Closure))
#76 /home/techtaru/crm.techtaru.in/vendor/laravel/framework/src/Illuminate/Foundation/Http/Middleware/TrimStrings.php(47): Illuminate\\Pipeline\\Pipeline->Illuminate\\Pipeline\\{closure}(Object(Illuminate\\Http\\Request))
#77 /home/techtaru/crm.techtaru.in/vendor/laravel/framework/src/Illuminate/Pipeline/Pipeline.php(219): Illuminate\\Foundation\\Http\\Middleware\\TrimStrings->handle(Object(Illuminate\\Http\\Request), Object(Closure))
#78 /home/techtaru/crm.techtaru.in/vendor/laravel/framework/src/Illuminate/Http/Middleware/ValidatePostSize.php(27): Illuminate\\Pipeline\\Pipeline->Illuminate\\Pipeline\\{closure}(Object(Illuminate\\Http\\Request))
#79 /home/techtaru/crm.techtaru.in/vendor/laravel/framework/src/Illuminate/Pipeline/Pipeline.php(219): Illuminate\\Http\\Middleware\\ValidatePostSize->handle(Object(Illuminate\\Http\\Request), Object(Closure))
#80 /home/techtaru/crm.techtaru.in/vendor/laravel/framework/src/Illuminate/Foundation/Http/Middleware/PreventRequestsDuringMaintenance.php(109): Illuminate\\Pipeline\\Pipeline->Illuminate\\Pipeline\\{closure}(Object(Illuminate\\Http\\Request))
#81 /home/techtaru/crm.techtaru.in/vendor/laravel/framework/src/Illuminate/Pipeline/Pipeline.php(219): Illuminate\\Foundation\\Http\\Middleware\\PreventRequestsDuringMaintenance->handle(Object(Illuminate\\Http\\Request), Object(Closure))
#82 /home/techtaru/crm.techtaru.in/vendor/laravel/framework/src/Illuminate/Http/Middleware/HandleCors.php(61): Illuminate\\Pipeline\\Pipeline->Illuminate\\Pipeline\\{closure}(Object(Illuminate\\Http\\Request))
#83 /home/techtaru/crm.techtaru.in/vendor/laravel/framework/src/Illuminate/Pipeline/Pipeline.php(219): Illuminate\\Http\\Middleware\\HandleCors->handle(Object(Illuminate\\Http\\Request), Object(Closure))
#84 /home/techtaru/crm.techtaru.in/vendor/laravel/framework/src/Illuminate/Http/Middleware/TrustProxies.php(58): Illuminate\\Pipeline\\Pipeline->Illuminate\\Pipeline\\{closure}(Object(Illuminate\\Http\\Request))
#85 /home/techtaru/crm.techtaru.in/vendor/laravel/framework/src/Illuminate/Pipeline/Pipeline.php(219): Illuminate\\Http\\Middleware\\TrustProxies->handle(Object(Illuminate\\Http\\Request), Object(Closure))
#86 /home/techtaru/crm.techtaru.in/vendor/laravel/framework/src/Illuminate/Foundation/Http/Middleware/InvokeDeferredCallbacks.php(22): Illuminate\\Pipeline\\Pipeline->Illuminate\\Pipeline\\{closure}(Object(Illuminate\\Http\\Request))
#87 /home/techtaru/crm.techtaru.in/vendor/laravel/framework/src/Illuminate/Pipeline/Pipeline.php(219): Illuminate\\Foundation\\Http\\Middleware\\InvokeDeferredCallbacks->handle(Object(Illuminate\\Http\\Request), Object(Closure))
#88 /home/techtaru/crm.techtaru.in/vendor/laravel/framework/src/Illuminate/Http/Middleware/ValidatePathEncoding.php(28): Illuminate\\Pipeline\\Pipeline->Illuminate\\Pipeline\\{closure}(Object(Illuminate\\Http\\Request))
#89 /home/techtaru/crm.techtaru.in/vendor/laravel/framework/src/Illuminate/Pipeline/Pipeline.php(219): Illuminate\\Http\\Middleware\\ValidatePathEncoding->handle(Object(Illuminate\\Http\\Request), Object(Closure))
#90 /home/techtaru/crm.techtaru.in/vendor/laravel/framework/src/Illuminate/Pipeline/Pipeline.php(137): Illuminate\\Pipeline\\Pipeline->Illuminate\\Pipeline\\{closure}(Object(Illuminate\\Http\\Request))
#91 /home/techtaru/crm.techtaru.in/vendor/laravel/framework/src/Illuminate/Foundation/Http/Kernel.php(175): Illuminate\\Pipeline\\Pipeline->then(Object(Closure))
#92 /home/techtaru/crm.techtaru.in/vendor/laravel/framework/src/Illuminate/Foundation/Http/Kernel.php(144): Illuminate\\Foundation\\Http\\Kernel->sendRequestThroughRouter(Object(Illuminate\\Http\\Request))
#93 /home/techtaru/crm.techtaru.in/vendor/laravel/framework/src/Illuminate/Foundation/Application.php(1220): Illuminate\\Foundation\\Http\\Kernel->handle(Object(Illuminate\\Http\\Request))
#94 /home/techtaru/crm.techtaru.in/public/index.php(119): Illuminate\\Foundation\\Application->handleRequest(Object(Illuminate\\Http\\Request))
#95 {main}

[previous exception] [object] (PDOException(code: 42S22): SQLSTATE[42S22]: Column not found: 1054 Unknown column 'full_name' in 'ORDER BY' at /home/techtaru/crm.techtaru.in/vendor/laravel/framework/src/Illuminate/Database/Connection.php:421)
[stacktrace]
#0 /home/techtaru/crm.techtaru.in/vendor/laravel/framework/src/Illuminate/Database/Connection.php(421): PDO->prepare('select `leads`....')
#1 /home/techtaru/crm.techtaru.in/vendor/laravel/framework/src/Illuminate/Database/Connection.php(830): Illuminate\\Database\\Connection->Illuminate\\Database\\{closure}('select `leads`....', Array)
#2 /home/techtaru/crm.techtaru.in/vendor/laravel/framework/src/Illuminate/Database/Connection.php(797): Illuminate\\Database\\Connection->runQueryCallback('select `leads`....', Array, Object(Closure))
#3 /home/techtaru/crm.techtaru.in/vendor/laravel/framework/src/Illuminate/Database/Connection.php(412): Illuminate\\Database\\Connection->run('select `leads`....', Array, Object(Closure))
#4 /home/techtaru/crm.techtaru.in/vendor/laravel/framework/src/Illuminate/Database/Query/Builder.php(3562): Illuminate\\Database\\Connection->select('select `leads`....', Array, true, Array)
#5 /home/techtaru/crm.techtaru.in/vendor/laravel/framework/src/Illuminate/Database/Query/Builder.php(3546): Illuminate\\Database\\Query\\Builder->runSelect()
#6 /home/techtaru/crm.techtaru.in/vendor/laravel/framework/src/Illuminate/Database/Eloquent/Builder.php(907): Illuminate\\Database\\Query\\Builder->get(Array)
#7 /home/techtaru/crm.techtaru.in/vendor/laravel/framework/src/Illuminate/Database/Eloquent/Builder.php(889): Illuminate\\Database\\Eloquent\\Builder->getModels(Array)
#8 /home/techtaru/crm.techtaru.in/vendor/laravel/framework/src/Illuminate/Database/Eloquent/Builder.php(1130): Illuminate\\Database\\Eloquent\\Builder->get(Array)
#9 /home/techtaru/crm.techtaru.in/vendor/filament/tables/src/Concerns/CanPaginateRecords.php(52): Illuminate\\Database\\Eloquent\\Builder->paginate(10, Array, 'page', 1, 50)
#10 /home/techtaru/crm.techtaru.in/vendor/filament/tables/src/Concerns/HasRecords.php(178): Filament\\Resources\\Pages\\ListRecords->paginateTableQuery(Object(Illuminate\\Database\\Eloquent\\Builder))
#11 /home/techtaru/crm.techtaru.in/vendor/filament/tables/src/Table/Concerns/HasRecords.php(84): Filament\\Resources\\Pages\\ListRecords->getTableRecords()
#12 /home/techtaru/crm.techtaru.in/storage/framework/views/6f9169a335e406548959b88b987f1d19.php(127): Filament\\Tables\\Table->getRecords()
#13 /home/techtaru/crm.techtaru.in/vendor/livewire/livewire/src/Mechanisms/ExtendBlade/ExtendedCompilerEngine.php(37): include('/home/techtaru/...')
#14 /home/techtaru/crm.techtaru.in/vendor/livewire/livewire/src/Mechanisms/ExtendBlade/ExtendedCompilerEngine.php(38): App\\Filament\\Resources\\LeadResource\\Pages\\ListLeads->Livewire\\Mechanisms\\ExtendBlade\\{closure}()
#15 /home/techtaru/crm.techtaru.in/vendor/laravel/framework/src/Illuminate/View/Engines/CompilerEngine.php(76): Livewire\\Mechanisms\\ExtendBlade\\ExtendedCompilerEngine->evaluatePath('/home/techtaru/...', Array)
#16 /home/techtaru/crm.techtaru.in/vendor/livewire/livewire/src/Mechanisms/ExtendBlade/ExtendedCompilerEngine.php(16): Illuminate\\View\\Engines\\CompilerEngine->get('/home/techtaru/...', Array)
#17 /home/techtaru/crm.techtaru.in/vendor/laravel/framework/src/Illuminate/View/View.php(208): Livewire\\Mechanisms\\ExtendBlade\\ExtendedCompilerEngine->get('/home/techtaru/...', Array)
#18 /home/techtaru/crm.techtaru.in/vendor/laravel/framework/src/Illuminate/View/View.php(191): Illuminate\\View\\View->getContents()
#19 /home/techtaru/crm.techtaru.in/vendor/laravel/framework/src/Illuminate/View/View.php(160): Illuminate\\View\\View->renderContents()
#20 /home/techtaru/crm.techtaru.in/vendor/filament/support/src/Components/ViewComponent.php(125): Illuminate\\View\\View->render()
#21 /home/techtaru/crm.techtaru.in/vendor/filament/schemas/src/Components/Component.php(219): Filament\\Support\\Components\\ViewComponent->toHtml()
#22 /home/techtaru/crm.techtaru.in/vendor/filament/schemas/src/Schema.php(205): Filament\\Schemas\\Components\\Component->toSchemaHtml(true)
#23 /home/techtaru/crm.techtaru.in/vendor/filament/support/src/Components/ViewComponent.php(122): Filament\\Schemas\\Schema->toEmbeddedHtml()
#24 /home/techtaru/crm.techtaru.in/vendor/laravel/framework/src/Illuminate/Support/helpers.php(131): Filament\\Support\\Components\\ViewComponent->toHtml()
#25 /home/techtaru/crm.techtaru.in/storage/framework/views/8727b31ed356042b9f00fb613621bd72.php(11): e(Object(Filament\\Schemas\\Schema))
#26 /home/techtaru/crm.techtaru.in/vendor/livewire/livewire/src/Mechanisms/ExtendBlade/ExtendedCompilerEngine.php(37): include('/home/techtaru/...')
#27 /home/techtaru/crm.techtaru.in/vendor/livewire/livewire/src/Mechanisms/ExtendBlade/ExtendedCompilerEngine.php(38): App\\Filament\\Resources\\LeadResource\\Pages\\ListLeads->Livewire\\Mechanisms\\ExtendBlade\\{closure}()
#28 /home/techtaru/crm.techtaru.in/vendor/laravel/framework/src/Illuminate/View/Engines/CompilerEngine.php(76): Livewire\\Mechanisms\\ExtendBlade\\ExtendedCompilerEngine->evaluatePath('/home/techtaru/...', Array)
#29 /home/techtaru/crm.techtaru.in/vendor/livewire/livewire/src/Mechanisms/ExtendBlade/ExtendedCompilerEngine.php(16): Illuminate\\View\\Engines\\CompilerEngine->get('/home/techtaru/...', Array)
#30 /home/techtaru/crm.techtaru.in/vendor/laravel/framework/src/Illuminate/View/View.php(208): Livewire\\Mechanisms\\ExtendBlade\\ExtendedCompilerEngine->get('/home/techtaru/...', Array)
#31 /home/techtaru/crm.techtaru.in/vendor/laravel/framework/src/Illuminate/View/View.php(191): Illuminate\\View\\View->getContents()
#32 /home/techtaru/crm.techtaru.in/vendor/laravel/framework/src/Illuminate/View/View.php(160): Illuminate\\View\\View->renderContents()
#33 /home/techtaru/crm.techtaru.in/vendor/livewire/livewire/src/Mechanisms/HandleComponents/HandleComponents.php(259): Illuminate\\View\\View->render(Object(Closure))
#34 /home/techtaru/crm.techtaru.in/vendor/livewire/livewire/src/Mechanisms/HandleComponents/HandleComponents.php(303): Livewire\\Mechanisms\\HandleComponents\\HandleComponents->Livewire\\Mechanisms\\HandleComponents\\{closure}()
#35 /home/techtaru/crm.techtaru.in/vendor/livewire/livewire/src/Mechanisms/HandleComponents/HandleComponents.php(251): Livewire\\Mechanisms\\HandleComponents\\HandleComponents->trackInRenderStack(Object(App\\Filament\\Resources\\LeadResource\\Pages\\ListLeads), Object(Closure))
#36 /home/techtaru/crm.techtaru.in/vendor/livewire/livewire/src/Mechanisms/HandleComponents/HandleComponents.php(104): Livewire\\Mechanisms\\HandleComponents\\HandleComponents->render(Object(App\\Filament\\Resources\\LeadResource\\Pages\\ListLeads))
#37 /home/techtaru/crm.techtaru.in/vendor/livewire/livewire/src/LivewireManager.php(102): Livewire\\Mechanisms\\HandleComponents\\HandleComponents->update(Array, Array, Array)
#38 /home/techtaru/crm.techtaru.in/vendor/livewire/livewire/src/Mechanisms/HandleRequests/HandleRequests.php(131): Livewire\\LivewireManager->update(Array, Array, Array)
#39 /home/techtaru/crm.techtaru.in/vendor/laravel/framework/src/Illuminate/Routing/ControllerDispatcher.php(46): Livewire\\Mechanisms\\HandleRequests\\HandleRequests->handleUpdate()
#40 /home/techtaru/crm.techtaru.in/vendor/laravel/framework/src/Illuminate/Routing/Route.php(269): Illuminate\\Routing\\ControllerDispatcher->dispatch(Object(Illuminate\\Routing\\Route), Object(Livewire\\Mechanisms\\HandleRequests\\HandleRequests), 'handleUpdate')
#41 /home/techtaru/crm.techtaru.in/vendor/laravel/framework/src/Illuminate/Routing/Route.php(215): Illuminate\\Routing\\Route->runController()
#42 /home/techtaru/crm.techtaru.in/vendor/laravel/framework/src/Illuminate/Routing/Router.php(822): Illuminate\\Routing\\Route->run()
#43 /home/techtaru/crm.techtaru.in/vendor/laravel/framework/src/Illuminate/Pipeline/Pipeline.php(180): Illuminate\\Routing\\Router->Illuminate\\Routing\\{closure}(Object(Illuminate\\Http\\Request))
#44 /home/techtaru/crm.techtaru.in/app/Http/Middleware/SecurityHeaders.php(39): Illuminate\\Pipeline\\Pipeline->Illuminate\\Pipeline\\{closure}(Object(Illuminate\\Http\\Request))
#45 /home/techtaru/crm.techtaru.in/vendor/laravel/framework/src/Illuminate/Pipeline/Pipeline.php(219): App\\Http\\Middleware\\SecurityHeaders->handle(Object(Illuminate\\Http\\Request), Object(Closure))
#46 /home/techtaru/crm.techtaru.in/app/Http/Middleware/SetLocale.php(108): Illuminate\\Pipeline\\Pipeline->Illuminate\\Pipeline\\{closure}(Object(Illuminate\\Http\\Request))
#47 /home/techtaru/crm.techtaru.in/vendor/laravel/framework/src/Illuminate/Pipeline/Pipeline.php(219): App\\Http\\Middleware\\SetLocale->handle(Object(Illuminate\\Http\\Request), Object(Closure))
#48 /home/techtaru/crm.techtaru.in/app/Http/Middleware/TrackUserSession.php(55): Illuminate\\Pipeline\\Pipeline->Illuminate\\Pipeline\\{closure}(Object(Illuminate\\Http\\Request))
#49 /home/techtaru/crm.techtaru.in/vendor/laravel/framework/src/Illuminate/Pipeline/Pipeline.php(219): App\\Http\\Middleware\\TrackUserSession->handle(Object(Illuminate\\Http\\Request), Object(Closure))
#50 /home/techtaru/crm.techtaru.in/app/Http/Middleware/ResolveTenant.php(45): Illuminate\\Pipeline\\Pipeline->Illuminate\\Pipeline\\{closure}(Object(Illuminate\\Http\\Request))
#51 /home/techtaru/crm.techtaru.in/vendor/laravel/framework/src/Illuminate/Pipeline/Pipeline.php(219): App\\Http\\Middleware\\ResolveTenant->handle(Object(Illuminate\\Http\\Request), Object(Closure))
#52 /home/techtaru/crm.techtaru.in/vendor/laravel/framework/src/Illuminate/Routing/Middleware/SubstituteBindings.php(52): Illuminate\\Pipeline\\Pipeline->Illuminate\\Pipeline\\{closure}(Object(Illuminate\\Http\\Request))
#53 /home/techtaru/crm.techtaru.in/vendor/laravel/framework/src/Illuminate/Pipeline/Pipeline.php(219): Illuminate\\Routing\\Middleware\\SubstituteBindings->handle(Object(Illuminate\\Http\\Request), Object(Closure))
#54 /home/techtaru/crm.techtaru.in/vendor/laravel/framework/src/Illuminate/Foundation/Http/Middleware/PreventRequestForgery.php(104): Illuminate\\Pipeline\\Pipeline->Illuminate\\Pipeline\\{closure}(Object(Illuminate\\Http\\Request))
#55 /home/techtaru/crm.techtaru.in/vendor/laravel/framework/src/Illuminate/Pipeline/Pipeline.php(219): Illuminate\\Foundation\\Http\\Middleware\\PreventRequestForgery->handle(Object(Illuminate\\Http\\Request), Object(Closure))
#56 /home/techtaru/crm.techtaru.in/vendor/laravel/framework/src/Illuminate/View/Middleware/ShareErrorsFromSession.php(48): Illuminate\\Pipeline\\Pipeline->Illuminate\\Pipeline\\{closure}(Object(Illuminate\\Http\\Request))
#57 /home/techtaru/crm.techtaru.in/vendor/laravel/framework/src/Illuminate/Pipeline/Pipeline.php(219): Illuminate\\View\\Middleware\\ShareErrorsFromSession->handle(Object(Illuminate\\Http\\Request), Object(Closure))
#58 /home/techtaru/crm.techtaru.in/vendor/laravel/framework/src/Illuminate/Session/Middleware/StartSession.php(120): Illuminate\\Pipeline\\Pipeline->Illuminate\\Pipeline\\{closure}(Object(Illuminate\\Http\\Request))
#59 /home/techtaru/crm.techtaru.in/vendor/laravel/framework/src/Illuminate/Session/Middleware/StartSession.php(63): Illuminate\\Session\\Middleware\\StartSession->handleStatefulRequest(Object(Illuminate\\Http\\Request), Object(Illuminate\\Session\\Store), Object(Closure))
#60 /home/techtaru/crm.techtaru.in/vendor/laravel/framework/src/Illuminate/Pipeline/Pipeline.php(219): Illuminate\\Session\\Middleware\\StartSession->handle(Object(Illuminate\\Http\\Request), Object(Closure))
#61 /home/techtaru/crm.techtaru.in/vendor/laravel/framework/src/Illuminate/Cookie/Middleware/AddQueuedCookiesToResponse.php(36): Illuminate\\Pipeline\\Pipeline->Illuminate\\Pipeline\\{closure}(Object(Illuminate\\Http\\Request))
#62 /home/techtaru/crm.techtaru.in/vendor/laravel/framework/src/Illuminate/Pipeline/Pipeline.php(219): Illuminate\\Cookie\\Middleware\\AddQueuedCookiesToResponse->handle(Object(Illuminate\\Http\\Request), Object(Closure))
#63 /home/techtaru/crm.techtaru.in/vendor/laravel/framework/src/Illuminate/Cookie/Middleware/EncryptCookies.php(74): Illuminate\\Pipeline\\Pipeline->Illuminate\\Pipeline\\{closure}(Object(Illuminate\\Http\\Request))
#64 /home/techtaru/crm.techtaru.in/vendor/laravel/framework/src/Illuminate/Pipeline/Pipeline.php(219): Illuminate\\Cookie\\Middleware\\EncryptCookies->handle(Object(Illuminate\\Http\\Request), Object(Closure))
#65 /home/techtaru/crm.techtaru.in/vendor/laravel/framework/src/Illuminate/Http/Middleware/TrustProxies.php(58): Illuminate\\Pipeline\\Pipeline->Illuminate\\Pipeline\\{closure}(Object(Illuminate\\Http\\Request))
#66 /home/techtaru/crm.techtaru.in/vendor/laravel/framework/src/Illuminate/Pipeline/Pipeline.php(219): Illuminate\\Http\\Middleware\\TrustProxies->handle(Object(Illuminate\\Http\\Request), Object(Closure))
#67 /home/techtaru/crm.techtaru.in/vendor/laravel/framework/src/Illuminate/Pipeline/Pipeline.php(137): Illuminate\\Pipeline\\Pipeline->Illuminate\\Pipeline\\{closure}(Object(Illuminate\\Http\\Request))
#68 /home/techtaru/crm.techtaru.in/vendor/laravel/framework/src/Illuminate/Routing/Router.php(821): Illuminate\\Pipeline\\Pipeline->then(Object(Closure))
#69 /home/techtaru/crm.techtaru.in/vendor/laravel/framework/src/Illuminate/Routing/Router.php(800): Illuminate\\Routing\\Router->runRouteWithinStack(Object(Illuminate\\Routing\\Route), Object(Illuminate\\Http\\Request))
#70 /home/techtaru/crm.techtaru.in/vendor/laravel/framework/src/Illuminate/Routing/Router.php(764): Illuminate\\Routing\\Router->runRoute(Object(Illuminate\\Http\\Request), Object(Illuminate\\Routing\\Route))
#71 /home/techtaru/crm.techtaru.in/vendor/laravel/framework/src/Illuminate/Routing/Router.php(753): Illuminate\\Routing\\Router->dispatchToRoute(Object(Illuminate\\Http\\Request))
#72 /home/techtaru/crm.techtaru.in/vendor/laravel/framework/src/Illuminate/Foundation/Http/Kernel.php(200): Illuminate\\Routing\\Router->dispatch(Object(Illuminate\\Http\\Request))
#73 /home/techtaru/crm.techtaru.in/vendor/laravel/framework/src/Illuminate/Pipeline/Pipeline.php(180): Illuminate\\Foundation\\Http\\Kernel->Illuminate\\Foundation\\Http\\{closure}(Object(Illuminate\\Http\\Request))
#74 /home/techtaru/crm.techtaru.in/vendor/livewire/livewire/src/Features/SupportDisablingBackButtonCache/DisableBackButtonCacheMiddleware.php(19): Illuminate\\Pipeline\\Pipeline->Illuminate\\Pipeline\\{closure}(Object(Illuminate\\Http\\Request))
#75 /home/techtaru/crm.techtaru.in/vendor/laravel/framework/src/Illuminate/Pipeline/Pipeline.php(219): Livewire\\Features\\SupportDisablingBackButtonCache\\DisableBackButtonCacheMiddleware->handle(Object(Illuminate\\Http\\Request), Object(Closure))
#76 /home/techtaru/crm.techtaru.in/vendor/laravel/framework/src/Illuminate/Foundation/Http/Middleware/ConvertEmptyStringsToNull.php(27): Illuminate\\Pipeline\\Pipeline->Illuminate\\Pipeline\\{closure}(Object(Illuminate\\Http\\Request))
#77 /home/techtaru/crm.techtaru.in/vendor/laravel/framework/src/Illuminate/Pipeline/Pipeline.php(219): Illuminate\\Foundation\\Http\\Middleware\\ConvertEmptyStringsToNull->handle(Object(Illuminate\\Http\\Request), Object(Closure))
#78 /home/techtaru/crm.techtaru.in/vendor/laravel/framework/src/Illuminate/Foundation/Http/Middleware/TrimStrings.php(47): Illuminate\\Pipeline\\Pipeline->Illuminate\\Pipeline\\{closure}(Object(Illuminate\\Http\\Request))
#79 /home/techtaru/crm.techtaru.in/vendor/laravel/framework/src/Illuminate/Pipeline/Pipeline.php(219): Illuminate\\Foundation\\Http\\Middleware\\TrimStrings->handle(Object(Illuminate\\Http\\Request), Object(Closure))
#80 /home/techtaru/crm.techtaru.in/vendor/laravel/framework/src/Illuminate/Http/Middleware/ValidatePostSize.php(27): Illuminate\\Pipeline\\Pipeline->Illuminate\\Pipeline\\{closure}(Object(Illuminate\\Http\\Request))
#81 /home/techtaru/crm.techtaru.in/vendor/laravel/framework/src/Illuminate/Pipeline/Pipeline.php(219): Illuminate\\Http\\Middleware\\ValidatePostSize->handle(Object(Illuminate\\Http\\Request), Object(Closure))
#82 /home/techtaru/crm.techtaru.in/vendor/laravel/framework/src/Illuminate/Foundation/Http/Middleware/PreventRequestsDuringMaintenance.php(109): Illuminate\\Pipeline\\Pipeline->Illuminate\\Pipeline\\{closure}(Object(Illuminate\\Http\\Request))
#83 /home/techtaru/crm.techtaru.in/vendor/laravel/framework/src/Illuminate/Pipeline/Pipeline.php(219): Illuminate\\Foundation\\Http\\Middleware\\PreventRequestsDuringMaintenance->handle(Object(Illuminate\\Http\\Request), Object(Closure))
#84 /home/techtaru/crm.techtaru.in/vendor/laravel/framework/src/Illuminate/Http/Middleware/HandleCors.php(61): Illuminate\\Pipeline\\Pipeline->Illuminate\\Pipeline\\{closure}(Object(Illuminate\\Http\\Request))
#85 /home/techtaru/crm.techtaru.in/vendor/laravel/framework/src/Illuminate/Pipeline/Pipeline.php(219): Illuminate\\Http\\Middleware\\HandleCors->handle(Object(Illuminate\\Http\\Request), Object(Closure))
#86 /home/techtaru/crm.techtaru.in/vendor/laravel/framework/src/Illuminate/Http/Middleware/TrustProxies.php(58): Illuminate\\Pipeline\\Pipeline->Illuminate\\Pipeline\\{closure}(Object(Illuminate\\Http\\Request))
#87 /home/techtaru/crm.techtaru.in/vendor/laravel/framework/src/Illuminate/Pipeline/Pipeline.php(219): Illuminate\\Http\\Middleware\\TrustProxies->handle(Object(Illuminate\\Http\\Request), Object(Closure))
#88 /home/techtaru/crm.techtaru.in/vendor/laravel/framework/src/Illuminate/Foundation/Http/Middleware/InvokeDeferredCallbacks.php(22): Illuminate\\Pipeline\\Pipeline->Illuminate\\Pipeline\\{closure}(Object(Illuminate\\Http\\Request))
#89 /home/techtaru/crm.techtaru.in/vendor/laravel/framework/src/Illuminate/Pipeline/Pipeline.php(219): Illuminate\\Foundation\\Http\\Middleware\\InvokeDeferredCallbacks->handle(Object(Illuminate\\Http\\Request), Object(Closure))
#90 /home/techtaru/crm.techtaru.in/vendor/laravel/framework/src/Illuminate/Http/Middleware/ValidatePathEncoding.php(28): Illuminate\\Pipeline\\Pipeline->Illuminate\\Pipeline\\{closure}(Object(Illuminate\\Http\\Request))
#91 /home/techtaru/crm.techtaru.in/vendor/laravel/framework/src/Illuminate/Pipeline/Pipeline.php(219): Illuminate\\Http\\Middleware\\ValidatePathEncoding->handle(Object(Illuminate\\Http\\Request), Object(Closure))
#92 /home/techtaru/crm.techtaru.in/vendor/laravel/framework/src/Illuminate/Pipeline/Pipeline.php(137): Illuminate\\Pipeline\\Pipeline->Illuminate\\Pipeline\\{closure}(Object(Illuminate\\Http\\Request))
#93 /home/techtaru/crm.techtaru.in/vendor/laravel/framework/src/Illuminate/Foundation/Http/Kernel.php(175): Illuminate\\Pipeline\\Pipeline->then(Object(Closure))
#94 /home/techtaru/crm.techtaru.in/vendor/laravel/framework/src/Illuminate/Foundation/Http/Kernel.php(144): Illuminate\\Foundation\\Http\\Kernel->sendRequestThroughRouter(Object(Illuminate\\Http\\Request))
#95 /home/techtaru/crm.techtaru.in/vendor/laravel/framework/src/Illuminate/Foundation/Application.php(1220): Illuminate\\Foundation\\Http\\Kernel->handle(Object(Illuminate\\Http\\Request))
#96 /home/techtaru/crm.techtaru.in/public/index.php(119): Illuminate\\Foundation\\Application->handleRequest(Object(Illuminate\\Http\\Request))
#97 {main}
"} 
[2026-07-31 07:17:14] local.ERROR: ExportLeads job failed {"tenant_id":5,"user_id":4,"error":"An email must have a \"To\", \"Cc\", or \"Bcc\" header."} 
[2026-07-31 07:17:14] local.ERROR: App\Mail\LeadNotificationMail::__construct(): Argument #4 ($actionUrl) must be of type string, null given, called in /home/techtaru/crm.techtaru.in/app/Notifications/ExportFailedNotification.php on line 26 {"userId":4,"exception":"[object] (TypeError(code: 0): App\\Mail\\LeadNotificationMail::__construct(): Argument #4 ($actionUrl) must be of type string, null given, called in /home/techtaru/crm.techtaru.in/app/Notifications/ExportFailedNotification.php on line 26 at /home/techtaru/crm.techtaru.in/app/Mail/LeadNotificationMail.php:14)
[stacktrace]
#0 /home/techtaru/crm.techtaru.in/app/Notifications/ExportFailedNotification.php(26): App\\Mail\\LeadNotificationMail->__construct('Leads Export Fa...', 'Export Failed', Array, NULL, NULL)
#1 /home/techtaru/crm.techtaru.in/vendor/laravel/framework/src/Illuminate/Notifications/Channels/MailChannel.php(55): App\\Notifications\\ExportFailedNotification->toMail(Object(App\\Models\\User))
#2 /home/techtaru/crm.techtaru.in/vendor/laravel/framework/src/Illuminate/Notifications/NotificationSender.php(164): Illuminate\\Notifications\\Channels\\MailChannel->send(Object(App\\Models\\User), Object(App\\Notifications\\ExportFailedNotification))
#3 /home/techtaru/crm.techtaru.in/vendor/laravel/framework/src/Illuminate/Notifications/NotificationSender.php(119): Illuminate\\Notifications\\NotificationSender->sendToNotifiable(Object(App\\Models\\User), 'bc765676-6786-4...', Object(App\\Notifications\\ExportFailedNotification), 'mail')
#4 /home/techtaru/crm.techtaru.in/vendor/laravel/framework/src/Illuminate/Support/Traits/Localizable.php(19): Illuminate\\Notifications\\NotificationSender->Illuminate\\Notifications\\{closure}()
#5 /home/techtaru/crm.techtaru.in/vendor/laravel/framework/src/Illuminate/Notifications/NotificationSender.php(114): Illuminate\\Notifications\\NotificationSender->withLocale(NULL, Object(Closure))
#6 /home/techtaru/crm.techtaru.in/vendor/laravel/framework/src/Illuminate/Notifications/ChannelManager.php(61): Illuminate\\Notifications\\NotificationSender->sendNow(Object(Illuminate\\Database\\Eloquent\\Collection), Object(App\\Notifications\\ExportFailedNotification), Array)
#7 /home/techtaru/crm.techtaru.in/vendor/laravel/framework/src/Illuminate/Notifications/SendQueuedNotifications.php(130): Illuminate\\Notifications\\ChannelManager->sendNow(Object(Illuminate\\Database\\Eloquent\\Collection), Object(App\\Notifications\\ExportFailedNotification), Array)
#8 /home/techtaru/crm.techtaru.in/vendor/laravel/framework/src/Illuminate/Container/BoundMethod.php(36): Illuminate\\Notifications\\SendQueuedNotifications->handle(Object(Illuminate\\Notifications\\ChannelManager))
#9 /home/techtaru/crm.techtaru.in/vendor/laravel/framework/src/Illuminate/Container/Util.php(43): Illuminate\\Container\\BoundMethod::Illuminate\\Container\\{closure}()
#10 /home/techtaru/crm.techtaru.in/vendor/laravel/framework/src/Illuminate/Container/BoundMethod.php(96): Illuminate\\Container\\Util::unwrapIfClosure(Object(Closure))
#11 /home/techtaru/crm.techtaru.in/vendor/laravel/framework/src/Illuminate/Container/BoundMethod.php(35): Illuminate\\Container\\BoundMethod::callBoundMethod(Object(Illuminate\\Foundation\\Application), Array, Object(Closure))
#12 /home/techtaru/crm.techtaru.in/vendor/laravel/framework/src/Illuminate/Container/Container.php(799): Illuminate\\Container\\BoundMethod::call(Object(Illuminate\\Foundation\\Application), Array, Array, NULL)
#13 /home/techtaru/crm.techtaru.in/vendor/laravel/framework/src/Illuminate/Bus/Dispatcher.php(135): Illuminate\\Container\\Container->call(Array)
#14 /home/techtaru/crm.techtaru.in/vendor/laravel/framework/src/Illuminate/Pipeline/Pipeline.php(180): Illuminate\\Bus\\Dispatcher->Illuminate\\Bus\\{closure}(Object(Illuminate\\Notifications\\SendQueuedNotifications))
#15 /home/techtaru/crm.techtaru.in/vendor/laravel/framework/src/Illuminate/Pipeline/Pipeline.php(137): Illuminate\\Pipeline\\Pipeline->Illuminate\\Pipeline\\{closure}(Object(Illuminate\\Notifications\\SendQueuedNotifications))
#16 /home/techtaru/crm.techtaru.in/vendor/laravel/framework/src/Illuminate/Bus/Dispatcher.php(139): Illuminate\\Pipeline\\Pipeline->then(Object(Closure))
#17 /home/techtaru/crm.techtaru.in/vendor/laravel/framework/src/Illuminate/Queue/CallQueuedHandler.php(134): Illuminate\\Bus\\Dispatcher->dispatchNow(Object(Illuminate\\Notifications\\SendQueuedNotifications), false)
#18 /home/techtaru/crm.techtaru.in/vendor/laravel/framework/src/Illuminate/Pipeline/Pipeline.php(180): Illuminate\\Queue\\CallQueuedHandler->Illuminate\\Queue\\{closure}(Object(Illuminate\\Notifications\\SendQueuedNotifications))
#19 /home/techtaru/crm.techtaru.in/vendor/laravel/framework/src/Illuminate/Pipeline/Pipeline.php(137): Illuminate\\Pipeline\\Pipeline->Illuminate\\Pipeline\\{closure}(Object(Illuminate\\Notifications\\SendQueuedNotifications))
#20 /home/techtaru/crm.techtaru.in/vendor/laravel/framework/src/Illuminate/Queue/CallQueuedHandler.php(127): Illuminate\\Pipeline\\Pipeline->then(Object(Closure))
#21 /home/techtaru/crm.techtaru.in/vendor/laravel/framework/src/Illuminate/Queue/CallQueuedHandler.php(68): Illuminate\\Queue\\CallQueuedHandler->dispatchThroughMiddleware(Object(Illuminate\\Queue\\Jobs\\SyncJob), Object(Illuminate\\Notifications\\SendQueuedNotifications))
#22 /home/techtaru/crm.techtaru.in/vendor/laravel/framework/src/Illuminate/Queue/Jobs/Job.php(102): Illuminate\\Queue\\CallQueuedHandler->call(Object(Illuminate\\Queue\\Jobs\\SyncJob), Array)
#23 /home/techtaru/crm.techtaru.in/vendor/laravel/framework/src/Illuminate/Queue/SyncQueue.php(131): Illuminate\\Queue\\Jobs\\Job->fire()
#24 /home/techtaru/crm.techtaru.in/vendor/laravel/framework/src/Illuminate/Queue/SyncQueue.php(111): Illuminate\\Queue\\SyncQueue->executeJob(Object(Illuminate\\Notifications\\SendQueuedNotifications), '', NULL)
#25 /home/techtaru/crm.techtaru.in/vendor/laravel/framework/src/Illuminate/Bus/Dispatcher.php(258): Illuminate\\Queue\\SyncQueue->push(Object(Illuminate\\Notifications\\SendQueuedNotifications), '', NULL)
#26 /home/techtaru/crm.techtaru.in/vendor/laravel/framework/src/Illuminate/Bus/Dispatcher.php(238): Illuminate\\Bus\\Dispatcher->pushCommandToQueue(Object(Illuminate\\Queue\\SyncQueue), Object(Illuminate\\Notifications\\SendQueuedNotifications))
#27 /home/techtaru/crm.techtaru.in/vendor/laravel/framework/src/Illuminate/Bus/Dispatcher.php(86): Illuminate\\Bus\\Dispatcher->dispatchToQueue(Object(Illuminate\\Notifications\\SendQueuedNotifications))
#28 /home/techtaru/crm.techtaru.in/vendor/laravel/framework/src/Illuminate/Notifications/NotificationSender.php(280): Illuminate\\Bus\\Dispatcher->dispatch(Object(Illuminate\\Notifications\\SendQueuedNotifications))
#29 /home/techtaru/crm.techtaru.in/vendor/laravel/framework/src/Illuminate/Notifications/NotificationSender.php(89): Illuminate\\Notifications\\NotificationSender->queueNotification(Object(Illuminate\\Database\\Eloquent\\Collection), Object(App\\Notifications\\ExportFailedNotification))
#30 /home/techtaru/crm.techtaru.in/vendor/laravel/framework/src/Illuminate/Notifications/ChannelManager.php(48): Illuminate\\Notifications\\NotificationSender->send(Object(App\\Models\\User), Object(App\\Notifications\\ExportFailedNotification))
#31 /home/techtaru/crm.techtaru.in/vendor/laravel/framework/src/Illuminate/Notifications/RoutesNotifications.php(18): Illuminate\\Notifications\\ChannelManager->send(Object(App\\Models\\User), Object(App\\Notifications\\ExportFailedNotification))
#32 /home/techtaru/crm.techtaru.in/app/Jobs/ExportLeads.php(73): App\\Models\\User->notify(Object(App\\Notifications\\ExportFailedNotification))
#33 /home/techtaru/crm.techtaru.in/vendor/laravel/framework/src/Illuminate/Queue/CallQueuedHandler.php(347): App\\Jobs\\ExportLeads->failed(Object(Symfony\\Component\\Mime\\Exception\\LogicException))
#34 /home/techtaru/crm.techtaru.in/vendor/laravel/framework/src/Illuminate/Queue/Jobs/Job.php(254): Illuminate\\Queue\\CallQueuedHandler->failed(Array, Object(Symfony\\Component\\Mime\\Exception\\LogicException), 'c133821a-5edd-4...', Object(Illuminate\\Queue\\Jobs\\SyncJob))
#35 /home/techtaru/crm.techtaru.in/vendor/laravel/framework/src/Illuminate/Queue/Jobs/Job.php(219): Illuminate\\Queue\\Jobs\\Job->failed(Object(Symfony\\Component\\Mime\\Exception\\LogicException))
#36 /home/techtaru/crm.techtaru.in/vendor/laravel/framework/src/Illuminate/Queue/SyncQueue.php(224): Illuminate\\Queue\\Jobs\\Job->fail(Object(Symfony\\Component\\Mime\\Exception\\LogicException))
#37 /home/techtaru/crm.techtaru.in/vendor/laravel/framework/src/Illuminate/Queue/SyncQueue.php(137): Illuminate\\Queue\\SyncQueue->handleException(Object(Illuminate\\Queue\\Jobs\\SyncJob), Object(Symfony\\Component\\Mime\\Exception\\LogicException))
#38 /home/techtaru/crm.techtaru.in/vendor/laravel/framework/src/Illuminate/Queue/SyncQueue.php(111): Illuminate\\Queue\\SyncQueue->executeJob(Object(App\\Jobs\\ExportLeads), '', 'exports')
#39 /home/techtaru/crm.techtaru.in/vendor/laravel/framework/src/Illuminate/Bus/Dispatcher.php(258): Illuminate\\Queue\\SyncQueue->push(Object(App\\Jobs\\ExportLeads), '', 'exports')
#40 /home/techtaru/crm.techtaru.in/vendor/laravel/framework/src/Illuminate/Bus/Dispatcher.php(238): Illuminate\\Bus\\Dispatcher->pushCommandToQueue(Object(Illuminate\\Queue\\SyncQueue), Object(App\\Jobs\\ExportLeads))
#41 /home/techtaru/crm.techtaru.in/vendor/laravel/framework/src/Illuminate/Bus/Dispatcher.php(86): Illuminate\\Bus\\Dispatcher->dispatchToQueue(Object(App\\Jobs\\ExportLeads))
#42 /home/techtaru/crm.techtaru.in/vendor/laravel/framework/src/Illuminate/Foundation/Bus/PendingDispatch.php(252): Illuminate\\Bus\\Dispatcher->dispatch(Object(App\\Jobs\\ExportLeads))
#43 /home/techtaru/crm.techtaru.in/vendor/laravel/framework/src/Illuminate/Foundation/Bus/Dispatchable.php(19): Illuminate\\Foundation\\Bus\\PendingDispatch->__destruct()
#44 /home/techtaru/crm.techtaru.in/app/Filament/Resources/LeadResource/Pages/ListLeads.php(208): App\\Jobs\\ExportLeads::dispatch(5, 4, Array)
#45 /home/techtaru/crm.techtaru.in/vendor/filament/support/src/Concerns/EvaluatesClosures.php(36): App\\Filament\\Resources\\LeadResource\\Pages\\ListLeads->App\\Filament\\Resources\\LeadResource\\Pages\\{closure}()
#46 /home/techtaru/crm.techtaru.in/vendor/filament/actions/src/Action.php(644): Filament\\Support\\Components\\Component->evaluate(Object(Closure), Array)
#47 /home/techtaru/crm.techtaru.in/vendor/filament/actions/src/Concerns/InteractsWithActions.php(269): Filament\\Actions\\Action->call(Array)
#48 /home/techtaru/crm.techtaru.in/vendor/filament/actions/src/Concerns/InteractsWithActions.php(184): Filament\\Pages\\BasePage->callMountedAction()
#49 /home/techtaru/crm.techtaru.in/vendor/laravel/framework/src/Illuminate/Container/BoundMethod.php(36): Filament\\Pages\\BasePage->mountAction('export', Array, Array)
#50 /home/techtaru/crm.techtaru.in/vendor/laravel/framework/src/Illuminate/Container/Util.php(43): Illuminate\\Container\\BoundMethod::Illuminate\\Container\\{closure}()
#51 /home/techtaru/crm.techtaru.in/vendor/laravel/framework/src/Illuminate/Container/BoundMethod.php(96): Illuminate\\Container\\Util::unwrapIfClosure(Object(Closure))
#52 /home/techtaru/crm.techtaru.in/vendor/laravel/framework/src/Illuminate/Container/BoundMethod.php(35): Illuminate\\Container\\BoundMethod::callBoundMethod(Object(Illuminate\\Foundation\\Application), Array, Object(Closure))
#53 /home/techtaru/crm.techtaru.in/vendor/livewire/livewire/src/Wrapped.php(23): Illuminate\\Container\\BoundMethod::call(Object(Illuminate\\Foundation\\Application), Array, Array)
#54 /home/techtaru/crm.techtaru.in/vendor/livewire/livewire/src/Mechanisms/HandleComponents/HandleComponents.php(492): Livewire\\Wrapped->__call('mountAction', Array)
#55 /home/techtaru/crm.techtaru.in/vendor/livewire/livewire/src/Mechanisms/HandleComponents/HandleComponents.php(101): Livewire\\Mechanisms\\HandleComponents\\HandleComponents->callMethods(Object(App\\Filament\\Resources\\LeadResource\\Pages\\ListLeads), Array, Object(Livewire\\Mechanisms\\HandleComponents\\ComponentContext))
#56 /home/techtaru/crm.techtaru.in/vendor/livewire/livewire/src/LivewireManager.php(102): Livewire\\Mechanisms\\HandleComponents\\HandleComponents->update(Array, Array, Array)
#57 /home/techtaru/crm.techtaru.in/vendor/livewire/livewire/src/Mechanisms/HandleRequests/HandleRequests.php(131): Livewire\\LivewireManager->update(Array, Array, Array)
#58 /home/techtaru/crm.techtaru.in/vendor/laravel/framework/src/Illuminate/Routing/ControllerDispatcher.php(46): Livewire\\Mechanisms\\HandleRequests\\HandleRequests->handleUpdate()
#59 /home/techtaru/crm.techtaru.in/vendor/laravel/framework/src/Illuminate/Routing/Route.php(269): Illuminate\\Routing\\ControllerDispatcher->dispatch(Object(Illuminate\\Routing\\Route), Object(Livewire\\Mechanisms\\HandleRequests\\HandleRequests), 'handleUpdate')
#60 /home/techtaru/crm.techtaru.in/vendor/laravel/framework/src/Illuminate/Routing/Route.php(215): Illuminate\\Routing\\Route->runController()
#61 /home/techtaru/crm.techtaru.in/vendor/laravel/framework/src/Illuminate/Routing/Router.php(822): Illuminate\\Routing\\Route->run()
#62 /home/techtaru/crm.techtaru.in/vendor/laravel/framework/src/Illuminate/Pipeline/Pipeline.php(180): Illuminate\\Routing\\Router->Illuminate\\Routing\\{closure}(Object(Illuminate\\Http\\Request))
#63 /home/techtaru/crm.techtaru.in/app/Http/Middleware/SecurityHeaders.php(39): Illuminate\\Pipeline\\Pipeline->Illuminate\\Pipeline\\{closure}(Object(Illuminate\\Http\\Request))
#64 /home/techtaru/crm.techtaru.in/vendor/laravel/framework/src/Illuminate/Pipeline/Pipeline.php(219): App\\Http\\Middleware\\SecurityHeaders->handle(Object(Illuminate\\Http\\Request), Object(Closure))
#65 /home/techtaru/crm.techtaru.in/app/Http/Middleware/SetLocale.php(108): Illuminate\\Pipeline\\Pipeline->Illuminate\\Pipeline\\{closure}(Object(Illuminate\\Http\\Request))
#66 /home/techtaru/crm.techtaru.in/vendor/laravel/framework/src/Illuminate/Pipeline/Pipeline.php(219): App\\Http\\Middleware\\SetLocale->handle(Object(Illuminate\\Http\\Request), Object(Closure))
#67 /home/techtaru/crm.techtaru.in/app/Http/Middleware/TrackUserSession.php(55): Illuminate\\Pipeline\\Pipeline->Illuminate\\Pipeline\\{closure}(Object(Illuminate\\Http\\Request))
#68 /home/techtaru/crm.techtaru.in/vendor/laravel/framework/src/Illuminate/Pipeline/Pipeline.php(219): App\\Http\\Middleware\\TrackUserSession->handle(Object(Illuminate\\Http\\Request), Object(Closure))
#69 /home/techtaru/crm.techtaru.in/app/Http/Middleware/ResolveTenant.php(45): Illuminate\\Pipeline\\Pipeline->Illuminate\\Pipeline\\{closure}(Object(Illuminate\\Http\\Request))
#70 /home/techtaru/crm.techtaru.in/vendor/laravel/framework/src/Illuminate/Pipeline/Pipeline.php(219): App\\Http\\Middleware\\ResolveTenant->handle(Object(Illuminate\\Http\\Request), Object(Closure))
#71 /home/techtaru/crm.techtaru.in/vendor/laravel/framework/src/Illuminate/Routing/Middleware/SubstituteBindings.php(52): Illuminate\\Pipeline\\Pipeline->Illuminate\\Pipeline\\{closure}(Object(Illuminate\\Http\\Request))
#72 /home/techtaru/crm.techtaru.in/vendor/laravel/framework/src/Illuminate/Pipeline/Pipeline.php(219): Illuminate\\Routing\\Middleware\\SubstituteBindings->handle(Object(Illuminate\\Http\\Request), Object(Closure))
#73 /home/techtaru/crm.techtaru.in/vendor/laravel/framework/src/Illuminate/Foundation/Http/Middleware/PreventRequestForgery.php(104): Illuminate\\Pipeline\\Pipeline->Illuminate\\Pipeline\\{closure}(Object(Illuminate\\Http\\Request))
#74 /home/techtaru/crm.techtaru.in/vendor/laravel/framework/src/Illuminate/Pipeline/Pipeline.php(219): Illuminate\\Foundation\\Http\\Middleware\\PreventRequestForgery->handle(Object(Illuminate\\Http\\Request), Object(Closure))
#75 /home/techtaru/crm.techtaru.in/vendor/laravel/framework/src/Illuminate/View/Middleware/ShareErrorsFromSession.php(48): Illuminate\\Pipeline\\Pipeline->Illuminate\\Pipeline\\{closure}(Object(Illuminate\\Http\\Request))
#76 /home/techtaru/crm.techtaru.in/vendor/laravel/framework/src/Illuminate/Pipeline/Pipeline.php(219): Illuminate\\View\\Middleware\\ShareErrorsFromSession->handle(Object(Illuminate\\Http\\Request), Object(Closure))
#77 /home/techtaru/crm.techtaru.in/vendor/laravel/framework/src/Illuminate/Session/Middleware/StartSession.php(120): Illuminate\\Pipeline\\Pipeline->Illuminate\\Pipeline\\{closure}(Object(Illuminate\\Http\\Request))
#78 /home/techtaru/crm.techtaru.in/vendor/laravel/framework/src/Illuminate/Session/Middleware/StartSession.php(63): Illuminate\\Session\\Middleware\\StartSession->handleStatefulRequest(Object(Illuminate\\Http\\Request), Object(Illuminate\\Session\\Store), Object(Closure))
#79 /home/techtaru/crm.techtaru.in/vendor/laravel/framework/src/Illuminate/Pipeline/Pipeline.php(219): Illuminate\\Session\\Middleware\\StartSession->handle(Object(Illuminate\\Http\\Request), Object(Closure))
#80 /home/techtaru/crm.techtaru.in/vendor/laravel/framework/src/Illuminate/Cookie/Middleware/AddQueuedCookiesToResponse.php(36): Illuminate\\Pipeline\\Pipeline->Illuminate\\Pipeline\\{closure}(Object(Illuminate\\Http\\Request))
#81 /home/techtaru/crm.techtaru.in/vendor/laravel/framework/src/Illuminate/Pipeline/Pipeline.php(219): Illuminate\\Cookie\\Middleware\\AddQueuedCookiesToResponse->handle(Object(Illuminate\\Http\\Request), Object(Closure))
#82 /home/techtaru/crm.techtaru.in/vendor/laravel/framework/src/Illuminate/Cookie/Middleware/EncryptCookies.php(74): Illuminate\\Pipeline\\Pipeline->Illuminate\\Pipeline\\{closure}(Object(Illuminate\\Http\\Request))
#83 /home/techtaru/crm.techtaru.in/vendor/laravel/framework/src/Illuminate/Pipeline/Pipeline.php(219): Illuminate\\Cookie\\Middleware\\EncryptCookies->handle(Object(Illuminate\\Http\\Request), Object(Closure))
#84 /home/techtaru/crm.techtaru.in/vendor/laravel/framework/src/Illuminate/Http/Middleware/TrustProxies.php(58): Illuminate\\Pipeline\\Pipeline->Illuminate\\Pipeline\\{closure}(Object(Illuminate\\Http\\Request))
#85 /home/techtaru/crm.techtaru.in/vendor/laravel/framework/src/Illuminate/Pipeline/Pipeline.php(219): Illuminate\\Http\\Middleware\\TrustProxies->handle(Object(Illuminate\\Http\\Request), Object(Closure))
#86 /home/techtaru/crm.techtaru.in/vendor/laravel/framework/src/Illuminate/Pipeline/Pipeline.php(137): Illuminate\\Pipeline\\Pipeline->Illuminate\\Pipeline\\{closure}(Object(Illuminate\\Http\\Request))
#87 /home/techtaru/crm.techtaru.in/vendor/laravel/framework/src/Illuminate/Routing/Router.php(821): Illuminate\\Pipeline\\Pipeline->then(Object(Closure))
#88 /home/techtaru/crm.techtaru.in/vendor/laravel/framework/src/Illuminate/Routing/Router.php(800): Illuminate\\Routing\\Router->runRouteWithinStack(Object(Illuminate\\Routing\\Route), Object(Illuminate\\Http\\Request))
#89 /home/techtaru/crm.techtaru.in/vendor/laravel/framework/src/Illuminate/Routing/Router.php(764): Illuminate\\Routing\\Router->runRoute(Object(Illuminate\\Http\\Request), Object(Illuminate\\Routing\\Route))
#90 /home/techtaru/crm.techtaru.in/vendor/laravel/framework/src/Illuminate/Routing/Router.php(753): Illuminate\\Routing\\Router->dispatchToRoute(Object(Illuminate\\Http\\Request))
#91 /home/techtaru/crm.techtaru.in/vendor/laravel/framework/src/Illuminate/Foundation/Http/Kernel.php(200): Illuminate\\Routing\\Router->dispatch(Object(Illuminate\\Http\\Request))
#92 /home/techtaru/crm.techtaru.in/vendor/laravel/framework/src/Illuminate/Pipeline/Pipeline.php(180): Illuminate\\Foundation\\Http\\Kernel->Illuminate\\Foundation\\Http\\{closure}(Object(Illuminate\\Http\\Request))
#93 /home/techtaru/crm.techtaru.in/vendor/livewire/livewire/src/Features/SupportDisablingBackButtonCache/DisableBackButtonCacheMiddleware.php(19): Illuminate\\Pipeline\\Pipeline->Illuminate\\Pipeline\\{closure}(Object(Illuminate\\Http\\Request))
#94 /home/techtaru/crm.techtaru.in/vendor/laravel/framework/src/Illuminate/Pipeline/Pipeline.php(219): Livewire\\Features\\SupportDisablingBackButtonCache\\DisableBackButtonCacheMiddleware->handle(Object(Illuminate\\Http\\Request), Object(Closure))
#95 /home/techtaru/crm.techtaru.in/vendor/laravel/framework/src/Illuminate/Foundation/Http/Middleware/ConvertEmptyStringsToNull.php(27): Illuminate\\Pipeline\\Pipeline->Illuminate\\Pipeline\\{closure}(Object(Illuminate\\Http\\Request))
#96 /home/techtaru/crm.techtaru.in/vendor/laravel/framework/src/Illuminate/Pipeline/Pipeline.php(219): Illuminate\\Foundation\\Http\\Middleware\\ConvertEmptyStringsToNull->handle(Object(Illuminate\\Http\\Request), Object(Closure))
#97 /home/techtaru/crm.techtaru.in/vendor/laravel/framework/src/Illuminate/Foundation/Http/Middleware/TrimStrings.php(47): Illuminate\\Pipeline\\Pipeline->Illuminate\\Pipeline\\{closure}(Object(Illuminate\\Http\\Request))
#98 /home/techtaru/crm.techtaru.in/vendor/laravel/framework/src/Illuminate/Pipeline/Pipeline.php(219): Illuminate\\Foundation\\Http\\Middleware\\TrimStrings->handle(Object(Illuminate\\Http\\Request), Object(Closure))
#99 /home/techtaru/crm.techtaru.in/vendor/laravel/framework/src/Illuminate/Http/Middleware/ValidatePostSize.php(27): Illuminate\\Pipeline\\Pipeline->Illuminate\\Pipeline\\{closure}(Object(Illuminate\\Http\\Request))
#100 /home/techtaru/crm.techtaru.in/vendor/laravel/framework/src/Illuminate/Pipeline/Pipeline.php(219): Illuminate\\Http\\Middleware\\ValidatePostSize->handle(Object(Illuminate\\Http\\Request), Object(Closure))
#101 /home/techtaru/crm.techtaru.in/vendor/laravel/framework/src/Illuminate/Foundation/Http/Middleware/PreventRequestsDuringMaintenance.php(109): Illuminate\\Pipeline\\Pipeline->Illuminate\\Pipeline\\{closure}(Object(Illuminate\\Http\\Request))
#102 /home/techtaru/crm.techtaru.in/vendor/laravel/framework/src/Illuminate/Pipeline/Pipeline.php(219): Illuminate\\Foundation\\Http\\Middleware\\PreventRequestsDuringMaintenance->handle(Object(Illuminate\\Http\\Request), Object(Closure))
#103 /home/techtaru/crm.techtaru.in/vendor/laravel/framework/src/Illuminate/Http/Middleware/HandleCors.php(61): Illuminate\\Pipeline\\Pipeline->Illuminate\\Pipeline\\{closure}(Object(Illuminate\\Http\\Request))
#104 /home/techtaru/crm.techtaru.in/vendor/laravel/framework/src/Illuminate/Pipeline/Pipeline.php(219): Illuminate\\Http\\Middleware\\HandleCors->handle(Object(Illuminate\\Http\\Request), Object(Closure))
#105 /home/techtaru/crm.techtaru.in/vendor/laravel/framework/src/Illuminate/Http/Middleware/TrustProxies.php(58): Illuminate\\Pipeline\\Pipeline->Illuminate\\Pipeline\\{closure}(Object(Illuminate\\Http\\Request))
#106 /home/techtaru/crm.techtaru.in/vendor/laravel/framework/src/Illuminate/Pipeline/Pipeline.php(219): Illuminate\\Http\\Middleware\\TrustProxies->handle(Object(Illuminate\\Http\\Request), Object(Closure))
#107 /home/techtaru/crm.techtaru.in/vendor/laravel/framework/src/Illuminate/Foundation/Http/Middleware/InvokeDeferredCallbacks.php(22): Illuminate\\Pipeline\\Pipeline->Illuminate\\Pipeline\\{closure}(Object(Illuminate\\Http\\Request))
#108 /home/techtaru/crm.techtaru.in/vendor/laravel/framework/src/Illuminate/Pipeline/Pipeline.php(219): Illuminate\\Foundation\\Http\\Middleware\\InvokeDeferredCallbacks->handle(Object(Illuminate\\Http\\Request), Object(Closure))
#109 /home/techtaru/crm.techtaru.in/vendor/laravel/framework/src/Illuminate/Http/Middleware/ValidatePathEncoding.php(28): Illuminate\\Pipeline\\Pipeline->Illuminate\\Pipeline\\{closure}(Object(Illuminate\\Http\\Request))
#110 /home/techtaru/crm.techtaru.in/vendor/laravel/framework/src/Illuminate/Pipeline/Pipeline.php(219): Illuminate\\Http\\Middleware\\ValidatePathEncoding->handle(Object(Illuminate\\Http\\Request), Object(Closure))
#111 /home/techtaru/crm.techtaru.in/vendor/laravel/framework/src/Illuminate/Pipeline/Pipeline.php(137): Illuminate\\Pipeline\\Pipeline->Illuminate\\Pipeline\\{closure}(Object(Illuminate\\Http\\Request))
#112 /home/techtaru/crm.techtaru.in/vendor/laravel/framework/src/Illuminate/Foundation/Http/Kernel.php(175): Illuminate\\Pipeline\\Pipeline->then(Object(Closure))
#113 /home/techtaru/crm.techtaru.in/vendor/laravel/framework/src/Illuminate/Foundation/Http/Kernel.php(144): Illuminate\\Foundation\\Http\\Kernel->sendRequestThroughRouter(Object(Illuminate\\Http\\Request))
#114 /home/techtaru/crm.techtaru.in/vendor/laravel/framework/src/Illuminate/Foundation/Application.php(1220): Illuminate\\Foundation\\Http\\Kernel->handle(Object(Illuminate\\Http\\Request))
#115 /home/techtaru/crm.techtaru.in/public/index.php(119): Illuminate\\Foundation\\Application->handleRequest(Object(Illuminate\\Http\\Request))
#116 {main}
"} 
[2026-07-31 07:17:27] local.ERROR: ExportLeads job failed {"tenant_id":5,"user_id":4,"error":"An email must have a \"To\", \"Cc\", or \"Bcc\" header."} 
[2026-07-31 07:17:27] local.ERROR: App\Mail\LeadNotificationMail::__construct(): Argument #4 ($actionUrl) must be of type string, null given, called in /home/techtaru/crm.techtaru.in/app/Notifications/ExportFailedNotification.php on line 26 {"userId":4,"exception":"[object] (TypeError(code: 0): App\\Mail\\LeadNotificationMail::__construct(): Argument #4 ($actionUrl) must be of type string, null given, called in /home/techtaru/crm.techtaru.in/app/Notifications/ExportFailedNotification.php on line 26 at /home/techtaru/crm.techtaru.in/app/Mail/LeadNotificationMail.php:14)
[stacktrace]
#0 /home/techtaru/crm.techtaru.in/app/Notifications/ExportFailedNotification.php(26): App\\Mail\\LeadNotificationMail->__construct('Leads Export Fa...', 'Export Failed', Array, NULL, NULL)
#1 /home/techtaru/crm.techtaru.in/vendor/laravel/framework/src/Illuminate/Notifications/Channels/MailChannel.php(55): App\\Notifications\\ExportFailedNotification->toMail(Object(App\\Models\\User))
#2 /home/techtaru/crm.techtaru.in/vendor/laravel/framework/src/Illuminate/Notifications/NotificationSender.php(164): Illuminate\\Notifications\\Channels\\MailChannel->send(Object(App\\Models\\User), Object(App\\Notifications\\ExportFailedNotification))
#3 /home/techtaru/crm.techtaru.in/vendor/laravel/framework/src/Illuminate/Notifications/NotificationSender.php(119): Illuminate\\Notifications\\NotificationSender->sendToNotifiable(Object(App\\Models\\User), 'a6ed7f4e-f468-4...', Object(App\\Notifications\\ExportFailedNotification), 'mail')
#4 /home/techtaru/crm.techtaru.in/vendor/laravel/framework/src/Illuminate/Support/Traits/Localizable.php(19): Illuminate\\Notifications\\NotificationSender->Illuminate\\Notifications\\{closure}()
#5 /home/techtaru/crm.techtaru.in/vendor/laravel/framework/src/Illuminate/Notifications/NotificationSender.php(114): Illuminate\\Notifications\\NotificationSender->withLocale(NULL, Object(Closure))
#6 /home/techtaru/crm.techtaru.in/vendor/laravel/framework/src/Illuminate/Notifications/ChannelManager.php(61): Illuminate\\Notifications\\NotificationSender->sendNow(Object(Illuminate\\Database\\Eloquent\\Collection), Object(App\\Notifications\\ExportFailedNotification), Array)
#7 /home/techtaru/crm.techtaru.in/vendor/laravel/framework/src/Illuminate/Notifications/SendQueuedNotifications.php(130): Illuminate\\Notifications\\ChannelManager->sendNow(Object(Illuminate\\Database\\Eloquent\\Collection), Object(App\\Notifications\\ExportFailedNotification), Array)
#8 /home/techtaru/crm.techtaru.in/vendor/laravel/framework/src/Illuminate/Container/BoundMethod.php(36): Illuminate\\Notifications\\SendQueuedNotifications->handle(Object(Illuminate\\Notifications\\ChannelManager))
#9 /home/techtaru/crm.techtaru.in/vendor/laravel/framework/src/Illuminate/Container/Util.php(43): Illuminate\\Container\\BoundMethod::Illuminate\\Container\\{closure}()
#10 /home/techtaru/crm.techtaru.in/vendor/laravel/framework/src/Illuminate/Container/BoundMethod.php(96): Illuminate\\Container\\Util::unwrapIfClosure(Object(Closure))
#11 /home/techtaru/crm.techtaru.in/vendor/laravel/framework/src/Illuminate/Container/BoundMethod.php(35): Illuminate\\Container\\BoundMethod::callBoundMethod(Object(Illuminate\\Foundation\\Application), Array, Object(Closure))
#12 /home/techtaru/crm.techtaru.in/vendor/laravel/framework/src/Illuminate/Container/Container.php(799): Illuminate\\Container\\BoundMethod::call(Object(Illuminate\\Foundation\\Application), Array, Array, NULL)
#13 /home/techtaru/crm.techtaru.in/vendor/laravel/framework/src/Illuminate/Bus/Dispatcher.php(135): Illuminate\\Container\\Container->call(Array)
#14 /home/techtaru/crm.techtaru.in/vendor/laravel/framework/src/Illuminate/Pipeline/Pipeline.php(180): Illuminate\\Bus\\Dispatcher->Illuminate\\Bus\\{closure}(Object(Illuminate\\Notifications\\SendQueuedNotifications))
#15 /home/techtaru/crm.techtaru.in/vendor/laravel/framework/src/Illuminate/Pipeline/Pipeline.php(137): Illuminate\\Pipeline\\Pipeline->Illuminate\\Pipeline\\{closure}(Object(Illuminate\\Notifications\\SendQueuedNotifications))
#16 /home/techtaru/crm.techtaru.in/vendor/laravel/framework/src/Illuminate/Bus/Dispatcher.php(139): Illuminate\\Pipeline\\Pipeline->then(Object(Closure))
#17 /home/techtaru/crm.techtaru.in/vendor/laravel/framework/src/Illuminate/Queue/CallQueuedHandler.php(134): Illuminate\\Bus\\Dispatcher->dispatchNow(Object(Illuminate\\Notifications\\SendQueuedNotifications), false)
#18 /home/techtaru/crm.techtaru.in/vendor/laravel/framework/src/Illuminate/Pipeline/Pipeline.php(180): Illuminate\\Queue\\CallQueuedHandler->Illuminate\\Queue\\{closure}(Object(Illuminate\\Notifications\\SendQueuedNotifications))
#19 /home/techtaru/crm.techtaru.in/vendor/laravel/framework/src/Illuminate/Pipeline/Pipeline.php(137): Illuminate\\Pipeline\\Pipeline->Illuminate\\Pipeline\\{closure}(Object(Illuminate\\Notifications\\SendQueuedNotifications))
#20 /home/techtaru/crm.techtaru.in/vendor/laravel/framework/src/Illuminate/Queue/CallQueuedHandler.php(127): Illuminate\\Pipeline\\Pipeline->then(Object(Closure))
#21 /home/techtaru/crm.techtaru.in/vendor/laravel/framework/src/Illuminate/Queue/CallQueuedHandler.php(68): Illuminate\\Queue\\CallQueuedHandler->dispatchThroughMiddleware(Object(Illuminate\\Queue\\Jobs\\SyncJob), Object(Illuminate\\Notifications\\SendQueuedNotifications))
#22 /home/techtaru/crm.techtaru.in/vendor/laravel/framework/src/Illuminate/Queue/Jobs/Job.php(102): Illuminate\\Queue\\CallQueuedHandler->call(Object(Illuminate\\Queue\\Jobs\\SyncJob), Array)
#23 /home/techtaru/crm.techtaru.in/vendor/laravel/framework/src/Illuminate/Queue/SyncQueue.php(131): Illuminate\\Queue\\Jobs\\Job->fire()
#24 /home/techtaru/crm.techtaru.in/vendor/laravel/framework/src/Illuminate/Queue/SyncQueue.php(111): Illuminate\\Queue\\SyncQueue->executeJob(Object(Illuminate\\Notifications\\SendQueuedNotifications), '', NULL)
#25 /home/techtaru/crm.techtaru.in/vendor/laravel/framework/src/Illuminate/Bus/Dispatcher.php(258): Illuminate\\Queue\\SyncQueue->push(Object(Illuminate\\Notifications\\SendQueuedNotifications), '', NULL)
#26 /home/techtaru/crm.techtaru.in/vendor/laravel/framework/src/Illuminate/Bus/Dispatcher.php(238): Illuminate\\Bus\\Dispatcher->pushCommandToQueue(Object(Illuminate\\Queue\\SyncQueue), Object(Illuminate\\Notifications\\SendQueuedNotifications))
#27 /home/techtaru/crm.techtaru.in/vendor/laravel/framework/src/Illuminate/Bus/Dispatcher.php(86): Illuminate\\Bus\\Dispatcher->dispatchToQueue(Object(Illuminate\\Notifications\\SendQueuedNotifications))
#28 /home/techtaru/crm.techtaru.in/vendor/laravel/framework/src/Illuminate/Notifications/NotificationSender.php(280): Illuminate\\Bus\\Dispatcher->dispatch(Object(Illuminate\\Notifications\\SendQueuedNotifications))
#29 /home/techtaru/crm.techtaru.in/vendor/laravel/framework/src/Illuminate/Notifications/NotificationSender.php(89): Illuminate\\Notifications\\NotificationSender->queueNotification(Object(Illuminate\\Database\\Eloquent\\Collection), Object(App\\Notifications\\ExportFailedNotification))
#30 /home/techtaru/crm.techtaru.in/vendor/laravel/framework/src/Illuminate/Notifications/ChannelManager.php(48): Illuminate\\Notifications\\NotificationSender->send(Object(App\\Models\\User), Object(App\\Notifications\\ExportFailedNotification))
#31 /home/techtaru/crm.techtaru.in/vendor/laravel/framework/src/Illuminate/Notifications/RoutesNotifications.php(18): Illuminate\\Notifications\\ChannelManager->send(Object(App\\Models\\User), Object(App\\Notifications\\ExportFailedNotification))
#32 /home/techtaru/crm.techtaru.in/app/Jobs/ExportLeads.php(73): App\\Models\\User->notify(Object(App\\Notifications\\ExportFailedNotification))
#33 /home/techtaru/crm.techtaru.in/vendor/laravel/framework/src/Illuminate/Queue/CallQueuedHandler.php(347): App\\Jobs\\ExportLeads->failed(Object(Symfony\\Component\\Mime\\Exception\\LogicException))
#34 /home/techtaru/crm.techtaru.in/vendor/laravel/framework/src/Illuminate/Queue/Jobs/Job.php(254): Illuminate\\Queue\\CallQueuedHandler->failed(Array, Object(Symfony\\Component\\Mime\\Exception\\LogicException), '1ef65412-a233-4...', Object(Illuminate\\Queue\\Jobs\\SyncJob))
#35 /home/techtaru/crm.techtaru.in/vendor/laravel/framework/src/Illuminate/Queue/Jobs/Job.php(219): Illuminate\\Queue\\Jobs\\Job->failed(Object(Symfony\\Component\\Mime\\Exception\\LogicException))
#36 /home/techtaru/crm.techtaru.in/vendor/laravel/framework/src/Illuminate/Queue/SyncQueue.php(224): Illuminate\\Queue\\Jobs\\Job->fail(Object(Symfony\\Component\\Mime\\Exception\\LogicException))
#37 /home/techtaru/crm.techtaru.in/vendor/laravel/framework/src/Illuminate/Queue/SyncQueue.php(137): Illuminate\\Queue\\SyncQueue->handleException(Object(Illuminate\\Queue\\Jobs\\SyncJob), Object(Symfony\\Component\\Mime\\Exception\\LogicException))
#38 /home/techtaru/crm.techtaru.in/vendor/laravel/framework/src/Illuminate/Queue/SyncQueue.php(111): Illuminate\\Queue\\SyncQueue->executeJob(Object(App\\Jobs\\ExportLeads), '', 'exports')
#39 /home/techtaru/crm.techtaru.in/vendor/laravel/framework/src/Illuminate/Bus/Dispatcher.php(258): Illuminate\\Queue\\SyncQueue->push(Object(App\\Jobs\\ExportLeads), '', 'exports')
#40 /home/techtaru/crm.techtaru.in/vendor/laravel/framework/src/Illuminate/Bus/Dispatcher.php(238): Illuminate\\Bus\\Dispatcher->pushCommandToQueue(Object(Illuminate\\Queue\\SyncQueue), Object(App\\Jobs\\ExportLeads))
#41 /home/techtaru/crm.techtaru.in/vendor/laravel/framework/src/Illuminate/Bus/Dispatcher.php(86): Illuminate\\Bus\\Dispatcher->dispatchToQueue(Object(App\\Jobs\\ExportLeads))
#42 /home/techtaru/crm.techtaru.in/vendor/laravel/framework/src/Illuminate/Foundation/Bus/PendingDispatch.php(252): Illuminate\\Bus\\Dispatcher->dispatch(Object(App\\Jobs\\ExportLeads))
#43 /home/techtaru/crm.techtaru.in/vendor/laravel/framework/src/Illuminate/Foundation/Bus/Dispatchable.php(19): Illuminate\\Foundation\\Bus\\PendingDispatch->__destruct()
#44 /home/techtaru/crm.techtaru.in/app/Filament/Resources/LeadResource.php(624): App\\Jobs\\ExportLeads::dispatch(5, 4, Array)
#45 /home/techtaru/crm.techtaru.in/vendor/filament/support/src/Concerns/EvaluatesClosures.php(36): App\\Filament\\Resources\\LeadResource::App\\Filament\\Resources\\{closure}(Object(Illuminate\\Database\\Eloquent\\Collection))
#46 /home/techtaru/crm.techtaru.in/vendor/filament/actions/src/Action.php(644): Filament\\Support\\Components\\Component->evaluate(Object(Closure), Array)
#47 /home/techtaru/crm.techtaru.in/vendor/filament/actions/src/Concerns/InteractsWithActions.php(269): Filament\\Actions\\Action->call(Array)
#48 /home/techtaru/crm.techtaru.in/vendor/filament/actions/src/Concerns/InteractsWithActions.php(184): Filament\\Pages\\BasePage->callMountedAction()
#49 /home/techtaru/crm.techtaru.in/vendor/laravel/framework/src/Illuminate/Container/BoundMethod.php(36): Filament\\Pages\\BasePage->mountAction('export', Array, Array)
#50 /home/techtaru/crm.techtaru.in/vendor/laravel/framework/src/Illuminate/Container/Util.php(43): Illuminate\\Container\\BoundMethod::Illuminate\\Container\\{closure}()
#51 /home/techtaru/crm.techtaru.in/vendor/laravel/framework/src/Illuminate/Container/BoundMethod.php(96): Illuminate\\Container\\Util::unwrapIfClosure(Object(Closure))
#52 /home/techtaru/crm.techtaru.in/vendor/laravel/framework/src/Illuminate/Container/BoundMethod.php(35): Illuminate\\Container\\BoundMethod::callBoundMethod(Object(Illuminate\\Foundation\\Application), Array, Object(Closure))
#53 /home/techtaru/crm.techtaru.in/vendor/livewire/livewire/src/Wrapped.php(23): Illuminate\\Container\\BoundMethod::call(Object(Illuminate\\Foundation\\Application), Array, Array)
#54 /home/techtaru/crm.techtaru.in/vendor/livewire/livewire/src/Mechanisms/HandleComponents/HandleComponents.php(492): Livewire\\Wrapped->__call('mountAction', Array)
#55 /home/techtaru/crm.techtaru.in/vendor/livewire/livewire/src/Mechanisms/HandleComponents/HandleComponents.php(101): Livewire\\Mechanisms\\HandleComponents\\HandleComponents->callMethods(Object(App\\Filament\\Resources\\LeadResource\\Pages\\ListLeads), Array, Object(Livewire\\Mechanisms\\HandleComponents\\ComponentContext))
#56 /home/techtaru/crm.techtaru.in/vendor/livewire/livewire/src/LivewireManager.php(102): Livewire\\Mechanisms\\HandleComponents\\HandleComponents->update(Array, Array, Array)
#57 /home/techtaru/crm.techtaru.in/vendor/livewire/livewire/src/Mechanisms/HandleRequests/HandleRequests.php(131): Livewire\\LivewireManager->update(Array, Array, Array)
#58 /home/techtaru/crm.techtaru.in/vendor/laravel/framework/src/Illuminate/Routing/ControllerDispatcher.php(46): Livewire\\Mechanisms\\HandleRequests\\HandleRequests->handleUpdate()
#59 /home/techtaru/crm.techtaru.in/vendor/laravel/framework/src/Illuminate/Routing/Route.php(269): Illuminate\\Routing\\ControllerDispatcher->dispatch(Object(Illuminate\\Routing\\Route), Object(Livewire\\Mechanisms\\HandleRequests\\HandleRequests), 'handleUpdate')
#60 /home/techtaru/crm.techtaru.in/vendor/laravel/framework/src/Illuminate/Routing/Route.php(215): Illuminate\\Routing\\Route->runController()
#61 /home/techtaru/crm.techtaru.in/vendor/laravel/framework/src/Illuminate/Routing/Router.php(822): Illuminate\\Routing\\Route->run()
#62 /home/techtaru/crm.techtaru.in/vendor/laravel/framework/src/Illuminate/Pipeline/Pipeline.php(180): Illuminate\\Routing\\Router->Illuminate\\Routing\\{closure}(Object(Illuminate\\Http\\Request))
#63 /home/techtaru/crm.techtaru.in/app/Http/Middleware/SecurityHeaders.php(39): Illuminate\\Pipeline\\Pipeline->Illuminate\\Pipeline\\{closure}(Object(Illuminate\\Http\\Request))
#64 /home/techtaru/crm.techtaru.in/vendor/laravel/framework/src/Illuminate/Pipeline/Pipeline.php(219): App\\Http\\Middleware\\SecurityHeaders->handle(Object(Illuminate\\Http\\Request), Object(Closure))
#65 /home/techtaru/crm.techtaru.in/app/Http/Middleware/SetLocale.php(108): Illuminate\\Pipeline\\Pipeline->Illuminate\\Pipeline\\{closure}(Object(Illuminate\\Http\\Request))
#66 /home/techtaru/crm.techtaru.in/vendor/laravel/framework/src/Illuminate/Pipeline/Pipeline.php(219): App\\Http\\Middleware\\SetLocale->handle(Object(Illuminate\\Http\\Request), Object(Closure))
#67 /home/techtaru/crm.techtaru.in/app/Http/Middleware/TrackUserSession.php(55): Illuminate\\Pipeline\\Pipeline->Illuminate\\Pipeline\\{closure}(Object(Illuminate\\Http\\Request))
#68 /home/techtaru/crm.techtaru.in/vendor/laravel/framework/src/Illuminate/Pipeline/Pipeline.php(219): App\\Http\\Middleware\\TrackUserSession->handle(Object(Illuminate\\Http\\Request), Object(Closure))
#69 /home/techtaru/crm.techtaru.in/app/Http/Middleware/ResolveTenant.php(45): Illuminate\\Pipeline\\Pipeline->Illuminate\\Pipeline\\{closure}(Object(Illuminate\\Http\\Request))
#70 /home/techtaru/crm.techtaru.in/vendor/laravel/framework/src/Illuminate/Pipeline/Pipeline.php(219): App\\Http\\Middleware\\ResolveTenant->handle(Object(Illuminate\\Http\\Request), Object(Closure))
#71 /home/techtaru/crm.techtaru.in/vendor/laravel/framework/src/Illuminate/Routing/Middleware/SubstituteBindings.php(52): Illuminate\\Pipeline\\Pipeline->Illuminate\\Pipeline\\{closure}(Object(Illuminate\\Http\\Request))
#72 /home/techtaru/crm.techtaru.in/vendor/laravel/framework/src/Illuminate/Pipeline/Pipeline.php(219): Illuminate\\Routing\\Middleware\\SubstituteBindings->handle(Object(Illuminate\\Http\\Request), Object(Closure))
#73 /home/techtaru/crm.techtaru.in/vendor/laravel/framework/src/Illuminate/Foundation/Http/Middleware/PreventRequestForgery.php(104): Illuminate\\Pipeline\\Pipeline->Illuminate\\Pipeline\\{closure}(Object(Illuminate\\Http\\Request))
#74 /home/techtaru/crm.techtaru.in/vendor/laravel/framework/src/Illuminate/Pipeline/Pipeline.php(219): Illuminate\\Foundation\\Http\\Middleware\\PreventRequestForgery->handle(Object(Illuminate\\Http\\Request), Object(Closure))
#75 /home/techtaru/crm.techtaru.in/vendor/laravel/framework/src/Illuminate/View/Middleware/ShareErrorsFromSession.php(48): Illuminate\\Pipeline\\Pipeline->Illuminate\\Pipeline\\{closure}(Object(Illuminate\\Http\\Request))
#76 /home/techtaru/crm.techtaru.in/vendor/laravel/framework/src/Illuminate/Pipeline/Pipeline.php(219): Illuminate\\View\\Middleware\\ShareErrorsFromSession->handle(Object(Illuminate\\Http\\Request), Object(Closure))
#77 /home/techtaru/crm.techtaru.in/vendor/laravel/framework/src/Illuminate/Session/Middleware/StartSession.php(120): Illuminate\\Pipeline\\Pipeline->Illuminate\\Pipeline\\{closure}(Object(Illuminate\\Http\\Request))
#78 /home/techtaru/crm.techtaru.in/vendor/laravel/framework/src/Illuminate/Session/Middleware/StartSession.php(63): Illuminate\\Session\\Middleware\\StartSession->handleStatefulRequest(Object(Illuminate\\Http\\Request), Object(Illuminate\\Session\\Store), Object(Closure))
#79 /home/techtaru/crm.techtaru.in/vendor/laravel/framework/src/Illuminate/Pipeline/Pipeline.php(219): Illuminate\\Session\\Middleware\\StartSession->handle(Object(Illuminate\\Http\\Request), Object(Closure))
#80 /home/techtaru/crm.techtaru.in/vendor/laravel/framework/src/Illuminate/Cookie/Middleware/AddQueuedCookiesToResponse.php(36): Illuminate\\Pipeline\\Pipeline->Illuminate\\Pipeline\\{closure}(Object(Illuminate\\Http\\Request))
#81 /home/techtaru/crm.techtaru.in/vendor/laravel/framework/src/Illuminate/Pipeline/Pipeline.php(219): Illuminate\\Cookie\\Middleware\\AddQueuedCookiesToResponse->handle(Object(Illuminate\\Http\\Request), Object(Closure))
#82 /home/techtaru/crm.techtaru.in/vendor/laravel/framework/src/Illuminate/Cookie/Middleware/EncryptCookies.php(74): Illuminate\\Pipeline\\Pipeline->Illuminate\\Pipeline\\{closure}(Object(Illuminate\\Http\\Request))
#83 /home/techtaru/crm.techtaru.in/vendor/laravel/framework/src/Illuminate/Pipeline/Pipeline.php(219): Illuminate\\Cookie\\Middleware\\EncryptCookies->handle(Object(Illuminate\\Http\\Request), Object(Closure))
#84 /home/techtaru/crm.techtaru.in/vendor/laravel/framework/src/Illuminate/Http/Middleware/TrustProxies.php(58): Illuminate\\Pipeline\\Pipeline->Illuminate\\Pipeline\\{closure}(Object(Illuminate\\Http\\Request))
#85 /home/techtaru/crm.techtaru.in/vendor/laravel/framework/src/Illuminate/Pipeline/Pipeline.php(219): Illuminate\\Http\\Middleware\\TrustProxies->handle(Object(Illuminate\\Http\\Request), Object(Closure))
#86 /home/techtaru/crm.techtaru.in/vendor/laravel/framework/src/Illuminate/Pipeline/Pipeline.php(137): Illuminate\\Pipeline\\Pipeline->Illuminate\\Pipeline\\{closure}(Object(Illuminate\\Http\\Request))
#87 /home/techtaru/crm.techtaru.in/vendor/laravel/framework/src/Illuminate/Routing/Router.php(821): Illuminate\\Pipeline\\Pipeline->then(Object(Closure))
#88 /home/techtaru/crm.techtaru.in/vendor/laravel/framework/src/Illuminate/Routing/Router.php(800): Illuminate\\Routing\\Router->runRouteWithinStack(Object(Illuminate\\Routing\\Route), Object(Illuminate\\Http\\Request))
#89 /home/techtaru/crm.techtaru.in/vendor/laravel/framework/src/Illuminate/Routing/Router.php(764): Illuminate\\Routing\\Router->runRoute(Object(Illuminate\\Http\\Request), Object(Illuminate\\Routing\\Route))
#90 /home/techtaru/crm.techtaru.in/vendor/laravel/framework/src/Illuminate/Routing/Router.php(753): Illuminate\\Routing\\Router->dispatchToRoute(Object(Illuminate\\Http\\Request))
#91 /home/techtaru/crm.techtaru.in/vendor/laravel/framework/src/Illuminate/Foundation/Http/Kernel.php(200): Illuminate\\Routing\\Router->dispatch(Object(Illuminate\\Http\\Request))
#92 /home/techtaru/crm.techtaru.in/vendor/laravel/framework/src/Illuminate/Pipeline/Pipeline.php(180): Illuminate\\Foundation\\Http\\Kernel->Illuminate\\Foundation\\Http\\{closure}(Object(Illuminate\\Http\\Request))
#93 /home/techtaru/crm.techtaru.in/vendor/livewire/livewire/src/Features/SupportDisablingBackButtonCache/DisableBackButtonCacheMiddleware.php(19): Illuminate\\Pipeline\\Pipeline->Illuminate\\Pipeline\\{closure}(Object(Illuminate\\Http\\Request))
#94 /home/techtaru/crm.techtaru.in/vendor/laravel/framework/src/Illuminate/Pipeline/Pipeline.php(219): Livewire\\Features\\SupportDisablingBackButtonCache\\DisableBackButtonCacheMiddleware->handle(Object(Illuminate\\Http\\Request), Object(Closure))
#95 /home/techtaru/crm.techtaru.in/vendor/laravel/framework/src/Illuminate/Foundation/Http/Middleware/ConvertEmptyStringsToNull.php(27): Illuminate\\Pipeline\\Pipeline->Illuminate\\Pipeline\\{closure}(Object(Illuminate\\Http\\Request))
#96 /home/techtaru/crm.techtaru.in/vendor/laravel/framework/src/Illuminate/Pipeline/Pipeline.php(219): Illuminate\\Foundation\\Http\\Middleware\\ConvertEmptyStringsToNull->handle(Object(Illuminate\\Http\\Request), Object(Closure))
#97 /home/techtaru/crm.techtaru.in/vendor/laravel/framework/src/Illuminate/Foundation/Http/Middleware/TrimStrings.php(47): Illuminate\\Pipeline\\Pipeline->Illuminate\\Pipeline\\{closure}(Object(Illuminate\\Http\\Request))
#98 /home/techtaru/crm.techtaru.in/vendor/laravel/framework/src/Illuminate/Pipeline/Pipeline.php(219): Illuminate\\Foundation\\Http\\Middleware\\TrimStrings->handle(Object(Illuminate\\Http\\Request), Object(Closure))
#99 /home/techtaru/crm.techtaru.in/vendor/laravel/framework/src/Illuminate/Http/Middleware/ValidatePostSize.php(27): Illuminate\\Pipeline\\Pipeline->Illuminate\\Pipeline\\{closure}(Object(Illuminate\\Http\\Request))
#100 /home/techtaru/crm.techtaru.in/vendor/laravel/framework/src/Illuminate/Pipeline/Pipeline.php(219): Illuminate\\Http\\Middleware\\ValidatePostSize->handle(Object(Illuminate\\Http\\Request), Object(Closure))
#101 /home/techtaru/crm.techtaru.in/vendor/laravel/framework/src/Illuminate/Foundation/Http/Middleware/PreventRequestsDuringMaintenance.php(109): Illuminate\\Pipeline\\Pipeline->Illuminate\\Pipeline\\{closure}(Object(Illuminate\\Http\\Request))
#102 /home/techtaru/crm.techtaru.in/vendor/laravel/framework/src/Illuminate/Pipeline/Pipeline.php(219): Illuminate\\Foundation\\Http\\Middleware\\PreventRequestsDuringMaintenance->handle(Object(Illuminate\\Http\\Request), Object(Closure))
#103 /home/techtaru/crm.techtaru.in/vendor/laravel/framework/src/Illuminate/Http/Middleware/HandleCors.php(61): Illuminate\\Pipeline\\Pipeline->Illuminate\\Pipeline\\{closure}(Object(Illuminate\\Http\\Request))
#104 /home/techtaru/crm.techtaru.in/vendor/laravel/framework/src/Illuminate/Pipeline/Pipeline.php(219): Illuminate\\Http\\Middleware\\HandleCors->handle(Object(Illuminate\\Http\\Request), Object(Closure))
#105 /home/techtaru/crm.techtaru.in/vendor/laravel/framework/src/Illuminate/Http/Middleware/TrustProxies.php(58): Illuminate\\Pipeline\\Pipeline->Illuminate\\Pipeline\\{closure}(Object(Illuminate\\Http\\Request))
#106 /home/techtaru/crm.techtaru.in/vendor/laravel/framework/src/Illuminate/Pipeline/Pipeline.php(219): Illuminate\\Http\\Middleware\\TrustProxies->handle(Object(Illuminate\\Http\\Request), Object(Closure))
#107 /home/techtaru/crm.techtaru.in/vendor/laravel/framework/src/Illuminate/Foundation/Http/Middleware/InvokeDeferredCallbacks.php(22): Illuminate\\Pipeline\\Pipeline->Illuminate\\Pipeline\\{closure}(Object(Illuminate\\Http\\Request))
#108 /home/techtaru/crm.techtaru.in/vendor/laravel/framework/src/Illuminate/Pipeline/Pipeline.php(219): Illuminate\\Foundation\\Http\\Middleware\\InvokeDeferredCallbacks->handle(Object(Illuminate\\Http\\Request), Object(Closure))
#109 /home/techtaru/crm.techtaru.in/vendor/laravel/framework/src/Illuminate/Http/Middleware/ValidatePathEncoding.php(28): Illuminate\\Pipeline\\Pipeline->Illuminate\\Pipeline\\{closure}(Object(Illuminate\\Http\\Request))
#110 /home/techtaru/crm.techtaru.in/vendor/laravel/framework/src/Illuminate/Pipeline/Pipeline.php(219): Illuminate\\Http\\Middleware\\ValidatePathEncoding->handle(Object(Illuminate\\Http\\Request), Object(Closure))
#111 /home/techtaru/crm.techtaru.in/vendor/laravel/framework/src/Illuminate/Pipeline/Pipeline.php(137): Illuminate\\Pipeline\\Pipeline->Illuminate\\Pipeline\\{closure}(Object(Illuminate\\Http\\Request))
#112 /home/techtaru/crm.techtaru.in/vendor/laravel/framework/src/Illuminate/Foundation/Http/Kernel.php(175): Illuminate\\Pipeline\\Pipeline->then(Object(Closure))
#113 /home/techtaru/crm.techtaru.in/vendor/laravel/framework/src/Illuminate/Foundation/Http/Kernel.php(144): Illuminate\\Foundation\\Http\\Kernel->sendRequestThroughRouter(Object(Illuminate\\Http\\Request))
#114 /home/techtaru/crm.techtaru.in/vendor/laravel/framework/src/Illuminate/Foundation/Application.php(1220): Illuminate\\Foundation\\Http\\Kernel->handle(Object(Illuminate\\Http\\Request))
#115 /home/techtaru/crm.techtaru.in/public/index.php(119): Illuminate\\Foundation\\Application->handleRequest(Object(Illuminate\\Http\\Request))
#116 {main}
"} 
[2026-07-31 07:28:14] local.ERROR: An email must have a "To", "Cc", or "Bcc" header. {"userId":4,"exception":"[object] (Symfony\\Component\\Mime\\Exception\\LogicException(code: 0): An email must have a \"To\", \"Cc\", or \"Bcc\" header. at /home/techtaru/crm.techtaru.in/vendor/symfony/mime/Message.php:128)
[stacktrace]
#0 /home/techtaru/crm.techtaru.in/vendor/symfony/mime/Email.php(399): Symfony\\Component\\Mime\\Message->ensureValidity()
#1 /home/techtaru/crm.techtaru.in/vendor/symfony/mailer/SentMessage.php(34): Symfony\\Component\\Mime\\Email->ensureValidity()
#2 /home/techtaru/crm.techtaru.in/vendor/laravel/framework/src/Illuminate/Mail/Transport/LogTransport.php(56): Symfony\\Component\\Mailer\\SentMessage->__construct(Object(Symfony\\Component\\Mime\\Email), Object(Symfony\\Component\\Mailer\\DelayedEnvelope))
#3 /home/techtaru/crm.techtaru.in/vendor/laravel/framework/src/Illuminate/Mail/Mailer.php(584): Illuminate\\Mail\\Transport\\LogTransport->send(Object(Symfony\\Component\\Mime\\Email), Object(Symfony\\Component\\Mailer\\DelayedEnvelope))
#4 /home/techtaru/crm.techtaru.in/vendor/laravel/framework/src/Illuminate/Mail/Mailer.php(331): Illuminate\\Mail\\Mailer->sendSymfonyMessage(Object(Symfony\\Component\\Mime\\Email))
#5 /home/techtaru/crm.techtaru.in/vendor/laravel/framework/src/Illuminate/Mail/Mailable.php(207): Illuminate\\Mail\\Mailer->send('emails.lead-not...', Array, Object(Closure))
#6 /home/techtaru/crm.techtaru.in/vendor/laravel/framework/src/Illuminate/Support/Traits/Localizable.php(19): Illuminate\\Mail\\Mailable->Illuminate\\Mail\\{closure}()
#7 /home/techtaru/crm.techtaru.in/vendor/laravel/framework/src/Illuminate/Mail/Mailable.php(200): Illuminate\\Mail\\Mailable->withLocale(NULL, Object(Closure))
#8 /home/techtaru/crm.techtaru.in/vendor/laravel/framework/src/Illuminate/Notifications/Channels/MailChannel.php(63): Illuminate\\Mail\\Mailable->send(Object(Illuminate\\Mail\\MailManager))
#9 /home/techtaru/crm.techtaru.in/vendor/laravel/framework/src/Illuminate/Notifications/NotificationSender.php(164): Illuminate\\Notifications\\Channels\\MailChannel->send(Object(App\\Models\\User), Object(App\\Notifications\\LeadAssignedNotification))
#10 /home/techtaru/crm.techtaru.in/vendor/laravel/framework/src/Illuminate/Notifications/NotificationSender.php(119): Illuminate\\Notifications\\NotificationSender->sendToNotifiable(Object(App\\Models\\User), '53734178-5484-4...', Object(App\\Notifications\\LeadAssignedNotification), 'mail')
#11 /home/techtaru/crm.techtaru.in/vendor/laravel/framework/src/Illuminate/Support/Traits/Localizable.php(19): Illuminate\\Notifications\\NotificationSender->Illuminate\\Notifications\\{closure}()
#12 /home/techtaru/crm.techtaru.in/vendor/laravel/framework/src/Illuminate/Notifications/NotificationSender.php(114): Illuminate\\Notifications\\NotificationSender->withLocale(NULL, Object(Closure))
#13 /home/techtaru/crm.techtaru.in/vendor/laravel/framework/src/Illuminate/Notifications/ChannelManager.php(61): Illuminate\\Notifications\\NotificationSender->sendNow(Object(Illuminate\\Database\\Eloquent\\Collection), Object(App\\Notifications\\LeadAssignedNotification), Array)
#14 /home/techtaru/crm.techtaru.in/vendor/laravel/framework/src/Illuminate/Notifications/SendQueuedNotifications.php(130): Illuminate\\Notifications\\ChannelManager->sendNow(Object(Illuminate\\Database\\Eloquent\\Collection), Object(App\\Notifications\\LeadAssignedNotification), Array)
#15 /home/techtaru/crm.techtaru.in/vendor/laravel/framework/src/Illuminate/Container/BoundMethod.php(36): Illuminate\\Notifications\\SendQueuedNotifications->handle(Object(Illuminate\\Notifications\\ChannelManager))
#16 /home/techtaru/crm.techtaru.in/vendor/laravel/framework/src/Illuminate/Container/Util.php(43): Illuminate\\Container\\BoundMethod::Illuminate\\Container\\{closure}()
#17 /home/techtaru/crm.techtaru.in/vendor/laravel/framework/src/Illuminate/Container/BoundMethod.php(96): Illuminate\\Container\\Util::unwrapIfClosure(Object(Closure))
#18 /home/techtaru/crm.techtaru.in/vendor/laravel/framework/src/Illuminate/Container/BoundMethod.php(35): Illuminate\\Container\\BoundMethod::callBoundMethod(Object(Illuminate\\Foundation\\Application), Array, Object(Closure))
#19 /home/techtaru/crm.techtaru.in/vendor/laravel/framework/src/Illuminate/Container/Container.php(799): Illuminate\\Container\\BoundMethod::call(Object(Illuminate\\Foundation\\Application), Array, Array, NULL)
#20 /home/techtaru/crm.techtaru.in/vendor/laravel/framework/src/Illuminate/Bus/Dispatcher.php(135): Illuminate\\Container\\Container->call(Array)
#21 /home/techtaru/crm.techtaru.in/vendor/laravel/framework/src/Illuminate/Pipeline/Pipeline.php(180): Illuminate\\Bus\\Dispatcher->Illuminate\\Bus\\{closure}(Object(Illuminate\\Notifications\\SendQueuedNotifications))
#22 /home/techtaru/crm.techtaru.in/vendor/laravel/framework/src/Illuminate/Pipeline/Pipeline.php(137): Illuminate\\Pipeline\\Pipeline->Illuminate\\Pipeline\\{closure}(Object(Illuminate\\Notifications\\SendQueuedNotifications))
#23 /home/techtaru/crm.techtaru.in/vendor/laravel/framework/src/Illuminate/Bus/Dispatcher.php(139): Illuminate\\Pipeline\\Pipeline->then(Object(Closure))
#24 /home/techtaru/crm.techtaru.in/vendor/laravel/framework/src/Illuminate/Queue/CallQueuedHandler.php(134): Illuminate\\Bus\\Dispatcher->dispatchNow(Object(Illuminate\\Notifications\\SendQueuedNotifications), false)
#25 /home/techtaru/crm.techtaru.in/vendor/laravel/framework/src/Illuminate/Pipeline/Pipeline.php(180): Illuminate\\Queue\\CallQueuedHandler->Illuminate\\Queue\\{closure}(Object(Illuminate\\Notifications\\SendQueuedNotifications))
#26 /home/techtaru/crm.techtaru.in/vendor/laravel/framework/src/Illuminate/Pipeline/Pipeline.php(137): Illuminate\\Pipeline\\Pipeline->Illuminate\\Pipeline\\{closure}(Object(Illuminate\\Notifications\\SendQueuedNotifications))
#27 /home/techtaru/crm.techtaru.in/vendor/laravel/framework/src/Illuminate/Queue/CallQueuedHandler.php(127): Illuminate\\Pipeline\\Pipeline->then(Object(Closure))
#28 /home/techtaru/crm.techtaru.in/vendor/laravel/framework/src/Illuminate/Queue/CallQueuedHandler.php(68): Illuminate\\Queue\\CallQueuedHandler->dispatchThroughMiddleware(Object(Illuminate\\Queue\\Jobs\\SyncJob), Object(Illuminate\\Notifications\\SendQueuedNotifications))
#29 /home/techtaru/crm.techtaru.in/vendor/laravel/framework/src/Illuminate/Queue/Jobs/Job.php(102): Illuminate\\Queue\\CallQueuedHandler->call(Object(Illuminate\\Queue\\Jobs\\SyncJob), Array)
#30 /home/techtaru/crm.techtaru.in/vendor/laravel/framework/src/Illuminate/Queue/SyncQueue.php(131): Illuminate\\Queue\\Jobs\\Job->fire()
#31 /home/techtaru/crm.techtaru.in/vendor/laravel/framework/src/Illuminate/Queue/SyncQueue.php(111): Illuminate\\Queue\\SyncQueue->executeJob(Object(Illuminate\\Notifications\\SendQueuedNotifications), '', NULL)
#32 /home/techtaru/crm.techtaru.in/vendor/laravel/framework/src/Illuminate/Bus/Dispatcher.php(258): Illuminate\\Queue\\SyncQueue->push(Object(Illuminate\\Notifications\\SendQueuedNotifications), '', NULL)
#33 /home/techtaru/crm.techtaru.in/vendor/laravel/framework/src/Illuminate/Bus/Dispatcher.php(238): Illuminate\\Bus\\Dispatcher->pushCommandToQueue(Object(Illuminate\\Queue\\SyncQueue), Object(Illuminate\\Notifications\\SendQueuedNotifications))
#34 /home/techtaru/crm.techtaru.in/vendor/laravel/framework/src/Illuminate/Bus/Dispatcher.php(86): Illuminate\\Bus\\Dispatcher->dispatchToQueue(Object(Illuminate\\Notifications\\SendQueuedNotifications))
#35 /home/techtaru/crm.techtaru.in/vendor/laravel/framework/src/Illuminate/Notifications/NotificationSender.php(280): Illuminate\\Bus\\Dispatcher->dispatch(Object(Illuminate\\Notifications\\SendQueuedNotifications))
#36 /home/techtaru/crm.techtaru.in/vendor/laravel/framework/src/Illuminate/Notifications/NotificationSender.php(89): Illuminate\\Notifications\\NotificationSender->queueNotification(Object(Illuminate\\Database\\Eloquent\\Collection), Object(App\\Notifications\\LeadAssignedNotification))
#37 /home/techtaru/crm.techtaru.in/vendor/laravel/framework/src/Illuminate/Notifications/ChannelManager.php(48): Illuminate\\Notifications\\NotificationSender->send(Object(App\\Models\\User), Object(App\\Notifications\\LeadAssignedNotification))
#38 /home/techtaru/crm.techtaru.in/vendor/laravel/framework/src/Illuminate/Notifications/RoutesNotifications.php(18): Illuminate\\Notifications\\ChannelManager->send(Object(App\\Models\\User), Object(App\\Notifications\\LeadAssignedNotification))
#39 /home/techtaru/crm.techtaru.in/app/Listeners/Lead/NotifyLeadAssignee.php(32): App\\Models\\User->notify(Object(App\\Notifications\\LeadAssignedNotification))
#40 /home/techtaru/crm.techtaru.in/vendor/laravel/framework/src/Illuminate/Events/Dispatcher.php(518): App\\Listeners\\Lead\\NotifyLeadAssignee->handle(Object(App\\Events\\LeadAssigned))
#41 /home/techtaru/crm.techtaru.in/vendor/laravel/framework/src/Illuminate/Events/Dispatcher.php(328): Illuminate\\Events\\Dispatcher->Illuminate\\Events\\{closure}('App\\\\Events\\\\Lead...', Array)
#42 /home/techtaru/crm.techtaru.in/vendor/laravel/framework/src/Illuminate/Events/Dispatcher.php(308): Illuminate\\Events\\Dispatcher->invokeListeners('App\\\\Events\\\\Lead...', Array, false)
#43 /home/techtaru/crm.techtaru.in/vendor/laravel/framework/src/Illuminate/Foundation/helpers.php(505): Illuminate\\Events\\Dispatcher->dispatch(Object(App\\Events\\LeadAssigned))
#44 /home/techtaru/crm.techtaru.in/app/Observers/LeadObserver.php(214): event(Object(App\\Events\\LeadAssigned))
#45 /home/techtaru/crm.techtaru.in/vendor/laravel/framework/src/Illuminate/Events/Dispatcher.php(518): App\\Observers\\LeadObserver->updating(Object(App\\Models\\Lead))
#46 /home/techtaru/crm.techtaru.in/vendor/laravel/framework/src/Illuminate/Events/Dispatcher.php(328): Illuminate\\Events\\Dispatcher->Illuminate\\Events\\{closure}('eloquent.updati...', Array)
#47 /home/techtaru/crm.techtaru.in/vendor/laravel/framework/src/Illuminate/Events/Dispatcher.php(308): Illuminate\\Events\\Dispatcher->invokeListeners('eloquent.updati...', Array, true)
#48 /home/techtaru/crm.techtaru.in/vendor/laravel/framework/src/Illuminate/Events/Dispatcher.php(268): Illuminate\\Events\\Dispatcher->dispatch('eloquent.updati...', Object(App\\Models\\Lead), true)
#49 /home/techtaru/crm.techtaru.in/vendor/laravel/framework/src/Illuminate/Database/Eloquent/Concerns/HasEvents.php(224): Illuminate\\Events\\Dispatcher->until('eloquent.updati...', Object(App\\Models\\Lead))
#50 /home/techtaru/crm.techtaru.in/vendor/laravel/framework/src/Illuminate/Database/Eloquent/Model.php(1391): Illuminate\\Database\\Eloquent\\Model->fireModelEvent('updating')
#51 /home/techtaru/crm.techtaru.in/vendor/laravel/framework/src/Illuminate/Database/Eloquent/Model.php(1290): Illuminate\\Database\\Eloquent\\Model->performUpdate(Object(Illuminate\\Database\\Eloquent\\Builder))
#52 /home/techtaru/crm.techtaru.in/vendor/laravel/framework/src/Illuminate/Database/Eloquent/Model.php(1147): Illuminate\\Database\\Eloquent\\Model->save(Array)
#53 /home/techtaru/crm.techtaru.in/vendor/filament/filament/src/Resources/Pages/EditRecord.php(272): Illuminate\\Database\\Eloquent\\Model->update(Array)
#54 /home/techtaru/crm.techtaru.in/vendor/filament/filament/src/Resources/Pages/EditRecord.php(165): Filament\\Resources\\Pages\\EditRecord->handleRecordUpdate(Object(App\\Models\\Lead), Array)
#55 /home/techtaru/crm.techtaru.in/vendor/laravel/framework/src/Illuminate/Container/BoundMethod.php(36): Filament\\Resources\\Pages\\EditRecord->save(true, true)
#56 /home/techtaru/crm.techtaru.in/vendor/laravel/framework/src/Illuminate/Container/Util.php(43): Illuminate\\Container\\BoundMethod::Illuminate\\Container\\{closure}()
#57 /home/techtaru/crm.techtaru.in/vendor/laravel/framework/src/Illuminate/Container/BoundMethod.php(96): Illuminate\\Container\\Util::unwrapIfClosure(Object(Closure))
#58 /home/techtaru/crm.techtaru.in/vendor/laravel/framework/src/Illuminate/Container/BoundMethod.php(35): Illuminate\\Container\\BoundMethod::callBoundMethod(Object(Illuminate\\Foundation\\Application), Array, Object(Closure))
#59 /home/techtaru/crm.techtaru.in/vendor/livewire/livewire/src/Wrapped.php(23): Illuminate\\Container\\BoundMethod::call(Object(Illuminate\\Foundation\\Application), Array, Array)
#60 /home/techtaru/crm.techtaru.in/vendor/livewire/livewire/src/Mechanisms/HandleComponents/HandleComponents.php(492): Livewire\\Wrapped->__call('save', Array)
#61 /home/techtaru/crm.techtaru.in/vendor/livewire/livewire/src/Mechanisms/HandleComponents/HandleComponents.php(101): Livewire\\Mechanisms\\HandleComponents\\HandleComponents->callMethods(Object(App\\Filament\\Resources\\LeadResource\\Pages\\EditLead), Array, Object(Livewire\\Mechanisms\\HandleComponents\\ComponentContext))
#62 /home/techtaru/crm.techtaru.in/vendor/livewire/livewire/src/LivewireManager.php(102): Livewire\\Mechanisms\\HandleComponents\\HandleComponents->update(Array, Array, Array)
#63 /home/techtaru/crm.techtaru.in/vendor/livewire/livewire/src/Mechanisms/HandleRequests/HandleRequests.php(131): Livewire\\LivewireManager->update(Array, Array, Array)
#64 /home/techtaru/crm.techtaru.in/vendor/laravel/framework/src/Illuminate/Routing/ControllerDispatcher.php(46): Livewire\\Mechanisms\\HandleRequests\\HandleRequests->handleUpdate()
#65 /home/techtaru/crm.techtaru.in/vendor/laravel/framework/src/Illuminate/Routing/Route.php(269): Illuminate\\Routing\\ControllerDispatcher->dispatch(Object(Illuminate\\Routing\\Route), Object(Livewire\\Mechanisms\\HandleRequests\\HandleRequests), 'handleUpdate')
#66 /home/techtaru/crm.techtaru.in/vendor/laravel/framework/src/Illuminate/Routing/Route.php(215): Illuminate\\Routing\\Route->runController()
#67 /home/techtaru/crm.techtaru.in/vendor/laravel/framework/src/Illuminate/Routing/Router.php(822): Illuminate\\Routing\\Route->run()
#68 /home/techtaru/crm.techtaru.in/vendor/laravel/framework/src/Illuminate/Pipeline/Pipeline.php(180): Illuminate\\Routing\\Router->Illuminate\\Routing\\{closure}(Object(Illuminate\\Http\\Request))
#69 /home/techtaru/crm.techtaru.in/app/Http/Middleware/SecurityHeaders.php(39): Illuminate\\Pipeline\\Pipeline->Illuminate\\Pipeline\\{closure}(Object(Illuminate\\Http\\Request))
#70 /home/techtaru/crm.techtaru.in/vendor/laravel/framework/src/Illuminate/Pipeline/Pipeline.php(219): App\\Http\\Middleware\\SecurityHeaders->handle(Object(Illuminate\\Http\\Request), Object(Closure))
#71 /home/techtaru/crm.techtaru.in/app/Http/Middleware/SetLocale.php(108): Illuminate\\Pipeline\\Pipeline->Illuminate\\Pipeline\\{closure}(Object(Illuminate\\Http\\Request))
#72 /home/techtaru/crm.techtaru.in/vendor/laravel/framework/src/Illuminate/Pipeline/Pipeline.php(219): App\\Http\\Middleware\\SetLocale->handle(Object(Illuminate\\Http\\Request), Object(Closure))
#73 /home/techtaru/crm.techtaru.in/app/Http/Middleware/TrackUserSession.php(55): Illuminate\\Pipeline\\Pipeline->Illuminate\\Pipeline\\{closure}(Object(Illuminate\\Http\\Request))
#74 /home/techtaru/crm.techtaru.in/vendor/laravel/framework/src/Illuminate/Pipeline/Pipeline.php(219): App\\Http\\Middleware\\TrackUserSession->handle(Object(Illuminate\\Http\\Request), Object(Closure))
#75 /home/techtaru/crm.techtaru.in/app/Http/Middleware/ResolveTenant.php(45): Illuminate\\Pipeline\\Pipeline->Illuminate\\Pipeline\\{closure}(Object(Illuminate\\Http\\Request))
#76 /home/techtaru/crm.techtaru.in/vendor/laravel/framework/src/Illuminate/Pipeline/Pipeline.php(219): App\\Http\\Middleware\\ResolveTenant->handle(Object(Illuminate\\Http\\Request), Object(Closure))
#77 /home/techtaru/crm.techtaru.in/vendor/laravel/framework/src/Illuminate/Routing/Middleware/SubstituteBindings.php(52): Illuminate\\Pipeline\\Pipeline->Illuminate\\Pipeline\\{closure}(Object(Illuminate\\Http\\Request))
#78 /home/techtaru/crm.techtaru.in/vendor/laravel/framework/src/Illuminate/Pipeline/Pipeline.php(219): Illuminate\\Routing\\Middleware\\SubstituteBindings->handle(Object(Illuminate\\Http\\Request), Object(Closure))
#79 /home/techtaru/crm.techtaru.in/vendor/laravel/framework/src/Illuminate/Foundation/Http/Middleware/PreventRequestForgery.php(104): Illuminate\\Pipeline\\Pipeline->Illuminate\\Pipeline\\{closure}(Object(Illuminate\\Http\\Request))
#80 /home/techtaru/crm.techtaru.in/vendor/laravel/framework/src/Illuminate/Pipeline/Pipeline.php(219): Illuminate\\Foundation\\Http\\Middleware\\PreventRequestForgery->handle(Object(Illuminate\\Http\\Request), Object(Closure))
#81 /home/techtaru/crm.techtaru.in/vendor/laravel/framework/src/Illuminate/View/Middleware/ShareErrorsFromSession.php(48): Illuminate\\Pipeline\\Pipeline->Illuminate\\Pipeline\\{closure}(Object(Illuminate\\Http\\Request))
#82 /home/techtaru/crm.techtaru.in/vendor/laravel/framework/src/Illuminate/Pipeline/Pipeline.php(219): Illuminate\\View\\Middleware\\ShareErrorsFromSession->handle(Object(Illuminate\\Http\\Request), Object(Closure))
#83 /home/techtaru/crm.techtaru.in/vendor/laravel/framework/src/Illuminate/Session/Middleware/StartSession.php(120): Illuminate\\Pipeline\\Pipeline->Illuminate\\Pipeline\\{closure}(Object(Illuminate\\Http\\Request))
#84 /home/techtaru/crm.techtaru.in/vendor/laravel/framework/src/Illuminate/Session/Middleware/StartSession.php(63): Illuminate\\Session\\Middleware\\StartSession->handleStatefulRequest(Object(Illuminate\\Http\\Request), Object(Illuminate\\Session\\Store), Object(Closure))
#85 /home/techtaru/crm.techtaru.in/vendor/laravel/framework/src/Illuminate/Pipeline/Pipeline.php(219): Illuminate\\Session\\Middleware\\StartSession->handle(Object(Illuminate\\Http\\Request), Object(Closure))
#86 /home/techtaru/crm.techtaru.in/vendor/laravel/framework/src/Illuminate/Cookie/Middleware/AddQueuedCookiesToResponse.php(36): Illuminate\\Pipeline\\Pipeline->Illuminate\\Pipeline\\{closure}(Object(Illuminate\\Http\\Request))
#87 /home/techtaru/crm.techtaru.in/vendor/laravel/framework/src/Illuminate/Pipeline/Pipeline.php(219): Illuminate\\Cookie\\Middleware\\AddQueuedCookiesToResponse->handle(Object(Illuminate\\Http\\Request), Object(Closure))
#88 /home/techtaru/crm.techtaru.in/vendor/laravel/framework/src/Illuminate/Cookie/Middleware/EncryptCookies.php(74): Illuminate\\Pipeline\\Pipeline->Illuminate\\Pipeline\\{closure}(Object(Illuminate\\Http\\Request))
#89 /home/techtaru/crm.techtaru.in/vendor/laravel/framework/src/Illuminate/Pipeline/Pipeline.php(219): Illuminate\\Cookie\\Middleware\\EncryptCookies->handle(Object(Illuminate\\Http\\Request), Object(Closure))
#90 /home/techtaru/crm.techtaru.in/vendor/laravel/framework/src/Illuminate/Http/Middleware/TrustProxies.php(58): Illuminate\\Pipeline\\Pipeline->Illuminate\\Pipeline\\{closure}(Object(Illuminate\\Http\\Request))
#91 /home/techtaru/crm.techtaru.in/vendor/laravel/framework/src/Illuminate/Pipeline/Pipeline.php(219): Illuminate\\Http\\Middleware\\TrustProxies->handle(Object(Illuminate\\Http\\Request), Object(Closure))
#92 /home/techtaru/crm.techtaru.in/vendor/laravel/framework/src/Illuminate/Pipeline/Pipeline.php(137): Illuminate\\Pipeline\\Pipeline->Illuminate\\Pipeline\\{closure}(Object(Illuminate\\Http\\Request))
#93 /home/techtaru/crm.techtaru.in/vendor/laravel/framework/src/Illuminate/Routing/Router.php(821): Illuminate\\Pipeline\\Pipeline->then(Object(Closure))
#94 /home/techtaru/crm.techtaru.in/vendor/laravel/framework/src/Illuminate/Routing/Router.php(800): Illuminate\\Routing\\Router->runRouteWithinStack(Object(Illuminate\\Routing\\Route), Object(Illuminate\\Http\\Request))
#95 /home/techtaru/crm.techtaru.in/vendor/laravel/framework/src/Illuminate/Routing/Router.php(764): Illuminate\\Routing\\Router->runRoute(Object(Illuminate\\Http\\Request), Object(Illuminate\\Routing\\Route))
#96 /home/techtaru/crm.techtaru.in/vendor/laravel/framework/src/Illuminate/Routing/Router.php(753): Illuminate\\Routing\\Router->dispatchToRoute(Object(Illuminate\\Http\\Request))
#97 /home/techtaru/crm.techtaru.in/vendor/laravel/framework/src/Illuminate/Foundation/Http/Kernel.php(200): Illuminate\\Routing\\Router->dispatch(Object(Illuminate\\Http\\Request))
#98 /home/techtaru/crm.techtaru.in/vendor/laravel/framework/src/Illuminate/Pipeline/Pipeline.php(180): Illuminate\\Foundation\\Http\\Kernel->Illuminate\\Foundation\\Http\\{closure}(Object(Illuminate\\Http\\Request))
#99 /home/techtaru/crm.techtaru.in/vendor/livewire/livewire/src/Features/SupportDisablingBackButtonCache/DisableBackButtonCacheMiddleware.php(19): Illuminate\\Pipeline\\Pipeline->Illuminate\\Pipeline\\{closure}(Object(Illuminate\\Http\\Request))
#100 /home/techtaru/crm.techtaru.in/vendor/laravel/framework/src/Illuminate/Pipeline/Pipeline.php(219): Livewire\\Features\\SupportDisablingBackButtonCache\\DisableBackButtonCacheMiddleware->handle(Object(Illuminate\\Http\\Request), Object(Closure))
#101 /home/techtaru/crm.techtaru.in/vendor/laravel/framework/src/Illuminate/Foundation/Http/Middleware/ConvertEmptyStringsToNull.php(27): Illuminate\\Pipeline\\Pipeline->Illuminate\\Pipeline\\{closure}(Object(Illuminate\\Http\\Request))
#102 /home/techtaru/crm.techtaru.in/vendor/laravel/framework/src/Illuminate/Pipeline/Pipeline.php(219): Illuminate\\Foundation\\Http\\Middleware\\ConvertEmptyStringsToNull->handle(Object(Illuminate\\Http\\Request), Object(Closure))
#103 /home/techtaru/crm.techtaru.in/vendor/laravel/framework/src/Illuminate/Foundation/Http/Middleware/TrimStrings.php(47): Illuminate\\Pipeline\\Pipeline->Illuminate\\Pipeline\\{closure}(Object(Illuminate\\Http\\Request))
#104 /home/techtaru/crm.techtaru.in/vendor/laravel/framework/src/Illuminate/Pipeline/Pipeline.php(219): Illuminate\\Foundation\\Http\\Middleware\\TrimStrings->handle(Object(Illuminate\\Http\\Request), Object(Closure))
#105 /home/techtaru/crm.techtaru.in/vendor/laravel/framework/src/Illuminate/Http/Middleware/ValidatePostSize.php(27): Illuminate\\Pipeline\\Pipeline->Illuminate\\Pipeline\\{closure}(Object(Illuminate\\Http\\Request))
#106 /home/techtaru/crm.techtaru.in/vendor/laravel/framework/src/Illuminate/Pipeline/Pipeline.php(219): Illuminate\\Http\\Middleware\\ValidatePostSize->handle(Object(Illuminate\\Http\\Request), Object(Closure))
#107 /home/techtaru/crm.techtaru.in/vendor/laravel/framework/src/Illuminate/Foundation/Http/Middleware/PreventRequestsDuringMaintenance.php(109): Illuminate\\Pipeline\\Pipeline->Illuminate\\Pipeline\\{closure}(Object(Illuminate\\Http\\Request))
#108 /home/techtaru/crm.techtaru.in/vendor/laravel/framework/src/Illuminate/Pipeline/Pipeline.php(219): Illuminate\\Foundation\\Http\\Middleware\\PreventRequestsDuringMaintenance->handle(Object(Illuminate\\Http\\Request), Object(Closure))
#109 /home/techtaru/crm.techtaru.in/vendor/laravel/framework/src/Illuminate/Http/Middleware/HandleCors.php(61): Illuminate\\Pipeline\\Pipeline->Illuminate\\Pipeline\\{closure}(Object(Illuminate\\Http\\Request))
#110 /home/techtaru/crm.techtaru.in/vendor/laravel/framework/src/Illuminate/Pipeline/Pipeline.php(219): Illuminate\\Http\\Middleware\\HandleCors->handle(Object(Illuminate\\Http\\Request), Object(Closure))
#111 /home/techtaru/crm.techtaru.in/vendor/laravel/framework/src/Illuminate/Http/Middleware/TrustProxies.php(58): Illuminate\\Pipeline\\Pipeline->Illuminate\\Pipeline\\{closure}(Object(Illuminate\\Http\\Request))
#112 /home/techtaru/crm.techtaru.in/vendor/laravel/framework/src/Illuminate/Pipeline/Pipeline.php(219): Illuminate\\Http\\Middleware\\TrustProxies->handle(Object(Illuminate\\Http\\Request), Object(Closure))
#113 /home/techtaru/crm.techtaru.in/vendor/laravel/framework/src/Illuminate/Foundation/Http/Middleware/InvokeDeferredCallbacks.php(22): Illuminate\\Pipeline\\Pipeline->Illuminate\\Pipeline\\{closure}(Object(Illuminate\\Http\\Request))
#114 /home/techtaru/crm.techtaru.in/vendor/laravel/framework/src/Illuminate/Pipeline/Pipeline.php(219): Illuminate\\Foundation\\Http\\Middleware\\InvokeDeferredCallbacks->handle(Object(Illuminate\\Http\\Request), Object(Closure))
#115 /home/techtaru/crm.techtaru.in/vendor/laravel/framework/src/Illuminate/Http/Middleware/ValidatePathEncoding.php(28): Illuminate\\Pipeline\\Pipeline->Illuminate\\Pipeline\\{closure}(Object(Illuminate\\Http\\Request))
#116 /home/techtaru/crm.techtaru.in/vendor/laravel/framework/src/Illuminate/Pipeline/Pipeline.php(219): Illuminate\\Http\\Middleware\\ValidatePathEncoding->handle(Object(Illuminate\\Http\\Request), Object(Closure))
#117 /home/techtaru/crm.techtaru.in/vendor/laravel/framework/src/Illuminate/Pipeline/Pipeline.php(137): Illuminate\\Pipeline\\Pipeline->Illuminate\\Pipeline\\{closure}(Object(Illuminate\\Http\\Request))
#118 /home/techtaru/crm.techtaru.in/vendor/laravel/framework/src/Illuminate/Foundation/Http/Kernel.php(175): Illuminate\\Pipeline\\Pipeline->then(Object(Closure))
#119 /home/techtaru/crm.techtaru.in/vendor/laravel/framework/src/Illuminate/Foundation/Http/Kernel.php(144): Illuminate\\Foundation\\Http\\Kernel->sendRequestThroughRouter(Object(Illuminate\\Http\\Request))
#120 /home/techtaru/crm.techtaru.in/vendor/laravel/framework/src/Illuminate/Foundation/Application.php(1220): Illuminate\\Foundation\\Http\\Kernel->handle(Object(Illuminate\\Http\\Request))
#121 /home/techtaru/crm.techtaru.in/public/index.php(119): Illuminate\\Foundation\\Application->handleRequest(Object(Illuminate\\Http\\Request))
#122 {main}
"} 
[2026-07-31 07:28:19] local.ERROR: An email must have a "To", "Cc", or "Bcc" header. {"userId":4,"exception":"[object] (Symfony\\Component\\Mime\\Exception\\LogicException(code: 0): An email must have a \"To\", \"Cc\", or \"Bcc\" header. at /home/techtaru/crm.techtaru.in/vendor/symfony/mime/Message.php:128)
[stacktrace]
#0 /home/techtaru/crm.techtaru.in/vendor/symfony/mime/Email.php(399): Symfony\\Component\\Mime\\Message->ensureValidity()
#1 /home/techtaru/crm.techtaru.in/vendor/symfony/mailer/SentMessage.php(34): Symfony\\Component\\Mime\\Email->ensureValidity()
#2 /home/techtaru/crm.techtaru.in/vendor/laravel/framework/src/Illuminate/Mail/Transport/LogTransport.php(56): Symfony\\Component\\Mailer\\SentMessage->__construct(Object(Symfony\\Component\\Mime\\Email), Object(Symfony\\Component\\Mailer\\DelayedEnvelope))
#3 /home/techtaru/crm.techtaru.in/vendor/laravel/framework/src/Illuminate/Mail/Mailer.php(584): Illuminate\\Mail\\Transport\\LogTransport->send(Object(Symfony\\Component\\Mime\\Email), Object(Symfony\\Component\\Mailer\\DelayedEnvelope))
#4 /home/techtaru/crm.techtaru.in/vendor/laravel/framework/src/Illuminate/Mail/Mailer.php(331): Illuminate\\Mail\\Mailer->sendSymfonyMessage(Object(Symfony\\Component\\Mime\\Email))
#5 /home/techtaru/crm.techtaru.in/vendor/laravel/framework/src/Illuminate/Mail/Mailable.php(207): Illuminate\\Mail\\Mailer->send('emails.lead-not...', Array, Object(Closure))
#6 /home/techtaru/crm.techtaru.in/vendor/laravel/framework/src/Illuminate/Support/Traits/Localizable.php(19): Illuminate\\Mail\\Mailable->Illuminate\\Mail\\{closure}()
#7 /home/techtaru/crm.techtaru.in/vendor/laravel/framework/src/Illuminate/Mail/Mailable.php(200): Illuminate\\Mail\\Mailable->withLocale(NULL, Object(Closure))
#8 /home/techtaru/crm.techtaru.in/vendor/laravel/framework/src/Illuminate/Notifications/Channels/MailChannel.php(63): Illuminate\\Mail\\Mailable->send(Object(Illuminate\\Mail\\MailManager))
#9 /home/techtaru/crm.techtaru.in/vendor/laravel/framework/src/Illuminate/Notifications/NotificationSender.php(164): Illuminate\\Notifications\\Channels\\MailChannel->send(Object(App\\Models\\User), Object(App\\Notifications\\LeadAssignedNotification))
#10 /home/techtaru/crm.techtaru.in/vendor/laravel/framework/src/Illuminate/Notifications/NotificationSender.php(119): Illuminate\\Notifications\\NotificationSender->sendToNotifiable(Object(App\\Models\\User), 'be0b1680-1a5e-4...', Object(App\\Notifications\\LeadAssignedNotification), 'mail')
#11 /home/techtaru/crm.techtaru.in/vendor/laravel/framework/src/Illuminate/Support/Traits/Localizable.php(19): Illuminate\\Notifications\\NotificationSender->Illuminate\\Notifications\\{closure}()
#12 /home/techtaru/crm.techtaru.in/vendor/laravel/framework/src/Illuminate/Notifications/NotificationSender.php(114): Illuminate\\Notifications\\NotificationSender->withLocale(NULL, Object(Closure))
#13 /home/techtaru/crm.techtaru.in/vendor/laravel/framework/src/Illuminate/Notifications/ChannelManager.php(61): Illuminate\\Notifications\\NotificationSender->sendNow(Object(Illuminate\\Database\\Eloquent\\Collection), Object(App\\Notifications\\LeadAssignedNotification), Array)
#14 /home/techtaru/crm.techtaru.in/vendor/laravel/framework/src/Illuminate/Notifications/SendQueuedNotifications.php(130): Illuminate\\Notifications\\ChannelManager->sendNow(Object(Illuminate\\Database\\Eloquent\\Collection), Object(App\\Notifications\\LeadAssignedNotification), Array)
#15 /home/techtaru/crm.techtaru.in/vendor/laravel/framework/src/Illuminate/Container/BoundMethod.php(36): Illuminate\\Notifications\\SendQueuedNotifications->handle(Object(Illuminate\\Notifications\\ChannelManager))
#16 /home/techtaru/crm.techtaru.in/vendor/laravel/framework/src/Illuminate/Container/Util.php(43): Illuminate\\Container\\BoundMethod::Illuminate\\Container\\{closure}()
#17 /home/techtaru/crm.techtaru.in/vendor/laravel/framework/src/Illuminate/Container/BoundMethod.php(96): Illuminate\\Container\\Util::unwrapIfClosure(Object(Closure))
#18 /home/techtaru/crm.techtaru.in/vendor/laravel/framework/src/Illuminate/Container/BoundMethod.php(35): Illuminate\\Container\\BoundMethod::callBoundMethod(Object(Illuminate\\Foundation\\Application), Array, Object(Closure))
#19 /home/techtaru/crm.techtaru.in/vendor/laravel/framework/src/Illuminate/Container/Container.php(799): Illuminate\\Container\\BoundMethod::call(Object(Illuminate\\Foundation\\Application), Array, Array, NULL)
#20 /home/techtaru/crm.techtaru.in/vendor/laravel/framework/src/Illuminate/Bus/Dispatcher.php(135): Illuminate\\Container\\Container->call(Array)
#21 /home/techtaru/crm.techtaru.in/vendor/laravel/framework/src/Illuminate/Pipeline/Pipeline.php(180): Illuminate\\Bus\\Dispatcher->Illuminate\\Bus\\{closure}(Object(Illuminate\\Notifications\\SendQueuedNotifications))
#22 /home/techtaru/crm.techtaru.in/vendor/laravel/framework/src/Illuminate/Pipeline/Pipeline.php(137): Illuminate\\Pipeline\\Pipeline->Illuminate\\Pipeline\\{closure}(Object(Illuminate\\Notifications\\SendQueuedNotifications))
#23 /home/techtaru/crm.techtaru.in/vendor/laravel/framework/src/Illuminate/Bus/Dispatcher.php(139): Illuminate\\Pipeline\\Pipeline->then(Object(Closure))
#24 /home/techtaru/crm.techtaru.in/vendor/laravel/framework/src/Illuminate/Queue/CallQueuedHandler.php(134): Illuminate\\Bus\\Dispatcher->dispatchNow(Object(Illuminate\\Notifications\\SendQueuedNotifications), false)
#25 /home/techtaru/crm.techtaru.in/vendor/laravel/framework/src/Illuminate/Pipeline/Pipeline.php(180): Illuminate\\Queue\\CallQueuedHandler->Illuminate\\Queue\\{closure}(Object(Illuminate\\Notifications\\SendQueuedNotifications))
#26 /home/techtaru/crm.techtaru.in/vendor/laravel/framework/src/Illuminate/Pipeline/Pipeline.php(137): Illuminate\\Pipeline\\Pipeline->Illuminate\\Pipeline\\{closure}(Object(Illuminate\\Notifications\\SendQueuedNotifications))
#27 /home/techtaru/crm.techtaru.in/vendor/laravel/framework/src/Illuminate/Queue/CallQueuedHandler.php(127): Illuminate\\Pipeline\\Pipeline->then(Object(Closure))
#28 /home/techtaru/crm.techtaru.in/vendor/laravel/framework/src/Illuminate/Queue/CallQueuedHandler.php(68): Illuminate\\Queue\\CallQueuedHandler->dispatchThroughMiddleware(Object(Illuminate\\Queue\\Jobs\\SyncJob), Object(Illuminate\\Notifications\\SendQueuedNotifications))
#29 /home/techtaru/crm.techtaru.in/vendor/laravel/framework/src/Illuminate/Queue/Jobs/Job.php(102): Illuminate\\Queue\\CallQueuedHandler->call(Object(Illuminate\\Queue\\Jobs\\SyncJob), Array)
#30 /home/techtaru/crm.techtaru.in/vendor/laravel/framework/src/Illuminate/Queue/SyncQueue.php(131): Illuminate\\Queue\\Jobs\\Job->fire()
#31 /home/techtaru/crm.techtaru.in/vendor/laravel/framework/src/Illuminate/Queue/SyncQueue.php(111): Illuminate\\Queue\\SyncQueue->executeJob(Object(Illuminate\\Notifications\\SendQueuedNotifications), '', NULL)
#32 /home/techtaru/crm.techtaru.in/vendor/laravel/framework/src/Illuminate/Bus/Dispatcher.php(258): Illuminate\\Queue\\SyncQueue->push(Object(Illuminate\\Notifications\\SendQueuedNotifications), '', NULL)
#33 /home/techtaru/crm.techtaru.in/vendor/laravel/framework/src/Illuminate/Bus/Dispatcher.php(238): Illuminate\\Bus\\Dispatcher->pushCommandToQueue(Object(Illuminate\\Queue\\SyncQueue), Object(Illuminate\\Notifications\\SendQueuedNotifications))
#34 /home/techtaru/crm.techtaru.in/vendor/laravel/framework/src/Illuminate/Bus/Dispatcher.php(86): Illuminate\\Bus\\Dispatcher->dispatchToQueue(Object(Illuminate\\Notifications\\SendQueuedNotifications))
#35 /home/techtaru/crm.techtaru.in/vendor/laravel/framework/src/Illuminate/Notifications/NotificationSender.php(280): Illuminate\\Bus\\Dispatcher->dispatch(Object(Illuminate\\Notifications\\SendQueuedNotifications))
#36 /home/techtaru/crm.techtaru.in/vendor/laravel/framework/src/Illuminate/Notifications/NotificationSender.php(89): Illuminate\\Notifications\\NotificationSender->queueNotification(Object(Illuminate\\Database\\Eloquent\\Collection), Object(App\\Notifications\\LeadAssignedNotification))
#37 /home/techtaru/crm.techtaru.in/vendor/laravel/framework/src/Illuminate/Notifications/ChannelManager.php(48): Illuminate\\Notifications\\NotificationSender->send(Object(App\\Models\\User), Object(App\\Notifications\\LeadAssignedNotification))
#38 /home/techtaru/crm.techtaru.in/vendor/laravel/framework/src/Illuminate/Notifications/RoutesNotifications.php(18): Illuminate\\Notifications\\ChannelManager->send(Object(App\\Models\\User), Object(App\\Notifications\\LeadAssignedNotification))
#39 /home/techtaru/crm.techtaru.in/app/Listeners/Lead/NotifyLeadAssignee.php(32): App\\Models\\User->notify(Object(App\\Notifications\\LeadAssignedNotification))
#40 /home/techtaru/crm.techtaru.in/vendor/laravel/framework/src/Illuminate/Events/Dispatcher.php(518): App\\Listeners\\Lead\\NotifyLeadAssignee->handle(Object(App\\Events\\LeadAssigned))
#41 /home/techtaru/crm.techtaru.in/vendor/laravel/framework/src/Illuminate/Events/Dispatcher.php(328): Illuminate\\Events\\Dispatcher->Illuminate\\Events\\{closure}('App\\\\Events\\\\Lead...', Array)
#42 /home/techtaru/crm.techtaru.in/vendor/laravel/framework/src/Illuminate/Events/Dispatcher.php(308): Illuminate\\Events\\Dispatcher->invokeListeners('App\\\\Events\\\\Lead...', Array, false)
#43 /home/techtaru/crm.techtaru.in/vendor/laravel/framework/src/Illuminate/Foundation/helpers.php(505): Illuminate\\Events\\Dispatcher->dispatch(Object(App\\Events\\LeadAssigned))
#44 /home/techtaru/crm.techtaru.in/app/Observers/LeadObserver.php(214): event(Object(App\\Events\\LeadAssigned))
#45 /home/techtaru/crm.techtaru.in/vendor/laravel/framework/src/Illuminate/Events/Dispatcher.php(518): App\\Observers\\LeadObserver->updating(Object(App\\Models\\Lead))
#46 /home/techtaru/crm.techtaru.in/vendor/laravel/framework/src/Illuminate/Events/Dispatcher.php(328): Illuminate\\Events\\Dispatcher->Illuminate\\Events\\{closure}('eloquent.updati...', Array)
#47 /home/techtaru/crm.techtaru.in/vendor/laravel/framework/src/Illuminate/Events/Dispatcher.php(308): Illuminate\\Events\\Dispatcher->invokeListeners('eloquent.updati...', Array, true)
#48 /home/techtaru/crm.techtaru.in/vendor/laravel/framework/src/Illuminate/Events/Dispatcher.php(268): Illuminate\\Events\\Dispatcher->dispatch('eloquent.updati...', Object(App\\Models\\Lead), true)
#49 /home/techtaru/crm.techtaru.in/vendor/laravel/framework/src/Illuminate/Database/Eloquent/Concerns/HasEvents.php(224): Illuminate\\Events\\Dispatcher->until('eloquent.updati...', Object(App\\Models\\Lead))
#50 /home/techtaru/crm.techtaru.in/vendor/laravel/framework/src/Illuminate/Database/Eloquent/Model.php(1391): Illuminate\\Database\\Eloquent\\Model->fireModelEvent('updating')
#51 /home/techtaru/crm.techtaru.in/vendor/laravel/framework/src/Illuminate/Database/Eloquent/Model.php(1290): Illuminate\\Database\\Eloquent\\Model->performUpdate(Object(Illuminate\\Database\\Eloquent\\Builder))
#52 /home/techtaru/crm.techtaru.in/vendor/laravel/framework/src/Illuminate/Database/Eloquent/Model.php(1147): Illuminate\\Database\\Eloquent\\Model->save(Array)
#53 /home/techtaru/crm.techtaru.in/vendor/filament/filament/src/Resources/Pages/EditRecord.php(272): Illuminate\\Database\\Eloquent\\Model->update(Array)
#54 /home/techtaru/crm.techtaru.in/vendor/filament/filament/src/Resources/Pages/EditRecord.php(165): Filament\\Resources\\Pages\\EditRecord->handleRecordUpdate(Object(App\\Models\\Lead), Array)
#55 /home/techtaru/crm.techtaru.in/vendor/laravel/framework/src/Illuminate/Container/BoundMethod.php(36): Filament\\Resources\\Pages\\EditRecord->save(true, true)
#56 /home/techtaru/crm.techtaru.in/vendor/laravel/framework/src/Illuminate/Container/Util.php(43): Illuminate\\Container\\BoundMethod::Illuminate\\Container\\{closure}()
#57 /home/techtaru/crm.techtaru.in/vendor/laravel/framework/src/Illuminate/Container/BoundMethod.php(96): Illuminate\\Container\\Util::unwrapIfClosure(Object(Closure))
#58 /home/techtaru/crm.techtaru.in/vendor/laravel/framework/src/Illuminate/Container/BoundMethod.php(35): Illuminate\\Container\\BoundMethod::callBoundMethod(Object(Illuminate\\Foundation\\Application), Array, Object(Closure))
#59 /home/techtaru/crm.techtaru.in/vendor/livewire/livewire/src/Wrapped.php(23): Illuminate\\Container\\BoundMethod::call(Object(Illuminate\\Foundation\\Application), Array, Array)
#60 /home/techtaru/crm.techtaru.in/vendor/livewire/livewire/src/Mechanisms/HandleComponents/HandleComponents.php(492): Livewire\\Wrapped->__call('save', Array)
#61 /home/techtaru/crm.techtaru.in/vendor/livewire/livewire/src/Mechanisms/HandleComponents/HandleComponents.php(101): Livewire\\Mechanisms\\HandleComponents\\HandleComponents->callMethods(Object(App\\Filament\\Resources\\LeadResource\\Pages\\EditLead), Array, Object(Livewire\\Mechanisms\\HandleComponents\\ComponentContext))
#62 /home/techtaru/crm.techtaru.in/vendor/livewire/livewire/src/LivewireManager.php(102): Livewire\\Mechanisms\\HandleComponents\\HandleComponents->update(Array, Array, Array)
#63 /home/techtaru/crm.techtaru.in/vendor/livewire/livewire/src/Mechanisms/HandleRequests/HandleRequests.php(131): Livewire\\LivewireManager->update(Array, Array, Array)
#64 /home/techtaru/crm.techtaru.in/vendor/laravel/framework/src/Illuminate/Routing/ControllerDispatcher.php(46): Livewire\\Mechanisms\\HandleRequests\\HandleRequests->handleUpdate()
#65 /home/techtaru/crm.techtaru.in/vendor/laravel/framework/src/Illuminate/Routing/Route.php(269): Illuminate\\Routing\\ControllerDispatcher->dispatch(Object(Illuminate\\Routing\\Route), Object(Livewire\\Mechanisms\\HandleRequests\\HandleRequests), 'handleUpdate')
#66 /home/techtaru/crm.techtaru.in/vendor/laravel/framework/src/Illuminate/Routing/Route.php(215): Illuminate\\Routing\\Route->runController()
#67 /home/techtaru/crm.techtaru.in/vendor/laravel/framework/src/Illuminate/Routing/Router.php(822): Illuminate\\Routing\\Route->run()
#68 /home/techtaru/crm.techtaru.in/vendor/laravel/framework/src/Illuminate/Pipeline/Pipeline.php(180): Illuminate\\Routing\\Router->Illuminate\\Routing\\{closure}(Object(Illuminate\\Http\\Request))
#69 /home/techtaru/crm.techtaru.in/app/Http/Middleware/SecurityHeaders.php(39): Illuminate\\Pipeline\\Pipeline->Illuminate\\Pipeline\\{closure}(Object(Illuminate\\Http\\Request))
#70 /home/techtaru/crm.techtaru.in/vendor/laravel/framework/src/Illuminate/Pipeline/Pipeline.php(219): App\\Http\\Middleware\\SecurityHeaders->handle(Object(Illuminate\\Http\\Request), Object(Closure))
#71 /home/techtaru/crm.techtaru.in/app/Http/Middleware/SetLocale.php(108): Illuminate\\Pipeline\\Pipeline->Illuminate\\Pipeline\\{closure}(Object(Illuminate\\Http\\Request))
#72 /home/techtaru/crm.techtaru.in/vendor/laravel/framework/src/Illuminate/Pipeline/Pipeline.php(219): App\\Http\\Middleware\\SetLocale->handle(Object(Illuminate\\Http\\Request), Object(Closure))
#73 /home/techtaru/crm.techtaru.in/app/Http/Middleware/TrackUserSession.php(55): Illuminate\\Pipeline\\Pipeline->Illuminate\\Pipeline\\{closure}(Object(Illuminate\\Http\\Request))
#74 /home/techtaru/crm.techtaru.in/vendor/laravel/framework/src/Illuminate/Pipeline/Pipeline.php(219): App\\Http\\Middleware\\TrackUserSession->handle(Object(Illuminate\\Http\\Request), Object(Closure))
#75 /home/techtaru/crm.techtaru.in/app/Http/Middleware/ResolveTenant.php(45): Illuminate\\Pipeline\\Pipeline->Illuminate\\Pipeline\\{closure}(Object(Illuminate\\Http\\Request))
#76 /home/techtaru/crm.techtaru.in/vendor/laravel/framework/src/Illuminate/Pipeline/Pipeline.php(219): App\\Http\\Middleware\\ResolveTenant->handle(Object(Illuminate\\Http\\Request), Object(Closure))
#77 /home/techtaru/crm.techtaru.in/vendor/laravel/framework/src/Illuminate/Routing/Middleware/SubstituteBindings.php(52): Illuminate\\Pipeline\\Pipeline->Illuminate\\Pipeline\\{closure}(Object(Illuminate\\Http\\Request))
#78 /home/techtaru/crm.techtaru.in/vendor/laravel/framework/src/Illuminate/Pipeline/Pipeline.php(219): Illuminate\\Routing\\Middleware\\SubstituteBindings->handle(Object(Illuminate\\Http\\Request), Object(Closure))
#79 /home/techtaru/crm.techtaru.in/vendor/laravel/framework/src/Illuminate/Foundation/Http/Middleware/PreventRequestForgery.php(104): Illuminate\\Pipeline\\Pipeline->Illuminate\\Pipeline\\{closure}(Object(Illuminate\\Http\\Request))
#80 /home/techtaru/crm.techtaru.in/vendor/laravel/framework/src/Illuminate/Pipeline/Pipeline.php(219): Illuminate\\Foundation\\Http\\Middleware\\PreventRequestForgery->handle(Object(Illuminate\\Http\\Request), Object(Closure))
#81 /home/techtaru/crm.techtaru.in/vendor/laravel/framework/src/Illuminate/View/Middleware/ShareErrorsFromSession.php(48): Illuminate\\Pipeline\\Pipeline->Illuminate\\Pipeline\\{closure}(Object(Illuminate\\Http\\Request))
#82 /home/techtaru/crm.techtaru.in/vendor/laravel/framework/src/Illuminate/Pipeline/Pipeline.php(219): Illuminate\\View\\Middleware\\ShareErrorsFromSession->handle(Object(Illuminate\\Http\\Request), Object(Closure))
#83 /home/techtaru/crm.techtaru.in/vendor/laravel/framework/src/Illuminate/Session/Middleware/StartSession.php(120): Illuminate\\Pipeline\\Pipeline->Illuminate\\Pipeline\\{closure}(Object(Illuminate\\Http\\Request))
#84 /home/techtaru/crm.techtaru.in/vendor/laravel/framework/src/Illuminate/Session/Middleware/StartSession.php(63): Illuminate\\Session\\Middleware\\StartSession->handleStatefulRequest(Object(Illuminate\\Http\\Request), Object(Illuminate\\Session\\Store), Object(Closure))
#85 /home/techtaru/crm.techtaru.in/vendor/laravel/framework/src/Illuminate/Pipeline/Pipeline.php(219): Illuminate\\Session\\Middleware\\StartSession->handle(Object(Illuminate\\Http\\Request), Object(Closure))
#86 /home/techtaru/crm.techtaru.in/vendor/laravel/framework/src/Illuminate/Cookie/Middleware/AddQueuedCookiesToResponse.php(36): Illuminate\\Pipeline\\Pipeline->Illuminate\\Pipeline\\{closure}(Object(Illuminate\\Http\\Request))
#87 /home/techtaru/crm.techtaru.in/vendor/laravel/framework/src/Illuminate/Pipeline/Pipeline.php(219): Illuminate\\Cookie\\Middleware\\AddQueuedCookiesToResponse->handle(Object(Illuminate\\Http\\Request), Object(Closure))
#88 /home/techtaru/crm.techtaru.in/vendor/laravel/framework/src/Illuminate/Cookie/Middleware/EncryptCookies.php(74): Illuminate\\Pipeline\\Pipeline->Illuminate\\Pipeline\\{closure}(Object(Illuminate\\Http\\Request))
#89 /home/techtaru/crm.techtaru.in/vendor/laravel/framework/src/Illuminate/Pipeline/Pipeline.php(219): Illuminate\\Cookie\\Middleware\\EncryptCookies->handle(Object(Illuminate\\Http\\Request), Object(Closure))
#90 /home/techtaru/crm.techtaru.in/vendor/laravel/framework/src/Illuminate/Http/Middleware/TrustProxies.php(58): Illuminate\\Pipeline\\Pipeline->Illuminate\\Pipeline\\{closure}(Object(Illuminate\\Http\\Request))
#91 /home/techtaru/crm.techtaru.in/vendor/laravel/framework/src/Illuminate/Pipeline/Pipeline.php(219): Illuminate\\Http\\Middleware\\TrustProxies->handle(Object(Illuminate\\Http\\Request), Object(Closure))
#92 /home/techtaru/crm.techtaru.in/vendor/laravel/framework/src/Illuminate/Pipeline/Pipeline.php(137): Illuminate\\Pipeline\\Pipeline->Illuminate\\Pipeline\\{closure}(Object(Illuminate\\Http\\Request))
#93 /home/techtaru/crm.techtaru.in/vendor/laravel/framework/src/Illuminate/Routing/Router.php(821): Illuminate\\Pipeline\\Pipeline->then(Object(Closure))
#94 /home/techtaru/crm.techtaru.in/vendor/laravel/framework/src/Illuminate/Routing/Router.php(800): Illuminate\\Routing\\Router->runRouteWithinStack(Object(Illuminate\\Routing\\Route), Object(Illuminate\\Http\\Request))
#95 /home/techtaru/crm.techtaru.in/vendor/laravel/framework/src/Illuminate/Routing/Router.php(764): Illuminate\\Routing\\Router->runRoute(Object(Illuminate\\Http\\Request), Object(Illuminate\\Routing\\Route))
#96 /home/techtaru/crm.techtaru.in/vendor/laravel/framework/src/Illuminate/Routing/Router.php(753): Illuminate\\Routing\\Router->dispatchToRoute(Object(Illuminate\\Http\\Request))
#97 /home/techtaru/crm.techtaru.in/vendor/laravel/framework/src/Illuminate/Foundation/Http/Kernel.php(200): Illuminate\\Routing\\Router->dispatch(Object(Illuminate\\Http\\Request))
#98 /home/techtaru/crm.techtaru.in/vendor/laravel/framework/src/Illuminate/Pipeline/Pipeline.php(180): Illuminate\\Foundation\\Http\\Kernel->Illuminate\\Foundation\\Http\\{closure}(Object(Illuminate\\Http\\Request))
#99 /home/techtaru/crm.techtaru.in/vendor/livewire/livewire/src/Features/SupportDisablingBackButtonCache/DisableBackButtonCacheMiddleware.php(19): Illuminate\\Pipeline\\Pipeline->Illuminate\\Pipeline\\{closure}(Object(Illuminate\\Http\\Request))
#100 /home/techtaru/crm.techtaru.in/vendor/laravel/framework/src/Illuminate/Pipeline/Pipeline.php(219): Livewire\\Features\\SupportDisablingBackButtonCache\\DisableBackButtonCacheMiddleware->handle(Object(Illuminate\\Http\\Request), Object(Closure))
#101 /home/techtaru/crm.techtaru.in/vendor/laravel/framework/src/Illuminate/Foundation/Http/Middleware/ConvertEmptyStringsToNull.php(27): Illuminate\\Pipeline\\Pipeline->Illuminate\\Pipeline\\{closure}(Object(Illuminate\\Http\\Request))
#102 /home/techtaru/crm.techtaru.in/vendor/laravel/framework/src/Illuminate/Pipeline/Pipeline.php(219): Illuminate\\Foundation\\Http\\Middleware\\ConvertEmptyStringsToNull->handle(Object(Illuminate\\Http\\Request), Object(Closure))
#103 /home/techtaru/crm.techtaru.in/vendor/laravel/framework/src/Illuminate/Foundation/Http/Middleware/TrimStrings.php(47): Illuminate\\Pipeline\\Pipeline->Illuminate\\Pipeline\\{closure}(Object(Illuminate\\Http\\Request))
#104 /home/techtaru/crm.techtaru.in/vendor/laravel/framework/src/Illuminate/Pipeline/Pipeline.php(219): Illuminate\\Foundation\\Http\\Middleware\\TrimStrings->handle(Object(Illuminate\\Http\\Request), Object(Closure))
#105 /home/techtaru/crm.techtaru.in/vendor/laravel/framework/src/Illuminate/Http/Middleware/ValidatePostSize.php(27): Illuminate\\Pipeline\\Pipeline->Illuminate\\Pipeline\\{closure}(Object(Illuminate\\Http\\Request))
#106 /home/techtaru/crm.techtaru.in/vendor/laravel/framework/src/Illuminate/Pipeline/Pipeline.php(219): Illuminate\\Http\\Middleware\\ValidatePostSize->handle(Object(Illuminate\\Http\\Request), Object(Closure))
#107 /home/techtaru/crm.techtaru.in/vendor/laravel/framework/src/Illuminate/Foundation/Http/Middleware/PreventRequestsDuringMaintenance.php(109): Illuminate\\Pipeline\\Pipeline->Illuminate\\Pipeline\\{closure}(Object(Illuminate\\Http\\Request))
#108 /home/techtaru/crm.techtaru.in/vendor/laravel/framework/src/Illuminate/Pipeline/Pipeline.php(219): Illuminate\\Foundation\\Http\\Middleware\\PreventRequestsDuringMaintenance->handle(Object(Illuminate\\Http\\Request), Object(Closure))
#109 /home/techtaru/crm.techtaru.in/vendor/laravel/framework/src/Illuminate/Http/Middleware/HandleCors.php(61): Illuminate\\Pipeline\\Pipeline->Illuminate\\Pipeline\\{closure}(Object(Illuminate\\Http\\Request))
#110 /home/techtaru/crm.techtaru.in/vendor/laravel/framework/src/Illuminate/Pipeline/Pipeline.php(219): Illuminate\\Http\\Middleware\\HandleCors->handle(Object(Illuminate\\Http\\Request), Object(Closure))
#111 /home/techtaru/crm.techtaru.in/vendor/laravel/framework/src/Illuminate/Http/Middleware/TrustProxies.php(58): Illuminate\\Pipeline\\Pipeline->Illuminate\\Pipeline\\{closure}(Object(Illuminate\\Http\\Request))
#112 /home/techtaru/crm.techtaru.in/vendor/laravel/framework/src/Illuminate/Pipeline/Pipeline.php(219): Illuminate\\Http\\Middleware\\TrustProxies->handle(Object(Illuminate\\Http\\Request), Object(Closure))
#113 /home/techtaru/crm.techtaru.in/vendor/laravel/framework/src/Illuminate/Foundation/Http/Middleware/InvokeDeferredCallbacks.php(22): Illuminate\\Pipeline\\Pipeline->Illuminate\\Pipeline\\{closure}(Object(Illuminate\\Http\\Request))
#114 /home/techtaru/crm.techtaru.in/vendor/laravel/framework/src/Illuminate/Pipeline/Pipeline.php(219): Illuminate\\Foundation\\Http\\Middleware\\InvokeDeferredCallbacks->handle(Object(Illuminate\\Http\\Request), Object(Closure))
#115 /home/techtaru/crm.techtaru.in/vendor/laravel/framework/src/Illuminate/Http/Middleware/ValidatePathEncoding.php(28): Illuminate\\Pipeline\\Pipeline->Illuminate\\Pipeline\\{closure}(Object(Illuminate\\Http\\Request))
#116 /home/techtaru/crm.techtaru.in/vendor/laravel/framework/src/Illuminate/Pipeline/Pipeline.php(219): Illuminate\\Http\\Middleware\\ValidatePathEncoding->handle(Object(Illuminate\\Http\\Request), Object(Closure))
#117 /home/techtaru/crm.techtaru.in/vendor/laravel/framework/src/Illuminate/Pipeline/Pipeline.php(137): Illuminate\\Pipeline\\Pipeline->Illuminate\\Pipeline\\{closure}(Object(Illuminate\\Http\\Request))
#118 /home/techtaru/crm.techtaru.in/vendor/laravel/framework/src/Illuminate/Foundation/Http/Kernel.php(175): Illuminate\\Pipeline\\Pipeline->then(Object(Closure))
#119 /home/techtaru/crm.techtaru.in/vendor/laravel/framework/src/Illuminate/Foundation/Http/Kernel.php(144): Illuminate\\Foundation\\Http\\Kernel->sendRequestThroughRouter(Object(Illuminate\\Http\\Request))
#120 /home/techtaru/crm.techtaru.in/vendor/laravel/framework/src/Illuminate/Foundation/Application.php(1220): Illuminate\\Foundation\\Http\\Kernel->handle(Object(Illuminate\\Http\\Request))
#121 /home/techtaru/crm.techtaru.in/public/index.php(119): Illuminate\\Foundation\\Application->handleRequest(Object(Illuminate\\Http\\Request))
#122 {main}
"} 
[2026-08-10 12:16:24] local.ERROR: App\Services\LeadActivityService::logStatusChanged(): Argument #2 ($oldStatus) must be of type string, App\Enums\LeadStatus given, called in /home/techtaru/crm.techtaru.in/app/Observers/LeadObserver.php on line 133 {"userId":4,"exception":"[object] (TypeError(code: 0): App\\Services\\LeadActivityService::logStatusChanged(): Argument #2 ($oldStatus) must be of type string, App\\Enums\\LeadStatus given, called in /home/techtaru/crm.techtaru.in/app/Observers/LeadObserver.php on line 133 at /home/techtaru/crm.techtaru.in/app/Services/LeadActivityService.php:36)
[stacktrace]
#0 /home/techtaru/crm.techtaru.in/app/Observers/LeadObserver.php(133): App\\Services\\LeadActivityService->logStatusChanged(Object(App\\Models\\Lead), Object(App\\Enums\\LeadStatus), Object(App\\Enums\\LeadStatus))
#1 /home/techtaru/crm.techtaru.in/vendor/laravel/framework/src/Illuminate/Events/Dispatcher.php(518): App\\Observers\\LeadObserver->updating(Object(App\\Models\\Lead))
#2 /home/techtaru/crm.techtaru.in/vendor/laravel/framework/src/Illuminate/Events/Dispatcher.php(328): Illuminate\\Events\\Dispatcher->Illuminate\\Events\\{closure}('eloquent.updati...', Array)
#3 /home/techtaru/crm.techtaru.in/vendor/laravel/framework/src/Illuminate/Events/Dispatcher.php(308): Illuminate\\Events\\Dispatcher->invokeListeners('eloquent.updati...', Array, true)
#4 /home/techtaru/crm.techtaru.in/vendor/laravel/framework/src/Illuminate/Events/Dispatcher.php(268): Illuminate\\Events\\Dispatcher->dispatch('eloquent.updati...', Object(App\\Models\\Lead), true)
#5 /home/techtaru/crm.techtaru.in/vendor/laravel/framework/src/Illuminate/Database/Eloquent/Concerns/HasEvents.php(224): Illuminate\\Events\\Dispatcher->until('eloquent.updati...', Object(App\\Models\\Lead))
#6 /home/techtaru/crm.techtaru.in/vendor/laravel/framework/src/Illuminate/Database/Eloquent/Model.php(1391): Illuminate\\Database\\Eloquent\\Model->fireModelEvent('updating')
#7 /home/techtaru/crm.techtaru.in/vendor/laravel/framework/src/Illuminate/Database/Eloquent/Model.php(1290): Illuminate\\Database\\Eloquent\\Model->performUpdate(Object(Illuminate\\Database\\Eloquent\\Builder))
#8 /home/techtaru/crm.techtaru.in/vendor/laravel/framework/src/Illuminate/Database/Eloquent/Model.php(1147): Illuminate\\Database\\Eloquent\\Model->save(Array)
#9 /home/techtaru/crm.techtaru.in/vendor/filament/filament/src/Resources/Pages/EditRecord.php(272): Illuminate\\Database\\Eloquent\\Model->update(Array)
#10 /home/techtaru/crm.techtaru.in/vendor/filament/filament/src/Resources/Pages/EditRecord.php(165): Filament\\Resources\\Pages\\EditRecord->handleRecordUpdate(Object(App\\Models\\Lead), Array)
#11 /home/techtaru/crm.techtaru.in/vendor/laravel/framework/src/Illuminate/Container/BoundMethod.php(36): Filament\\Resources\\Pages\\EditRecord->save(true, true)
#12 /home/techtaru/crm.techtaru.in/vendor/laravel/framework/src/Illuminate/Container/Util.php(43): Illuminate\\Container\\BoundMethod::Illuminate\\Container\\{closure}()
#13 /home/techtaru/crm.techtaru.in/vendor/laravel/framework/src/Illuminate/Container/BoundMethod.php(96): Illuminate\\Container\\Util::unwrapIfClosure(Object(Closure))
#14 /home/techtaru/crm.techtaru.in/vendor/laravel/framework/src/Illuminate/Container/BoundMethod.php(35): Illuminate\\Container\\BoundMethod::callBoundMethod(Object(Illuminate\\Foundation\\Application), Array, Object(Closure))
#15 /home/techtaru/crm.techtaru.in/vendor/livewire/livewire/src/Wrapped.php(23): Illuminate\\Container\\BoundMethod::call(Object(Illuminate\\Foundation\\Application), Array, Array)
#16 /home/techtaru/crm.techtaru.in/vendor/livewire/livewire/src/Mechanisms/HandleComponents/HandleComponents.php(492): Livewire\\Wrapped->__call('save', Array)
#17 /home/techtaru/crm.techtaru.in/vendor/livewire/livewire/src/Mechanisms/HandleComponents/HandleComponents.php(101): Livewire\\Mechanisms\\HandleComponents\\HandleComponents->callMethods(Object(App\\Filament\\Resources\\LeadResource\\Pages\\EditLead), Array, Object(Livewire\\Mechanisms\\HandleComponents\\ComponentContext))
#18 /home/techtaru/crm.techtaru.in/vendor/livewire/livewire/src/LivewireManager.php(102): Livewire\\Mechanisms\\HandleComponents\\HandleComponents->update(Array, Array, Array)
#19 /home/techtaru/crm.techtaru.in/vendor/livewire/livewire/src/Mechanisms/HandleRequests/HandleRequests.php(131): Livewire\\LivewireManager->update(Array, Array, Array)
#20 /home/techtaru/crm.techtaru.in/vendor/laravel/framework/src/Illuminate/Routing/ControllerDispatcher.php(46): Livewire\\Mechanisms\\HandleRequests\\HandleRequests->handleUpdate()
#21 /home/techtaru/crm.techtaru.in/vendor/laravel/framework/src/Illuminate/Routing/Route.php(269): Illuminate\\Routing\\ControllerDispatcher->dispatch(Object(Illuminate\\Routing\\Route), Object(Livewire\\Mechanisms\\HandleRequests\\HandleRequests), 'handleUpdate')
#22 /home/techtaru/crm.techtaru.in/vendor/laravel/framework/src/Illuminate/Routing/Route.php(215): Illuminate\\Routing\\Route->runController()
#23 /home/techtaru/crm.techtaru.in/vendor/laravel/framework/src/Illuminate/Routing/Router.php(822): Illuminate\\Routing\\Route->run()
#24 /home/techtaru/crm.techtaru.in/vendor/laravel/framework/src/Illuminate/Pipeline/Pipeline.php(180): Illuminate\\Routing\\Router->Illuminate\\Routing\\{closure}(Object(Illuminate\\Http\\Request))
#25 /home/techtaru/crm.techtaru.in/app/Http/Middleware/SecurityHeaders.php(39): Illuminate\\Pipeline\\Pipeline->Illuminate\\Pipeline\\{closure}(Object(Illuminate\\Http\\Request))
#26 /home/techtaru/crm.techtaru.in/vendor/laravel/framework/src/Illuminate/Pipeline/Pipeline.php(219): App\\Http\\Middleware\\SecurityHeaders->handle(Object(Illuminate\\Http\\Request), Object(Closure))
#27 /home/techtaru/crm.techtaru.in/app/Http/Middleware/SetLocale.php(108): Illuminate\\Pipeline\\Pipeline->Illuminate\\Pipeline\\{closure}(Object(Illuminate\\Http\\Request))
#28 /home/techtaru/crm.techtaru.in/vendor/laravel/framework/src/Illuminate/Pipeline/Pipeline.php(219): App\\Http\\Middleware\\SetLocale->handle(Object(Illuminate\\Http\\Request), Object(Closure))
#29 /home/techtaru/crm.techtaru.in/app/Http/Middleware/TrackUserSession.php(55): Illuminate\\Pipeline\\Pipeline->Illuminate\\Pipeline\\{closure}(Object(Illuminate\\Http\\Request))
#30 /home/techtaru/crm.techtaru.in/vendor/laravel/framework/src/Illuminate/Pipeline/Pipeline.php(219): App\\Http\\Middleware\\TrackUserSession->handle(Object(Illuminate\\Http\\Request), Object(Closure))
#31 /home/techtaru/crm.techtaru.in/app/Http/Middleware/ResolveTenant.php(45): Illuminate\\Pipeline\\Pipeline->Illuminate\\Pipeline\\{closure}(Object(Illuminate\\Http\\Request))
#32 /home/techtaru/crm.techtaru.in/vendor/laravel/framework/src/Illuminate/Pipeline/Pipeline.php(219): App\\Http\\Middleware\\ResolveTenant->handle(Object(Illuminate\\Http\\Request), Object(Closure))
#33 /home/techtaru/crm.techtaru.in/vendor/laravel/framework/src/Illuminate/Routing/Middleware/SubstituteBindings.php(52): Illuminate\\Pipeline\\Pipeline->Illuminate\\Pipeline\\{closure}(Object(Illuminate\\Http\\Request))
#34 /home/techtaru/crm.techtaru.in/vendor/laravel/framework/src/Illuminate/Pipeline/Pipeline.php(219): Illuminate\\Routing\\Middleware\\SubstituteBindings->handle(Object(Illuminate\\Http\\Request), Object(Closure))
#35 /home/techtaru/crm.techtaru.in/vendor/laravel/framework/src/Illuminate/Foundation/Http/Middleware/PreventRequestForgery.php(104): Illuminate\\Pipeline\\Pipeline->Illuminate\\Pipeline\\{closure}(Object(Illuminate\\Http\\Request))
#36 /home/techtaru/crm.techtaru.in/vendor/laravel/framework/src/Illuminate/Pipeline/Pipeline.php(219): Illuminate\\Foundation\\Http\\Middleware\\PreventRequestForgery->handle(Object(Illuminate\\Http\\Request), Object(Closure))
#37 /home/techtaru/crm.techtaru.in/vendor/laravel/framework/src/Illuminate/View/Middleware/ShareErrorsFromSession.php(48): Illuminate\\Pipeline\\Pipeline->Illuminate\\Pipeline\\{closure}(Object(Illuminate\\Http\\Request))
#38 /home/techtaru/crm.techtaru.in/vendor/laravel/framework/src/Illuminate/Pipeline/Pipeline.php(219): Illuminate\\View\\Middleware\\ShareErrorsFromSession->handle(Object(Illuminate\\Http\\Request), Object(Closure))
#39 /home/techtaru/crm.techtaru.in/vendor/laravel/framework/src/Illuminate/Session/Middleware/StartSession.php(120): Illuminate\\Pipeline\\Pipeline->Illuminate\\Pipeline\\{closure}(Object(Illuminate\\Http\\Request))
#40 /home/techtaru/crm.techtaru.in/vendor/laravel/framework/src/Illuminate/Session/Middleware/StartSession.php(63): Illuminate\\Session\\Middleware\\StartSession->handleStatefulRequest(Object(Illuminate\\Http\\Request), Object(Illuminate\\Session\\Store), Object(Closure))
#41 /home/techtaru/crm.techtaru.in/vendor/laravel/framework/src/Illuminate/Pipeline/Pipeline.php(219): Illuminate\\Session\\Middleware\\StartSession->handle(Object(Illuminate\\Http\\Request), Object(Closure))
#42 /home/techtaru/crm.techtaru.in/vendor/laravel/framework/src/Illuminate/Cookie/Middleware/AddQueuedCookiesToResponse.php(36): Illuminate\\Pipeline\\Pipeline->Illuminate\\Pipeline\\{closure}(Object(Illuminate\\Http\\Request))
#43 /home/techtaru/crm.techtaru.in/vendor/laravel/framework/src/Illuminate/Pipeline/Pipeline.php(219): Illuminate\\Cookie\\Middleware\\AddQueuedCookiesToResponse->handle(Object(Illuminate\\Http\\Request), Object(Closure))
#44 /home/techtaru/crm.techtaru.in/vendor/laravel/framework/src/Illuminate/Cookie/Middleware/EncryptCookies.php(74): Illuminate\\Pipeline\\Pipeline->Illuminate\\Pipeline\\{closure}(Object(Illuminate\\Http\\Request))
#45 /home/techtaru/crm.techtaru.in/vendor/laravel/framework/src/Illuminate/Pipeline/Pipeline.php(219): Illuminate\\Cookie\\Middleware\\EncryptCookies->handle(Object(Illuminate\\Http\\Request), Object(Closure))
#46 /home/techtaru/crm.techtaru.in/vendor/laravel/framework/src/Illuminate/Http/Middleware/TrustProxies.php(58): Illuminate\\Pipeline\\Pipeline->Illuminate\\Pipeline\\{closure}(Object(Illuminate\\Http\\Request))
#47 /home/techtaru/crm.techtaru.in/vendor/laravel/framework/src/Illuminate/Pipeline/Pipeline.php(219): Illuminate\\Http\\Middleware\\TrustProxies->handle(Object(Illuminate\\Http\\Request), Object(Closure))
#48 /home/techtaru/crm.techtaru.in/vendor/laravel/framework/src/Illuminate/Pipeline/Pipeline.php(137): Illuminate\\Pipeline\\Pipeline->Illuminate\\Pipeline\\{closure}(Object(Illuminate\\Http\\Request))
#49 /home/techtaru/crm.techtaru.in/vendor/laravel/framework/src/Illuminate/Routing/Router.php(821): Illuminate\\Pipeline\\Pipeline->then(Object(Closure))
#50 /home/techtaru/crm.techtaru.in/vendor/laravel/framework/src/Illuminate/Routing/Router.php(800): Illuminate\\Routing\\Router->runRouteWithinStack(Object(Illuminate\\Routing\\Route), Object(Illuminate\\Http\\Request))
#51 /home/techtaru/crm.techtaru.in/vendor/laravel/framework/src/Illuminate/Routing/Router.php(764): Illuminate\\Routing\\Router->runRoute(Object(Illuminate\\Http\\Request), Object(Illuminate\\Routing\\Route))
#52 /home/techtaru/crm.techtaru.in/vendor/laravel/framework/src/Illuminate/Routing/Router.php(753): Illuminate\\Routing\\Router->dispatchToRoute(Object(Illuminate\\Http\\Request))
#53 /home/techtaru/crm.techtaru.in/vendor/laravel/framework/src/Illuminate/Foundation/Http/Kernel.php(200): Illuminate\\Routing\\Router->dispatch(Object(Illuminate\\Http\\Request))
#54 /home/techtaru/crm.techtaru.in/vendor/laravel/framework/src/Illuminate/Pipeline/Pipeline.php(180): Illuminate\\Foundation\\Http\\Kernel->Illuminate\\Foundation\\Http\\{closure}(Object(Illuminate\\Http\\Request))
#55 /home/techtaru/crm.techtaru.in/vendor/livewire/livewire/src/Features/SupportDisablingBackButtonCache/DisableBackButtonCacheMiddleware.php(19): Illuminate\\Pipeline\\Pipeline->Illuminate\\Pipeline\\{closure}(Object(Illuminate\\Http\\Request))
#56 /home/techtaru/crm.techtaru.in/vendor/laravel/framework/src/Illuminate/Pipeline/Pipeline.php(219): Livewire\\Features\\SupportDisablingBackButtonCache\\DisableBackButtonCacheMiddleware->handle(Object(Illuminate\\Http\\Request), Object(Closure))
#57 /home/techtaru/crm.techtaru.in/vendor/laravel/framework/src/Illuminate/Foundation/Http/Middleware/ConvertEmptyStringsToNull.php(27): Illuminate\\Pipeline\\Pipeline->Illuminate\\Pipeline\\{closure}(Object(Illuminate\\Http\\Request))
#58 /home/techtaru/crm.techtaru.in/vendor/laravel/framework/src/Illuminate/Pipeline/Pipeline.php(219): Illuminate\\Foundation\\Http\\Middleware\\ConvertEmptyStringsToNull->handle(Object(Illuminate\\Http\\Request), Object(Closure))
#59 /home/techtaru/crm.techtaru.in/vendor/laravel/framework/src/Illuminate/Foundation/Http/Middleware/TrimStrings.php(47): Illuminate\\Pipeline\\Pipeline->Illuminate\\Pipeline\\{closure}(Object(Illuminate\\Http\\Request))
#60 /home/techtaru/crm.techtaru.in/vendor/laravel/framework/src/Illuminate/Pipeline/Pipeline.php(219): Illuminate\\Foundation\\Http\\Middleware\\TrimStrings->handle(Object(Illuminate\\Http\\Request), Object(Closure))
#61 /home/techtaru/crm.techtaru.in/vendor/laravel/framework/src/Illuminate/Http/Middleware/ValidatePostSize.php(27): Illuminate\\Pipeline\\Pipeline->Illuminate\\Pipeline\\{closure}(Object(Illuminate\\Http\\Request))
#62 /home/techtaru/crm.techtaru.in/vendor/laravel/framework/src/Illuminate/Pipeline/Pipeline.php(219): Illuminate\\Http\\Middleware\\ValidatePostSize->handle(Object(Illuminate\\Http\\Request), Object(Closure))
#63 /home/techtaru/crm.techtaru.in/vendor/laravel/framework/src/Illuminate/Foundation/Http/Middleware/PreventRequestsDuringMaintenance.php(109): Illuminate\\Pipeline\\Pipeline->Illuminate\\Pipeline\\{closure}(Object(Illuminate\\Http\\Request))
#64 /home/techtaru/crm.techtaru.in/vendor/laravel/framework/src/Illuminate/Pipeline/Pipeline.php(219): Illuminate\\Foundation\\Http\\Middleware\\PreventRequestsDuringMaintenance->handle(Object(Illuminate\\Http\\Request), Object(Closure))
#65 /home/techtaru/crm.techtaru.in/vendor/laravel/framework/src/Illuminate/Http/Middleware/HandleCors.php(61): Illuminate\\Pipeline\\Pipeline->Illuminate\\Pipeline\\{closure}(Object(Illuminate\\Http\\Request))
#66 /home/techtaru/crm.techtaru.in/vendor/laravel/framework/src/Illuminate/Pipeline/Pipeline.php(219): Illuminate\\Http\\Middleware\\HandleCors->handle(Object(Illuminate\\Http\\Request), Object(Closure))
#67 /home/techtaru/crm.techtaru.in/vendor/laravel/framework/src/Illuminate/Http/Middleware/TrustProxies.php(58): Illuminate\\Pipeline\\Pipeline->Illuminate\\Pipeline\\{closure}(Object(Illuminate\\Http\\Request))
#68 /home/techtaru/crm.techtaru.in/vendor/laravel/framework/src/Illuminate/Pipeline/Pipeline.php(219): Illuminate\\Http\\Middleware\\TrustProxies->handle(Object(Illuminate\\Http\\Request), Object(Closure))
#69 /home/techtaru/crm.techtaru.in/vendor/laravel/framework/src/Illuminate/Foundation/Http/Middleware/InvokeDeferredCallbacks.php(22): Illuminate\\Pipeline\\Pipeline->Illuminate\\Pipeline\\{closure}(Object(Illuminate\\Http\\Request))
#70 /home/techtaru/crm.techtaru.in/vendor/laravel/framework/src/Illuminate/Pipeline/Pipeline.php(219): Illuminate\\Foundation\\Http\\Middleware\\InvokeDeferredCallbacks->handle(Object(Illuminate\\Http\\Request), Object(Closure))
#71 /home/techtaru/crm.techtaru.in/vendor/laravel/framework/src/Illuminate/Http/Middleware/ValidatePathEncoding.php(28): Illuminate\\Pipeline\\Pipeline->Illuminate\\Pipeline\\{closure}(Object(Illuminate\\Http\\Request))
#72 /home/techtaru/crm.techtaru.in/vendor/laravel/framework/src/Illuminate/Pipeline/Pipeline.php(219): Illuminate\\Http\\Middleware\\ValidatePathEncoding->handle(Object(Illuminate\\Http\\Request), Object(Closure))
#73 /home/techtaru/crm.techtaru.in/vendor/laravel/framework/src/Illuminate/Pipeline/Pipeline.php(137): Illuminate\\Pipeline\\Pipeline->Illuminate\\Pipeline\\{closure}(Object(Illuminate\\Http\\Request))
#74 /home/techtaru/crm.techtaru.in/vendor/laravel/framework/src/Illuminate/Foundation/Http/Kernel.php(175): Illuminate\\Pipeline\\Pipeline->then(Object(Closure))
#75 /home/techtaru/crm.techtaru.in/vendor/laravel/framework/src/Illuminate/Foundation/Http/Kernel.php(144): Illuminate\\Foundation\\Http\\Kernel->sendRequestThroughRouter(Object(Illuminate\\Http\\Request))
#76 /home/techtaru/crm.techtaru.in/vendor/laravel/framework/src/Illuminate/Foundation/Application.php(1220): Illuminate\\Foundation\\Http\\Kernel->handle(Object(Illuminate\\Http\\Request))
#77 /home/techtaru/crm.techtaru.in/public/index.php(119): Illuminate\\Foundation\\Application->handleRequest(Object(Illuminate\\Http\\Request))
#78 {main}
"} 
[2026-08-10 12:31:14] local.ERROR: ExportLeads job failed {"tenant_id":5,"user_id":4,"error":"An email must have a \"To\", \"Cc\", or \"Bcc\" header."} 
[2026-08-10 12:31:14] local.ERROR: App\Mail\LeadNotificationMail::__construct(): Argument #4 ($actionUrl) must be of type string, null given, called in /home/techtaru/crm.techtaru.in/app/Notifications/ExportFailedNotification.php on line 26 {"userId":4,"exception":"[object] (TypeError(code: 0): App\\Mail\\LeadNotificationMail::__construct(): Argument #4 ($actionUrl) must be of type string, null given, called in /home/techtaru/crm.techtaru.in/app/Notifications/ExportFailedNotification.php on line 26 at /home/techtaru/crm.techtaru.in/app/Mail/LeadNotificationMail.php:14)
[stacktrace]
#0 /home/techtaru/crm.techtaru.in/app/Notifications/ExportFailedNotification.php(26): App\\Mail\\LeadNotificationMail->__construct('Leads Export Fa...', 'Export Failed', Array, NULL, NULL)
#1 /home/techtaru/crm.techtaru.in/vendor/laravel/framework/src/Illuminate/Notifications/Channels/MailChannel.php(55): App\\Notifications\\ExportFailedNotification->toMail(Object(App\\Models\\User))
#2 /home/techtaru/crm.techtaru.in/vendor/laravel/framework/src/Illuminate/Notifications/NotificationSender.php(164): Illuminate\\Notifications\\Channels\\MailChannel->send(Object(App\\Models\\User), Object(App\\Notifications\\ExportFailedNotification))
#3 /home/techtaru/crm.techtaru.in/vendor/laravel/framework/src/Illuminate/Notifications/NotificationSender.php(119): Illuminate\\Notifications\\NotificationSender->sendToNotifiable(Object(App\\Models\\User), '68373f02-1dee-4...', Object(App\\Notifications\\ExportFailedNotification), 'mail')
#4 /home/techtaru/crm.techtaru.in/vendor/laravel/framework/src/Illuminate/Support/Traits/Localizable.php(19): Illuminate\\Notifications\\NotificationSender->Illuminate\\Notifications\\{closure}()
#5 /home/techtaru/crm.techtaru.in/vendor/laravel/framework/src/Illuminate/Notifications/NotificationSender.php(114): Illuminate\\Notifications\\NotificationSender->withLocale(NULL, Object(Closure))
#6 /home/techtaru/crm.techtaru.in/vendor/laravel/framework/src/Illuminate/Notifications/ChannelManager.php(61): Illuminate\\Notifications\\NotificationSender->sendNow(Object(Illuminate\\Database\\Eloquent\\Collection), Object(App\\Notifications\\ExportFailedNotification), Array)
#7 /home/techtaru/crm.techtaru.in/vendor/laravel/framework/src/Illuminate/Notifications/SendQueuedNotifications.php(130): Illuminate\\Notifications\\ChannelManager->sendNow(Object(Illuminate\\Database\\Eloquent\\Collection), Object(App\\Notifications\\ExportFailedNotification), Array)
#8 /home/techtaru/crm.techtaru.in/vendor/laravel/framework/src/Illuminate/Container/BoundMethod.php(36): Illuminate\\Notifications\\SendQueuedNotifications->handle(Object(Illuminate\\Notifications\\ChannelManager))
#9 /home/techtaru/crm.techtaru.in/vendor/laravel/framework/src/Illuminate/Container/Util.php(43): Illuminate\\Container\\BoundMethod::Illuminate\\Container\\{closure}()
#10 /home/techtaru/crm.techtaru.in/vendor/laravel/framework/src/Illuminate/Container/BoundMethod.php(96): Illuminate\\Container\\Util::unwrapIfClosure(Object(Closure))
#11 /home/techtaru/crm.techtaru.in/vendor/laravel/framework/src/Illuminate/Container/BoundMethod.php(35): Illuminate\\Container\\BoundMethod::callBoundMethod(Object(Illuminate\\Foundation\\Application), Array, Object(Closure))
#12 /home/techtaru/crm.techtaru.in/vendor/laravel/framework/src/Illuminate/Container/Container.php(799): Illuminate\\Container\\BoundMethod::call(Object(Illuminate\\Foundation\\Application), Array, Array, NULL)
#13 /home/techtaru/crm.techtaru.in/vendor/laravel/framework/src/Illuminate/Bus/Dispatcher.php(135): Illuminate\\Container\\Container->call(Array)
#14 /home/techtaru/crm.techtaru.in/vendor/laravel/framework/src/Illuminate/Pipeline/Pipeline.php(180): Illuminate\\Bus\\Dispatcher->Illuminate\\Bus\\{closure}(Object(Illuminate\\Notifications\\SendQueuedNotifications))
#15 /home/techtaru/crm.techtaru.in/vendor/laravel/framework/src/Illuminate/Pipeline/Pipeline.php(137): Illuminate\\Pipeline\\Pipeline->Illuminate\\Pipeline\\{closure}(Object(Illuminate\\Notifications\\SendQueuedNotifications))
#16 /home/techtaru/crm.techtaru.in/vendor/laravel/framework/src/Illuminate/Bus/Dispatcher.php(139): Illuminate\\Pipeline\\Pipeline->then(Object(Closure))
#17 /home/techtaru/crm.techtaru.in/vendor/laravel/framework/src/Illuminate/Queue/CallQueuedHandler.php(134): Illuminate\\Bus\\Dispatcher->dispatchNow(Object(Illuminate\\Notifications\\SendQueuedNotifications), false)
#18 /home/techtaru/crm.techtaru.in/vendor/laravel/framework/src/Illuminate/Pipeline/Pipeline.php(180): Illuminate\\Queue\\CallQueuedHandler->Illuminate\\Queue\\{closure}(Object(Illuminate\\Notifications\\SendQueuedNotifications))
#19 /home/techtaru/crm.techtaru.in/vendor/laravel/framework/src/Illuminate/Pipeline/Pipeline.php(137): Illuminate\\Pipeline\\Pipeline->Illuminate\\Pipeline\\{closure}(Object(Illuminate\\Notifications\\SendQueuedNotifications))
#20 /home/techtaru/crm.techtaru.in/vendor/laravel/framework/src/Illuminate/Queue/CallQueuedHandler.php(127): Illuminate\\Pipeline\\Pipeline->then(Object(Closure))
#21 /home/techtaru/crm.techtaru.in/vendor/laravel/framework/src/Illuminate/Queue/CallQueuedHandler.php(68): Illuminate\\Queue\\CallQueuedHandler->dispatchThroughMiddleware(Object(Illuminate\\Queue\\Jobs\\SyncJob), Object(Illuminate\\Notifications\\SendQueuedNotifications))
#22 /home/techtaru/crm.techtaru.in/vendor/laravel/framework/src/Illuminate/Queue/Jobs/Job.php(102): Illuminate\\Queue\\CallQueuedHandler->call(Object(Illuminate\\Queue\\Jobs\\SyncJob), Array)
#23 /home/techtaru/crm.techtaru.in/vendor/laravel/framework/src/Illuminate/Queue/SyncQueue.php(131): Illuminate\\Queue\\Jobs\\Job->fire()
#24 /home/techtaru/crm.techtaru.in/vendor/laravel/framework/src/Illuminate/Queue/SyncQueue.php(111): Illuminate\\Queue\\SyncQueue->executeJob(Object(Illuminate\\Notifications\\SendQueuedNotifications), '', NULL)
#25 /home/techtaru/crm.techtaru.in/vendor/laravel/framework/src/Illuminate/Bus/Dispatcher.php(258): Illuminate\\Queue\\SyncQueue->push(Object(Illuminate\\Notifications\\SendQueuedNotifications), '', NULL)
#26 /home/techtaru/crm.techtaru.in/vendor/laravel/framework/src/Illuminate/Bus/Dispatcher.php(238): Illuminate\\Bus\\Dispatcher->pushCommandToQueue(Object(Illuminate\\Queue\\SyncQueue), Object(Illuminate\\Notifications\\SendQueuedNotifications))
#27 /home/techtaru/crm.techtaru.in/vendor/laravel/framework/src/Illuminate/Bus/Dispatcher.php(86): Illuminate\\Bus\\Dispatcher->dispatchToQueue(Object(Illuminate\\Notifications\\SendQueuedNotifications))
#28 /home/techtaru/crm.techtaru.in/vendor/laravel/framework/src/Illuminate/Notifications/NotificationSender.php(280): Illuminate\\Bus\\Dispatcher->dispatch(Object(Illuminate\\Notifications\\SendQueuedNotifications))
#29 /home/techtaru/crm.techtaru.in/vendor/laravel/framework/src/Illuminate/Notifications/NotificationSender.php(89): Illuminate\\Notifications\\NotificationSender->queueNotification(Object(Illuminate\\Database\\Eloquent\\Collection), Object(App\\Notifications\\ExportFailedNotification))
#30 /home/techtaru/crm.techtaru.in/vendor/laravel/framework/src/Illuminate/Notifications/ChannelManager.php(48): Illuminate\\Notifications\\NotificationSender->send(Object(App\\Models\\User), Object(App\\Notifications\\ExportFailedNotification))
#31 /home/techtaru/crm.techtaru.in/vendor/laravel/framework/src/Illuminate/Notifications/RoutesNotifications.php(18): Illuminate\\Notifications\\ChannelManager->send(Object(App\\Models\\User), Object(App\\Notifications\\ExportFailedNotification))
#32 /home/techtaru/crm.techtaru.in/app/Jobs/ExportLeads.php(73): App\\Models\\User->notify(Object(App\\Notifications\\ExportFailedNotification))
#33 /home/techtaru/crm.techtaru.in/vendor/laravel/framework/src/Illuminate/Queue/CallQueuedHandler.php(347): App\\Jobs\\ExportLeads->failed(Object(Symfony\\Component\\Mime\\Exception\\LogicException))
#34 /home/techtaru/crm.techtaru.in/vendor/laravel/framework/src/Illuminate/Queue/Jobs/Job.php(254): Illuminate\\Queue\\CallQueuedHandler->failed(Array, Object(Symfony\\Component\\Mime\\Exception\\LogicException), 'b6706f8a-b008-4...', Object(Illuminate\\Queue\\Jobs\\SyncJob))
#35 /home/techtaru/crm.techtaru.in/vendor/laravel/framework/src/Illuminate/Queue/Jobs/Job.php(219): Illuminate\\Queue\\Jobs\\Job->failed(Object(Symfony\\Component\\Mime\\Exception\\LogicException))
#36 /home/techtaru/crm.techtaru.in/vendor/laravel/framework/src/Illuminate/Queue/SyncQueue.php(224): Illuminate\\Queue\\Jobs\\Job->fail(Object(Symfony\\Component\\Mime\\Exception\\LogicException))
#37 /home/techtaru/crm.techtaru.in/vendor/laravel/framework/src/Illuminate/Queue/SyncQueue.php(137): Illuminate\\Queue\\SyncQueue->handleException(Object(Illuminate\\Queue\\Jobs\\SyncJob), Object(Symfony\\Component\\Mime\\Exception\\LogicException))
#38 /home/techtaru/crm.techtaru.in/vendor/laravel/framework/src/Illuminate/Queue/SyncQueue.php(111): Illuminate\\Queue\\SyncQueue->executeJob(Object(App\\Jobs\\ExportLeads), '', 'exports')
#39 /home/techtaru/crm.techtaru.in/vendor/laravel/framework/src/Illuminate/Bus/Dispatcher.php(258): Illuminate\\Queue\\SyncQueue->push(Object(App\\Jobs\\ExportLeads), '', 'exports')
#40 /home/techtaru/crm.techtaru.in/vendor/laravel/framework/src/Illuminate/Bus/Dispatcher.php(238): Illuminate\\Bus\\Dispatcher->pushCommandToQueue(Object(Illuminate\\Queue\\SyncQueue), Object(App\\Jobs\\ExportLeads))
#41 /home/techtaru/crm.techtaru.in/vendor/laravel/framework/src/Illuminate/Bus/Dispatcher.php(86): Illuminate\\Bus\\Dispatcher->dispatchToQueue(Object(App\\Jobs\\ExportLeads))
#42 /home/techtaru/crm.techtaru.in/vendor/laravel/framework/src/Illuminate/Foundation/Bus/PendingDispatch.php(252): Illuminate\\Bus\\Dispatcher->dispatch(Object(App\\Jobs\\ExportLeads))
#43 /home/techtaru/crm.techtaru.in/vendor/laravel/framework/src/Illuminate/Foundation/Bus/Dispatchable.php(19): Illuminate\\Foundation\\Bus\\PendingDispatch->__destruct()
#44 /home/techtaru/crm.techtaru.in/app/Filament/Resources/LeadResource/Pages/ListLeads.php(208): App\\Jobs\\ExportLeads::dispatch(5, 4, Array)
#45 /home/techtaru/crm.techtaru.in/vendor/filament/support/src/Concerns/EvaluatesClosures.php(36): App\\Filament\\Resources\\LeadResource\\Pages\\ListLeads->App\\Filament\\Resources\\LeadResource\\Pages\\{closure}()
#46 /home/techtaru/crm.techtaru.in/vendor/filament/actions/src/Action.php(644): Filament\\Support\\Components\\Component->evaluate(Object(Closure), Array)
#47 /home/techtaru/crm.techtaru.in/vendor/filament/actions/src/Concerns/InteractsWithActions.php(269): Filament\\Actions\\Action->call(Array)
#48 /home/techtaru/crm.techtaru.in/vendor/filament/actions/src/Concerns/InteractsWithActions.php(184): Filament\\Pages\\BasePage->callMountedAction()
#49 /home/techtaru/crm.techtaru.in/vendor/laravel/framework/src/Illuminate/Container/BoundMethod.php(36): Filament\\Pages\\BasePage->mountAction('export', Array, Array)
#50 /home/techtaru/crm.techtaru.in/vendor/laravel/framework/src/Illuminate/Container/Util.php(43): Illuminate\\Container\\BoundMethod::Illuminate\\Container\\{closure}()
#51 /home/techtaru/crm.techtaru.in/vendor/laravel/framework/src/Illuminate/Container/BoundMethod.php(96): Illuminate\\Container\\Util::unwrapIfClosure(Object(Closure))
#52 /home/techtaru/crm.techtaru.in/vendor/laravel/framework/src/Illuminate/Container/BoundMethod.php(35): Illuminate\\Container\\BoundMethod::callBoundMethod(Object(Illuminate\\Foundation\\Application), Array, Object(Closure))
#53 /home/techtaru/crm.techtaru.in/vendor/livewire/livewire/src/Wrapped.php(23): Illuminate\\Container\\BoundMethod::call(Object(Illuminate\\Foundation\\Application), Array, Array)
#54 /home/techtaru/crm.techtaru.in/vendor/livewire/livewire/src/Mechanisms/HandleComponents/HandleComponents.php(492): Livewire\\Wrapped->__call('mountAction', Array)
#55 /home/techtaru/crm.techtaru.in/vendor/livewire/livewire/src/Mechanisms/HandleComponents/HandleComponents.php(101): Livewire\\Mechanisms\\HandleComponents\\HandleComponents->callMethods(Object(App\\Filament\\Resources\\LeadResource\\Pages\\ListLeads), Array, Object(Livewire\\Mechanisms\\HandleComponents\\ComponentContext))
#56 /home/techtaru/crm.techtaru.in/vendor/livewire/livewire/src/LivewireManager.php(102): Livewire\\Mechanisms\\HandleComponents\\HandleComponents->update(Array, Array, Array)
#57 /home/techtaru/crm.techtaru.in/vendor/livewire/livewire/src/Mechanisms/HandleRequests/HandleRequests.php(131): Livewire\\LivewireManager->update(Array, Array, Array)
#58 /home/techtaru/crm.techtaru.in/vendor/laravel/framework/src/Illuminate/Routing/ControllerDispatcher.php(46): Livewire\\Mechanisms\\HandleRequests\\HandleRequests->handleUpdate()
#59 /home/techtaru/crm.techtaru.in/vendor/laravel/framework/src/Illuminate/Routing/Route.php(269): Illuminate\\Routing\\ControllerDispatcher->dispatch(Object(Illuminate\\Routing\\Route), Object(Livewire\\Mechanisms\\HandleRequests\\HandleRequests), 'handleUpdate')
#60 /home/techtaru/crm.techtaru.in/vendor/laravel/framework/src/Illuminate/Routing/Route.php(215): Illuminate\\Routing\\Route->runController()
#61 /home/techtaru/crm.techtaru.in/vendor/laravel/framework/src/Illuminate/Routing/Router.php(822): Illuminate\\Routing\\Route->run()
#62 /home/techtaru/crm.techtaru.in/vendor/laravel/framework/src/Illuminate/Pipeline/Pipeline.php(180): Illuminate\\Routing\\Router->Illuminate\\Routing\\{closure}(Object(Illuminate\\Http\\Request))
#63 /home/techtaru/crm.techtaru.in/app/Http/Middleware/SecurityHeaders.php(39): Illuminate\\Pipeline\\Pipeline->Illuminate\\Pipeline\\{closure}(Object(Illuminate\\Http\\Request))
#64 /home/techtaru/crm.techtaru.in/vendor/laravel/framework/src/Illuminate/Pipeline/Pipeline.php(219): App\\Http\\Middleware\\SecurityHeaders->handle(Object(Illuminate\\Http\\Request), Object(Closure))
#65 /home/techtaru/crm.techtaru.in/app/Http/Middleware/SetLocale.php(108): Illuminate\\Pipeline\\Pipeline->Illuminate\\Pipeline\\{closure}(Object(Illuminate\\Http\\Request))
#66 /home/techtaru/crm.techtaru.in/vendor/laravel/framework/src/Illuminate/Pipeline/Pipeline.php(219): App\\Http\\Middleware\\SetLocale->handle(Object(Illuminate\\Http\\Request), Object(Closure))
#67 /home/techtaru/crm.techtaru.in/app/Http/Middleware/TrackUserSession.php(55): Illuminate\\Pipeline\\Pipeline->Illuminate\\Pipeline\\{closure}(Object(Illuminate\\Http\\Request))
#68 /home/techtaru/crm.techtaru.in/vendor/laravel/framework/src/Illuminate/Pipeline/Pipeline.php(219): App\\Http\\Middleware\\TrackUserSession->handle(Object(Illuminate\\Http\\Request), Object(Closure))
#69 /home/techtaru/crm.techtaru.in/app/Http/Middleware/ResolveTenant.php(45): Illuminate\\Pipeline\\Pipeline->Illuminate\\Pipeline\\{closure}(Object(Illuminate\\Http\\Request))
#70 /home/techtaru/crm.techtaru.in/vendor/laravel/framework/src/Illuminate/Pipeline/Pipeline.php(219): App\\Http\\Middleware\\ResolveTenant->handle(Object(Illuminate\\Http\\Request), Object(Closure))
#71 /home/techtaru/crm.techtaru.in/vendor/laravel/framework/src/Illuminate/Routing/Middleware/SubstituteBindings.php(52): Illuminate\\Pipeline\\Pipeline->Illuminate\\Pipeline\\{closure}(Object(Illuminate\\Http\\Request))
#72 /home/techtaru/crm.techtaru.in/vendor/laravel/framework/src/Illuminate/Pipeline/Pipeline.php(219): Illuminate\\Routing\\Middleware\\SubstituteBindings->handle(Object(Illuminate\\Http\\Request), Object(Closure))
#73 /home/techtaru/crm.techtaru.in/vendor/laravel/framework/src/Illuminate/Foundation/Http/Middleware/PreventRequestForgery.php(104): Illuminate\\Pipeline\\Pipeline->Illuminate\\Pipeline\\{closure}(Object(Illuminate\\Http\\Request))
#74 /home/techtaru/crm.techtaru.in/vendor/laravel/framework/src/Illuminate/Pipeline/Pipeline.php(219): Illuminate\\Foundation\\Http\\Middleware\\PreventRequestForgery->handle(Object(Illuminate\\Http\\Request), Object(Closure))
#75 /home/techtaru/crm.techtaru.in/vendor/laravel/framework/src/Illuminate/View/Middleware/ShareErrorsFromSession.php(48): Illuminate\\Pipeline\\Pipeline->Illuminate\\Pipeline\\{closure}(Object(Illuminate\\Http\\Request))
#76 /home/techtaru/crm.techtaru.in/vendor/laravel/framework/src/Illuminate/Pipeline/Pipeline.php(219): Illuminate\\View\\Middleware\\ShareErrorsFromSession->handle(Object(Illuminate\\Http\\Request), Object(Closure))
#77 /home/techtaru/crm.techtaru.in/vendor/laravel/framework/src/Illuminate/Session/Middleware/StartSession.php(120): Illuminate\\Pipeline\\Pipeline->Illuminate\\Pipeline\\{closure}(Object(Illuminate\\Http\\Request))
#78 /home/techtaru/crm.techtaru.in/vendor/laravel/framework/src/Illuminate/Session/Middleware/StartSession.php(63): Illuminate\\Session\\Middleware\\StartSession->handleStatefulRequest(Object(Illuminate\\Http\\Request), Object(Illuminate\\Session\\Store), Object(Closure))
#79 /home/techtaru/crm.techtaru.in/vendor/laravel/framework/src/Illuminate/Pipeline/Pipeline.php(219): Illuminate\\Session\\Middleware\\StartSession->handle(Object(Illuminate\\Http\\Request), Object(Closure))
#80 /home/techtaru/crm.techtaru.in/vendor/laravel/framework/src/Illuminate/Cookie/Middleware/AddQueuedCookiesToResponse.php(36): Illuminate\\Pipeline\\Pipeline->Illuminate\\Pipeline\\{closure}(Object(Illuminate\\Http\\Request))
#81 /home/techtaru/crm.techtaru.in/vendor/laravel/framework/src/Illuminate/Pipeline/Pipeline.php(219): Illuminate\\Cookie\\Middleware\\AddQueuedCookiesToResponse->handle(Object(Illuminate\\Http\\Request), Object(Closure))
#82 /home/techtaru/crm.techtaru.in/vendor/laravel/framework/src/Illuminate/Cookie/Middleware/EncryptCookies.php(74): Illuminate\\Pipeline\\Pipeline->Illuminate\\Pipeline\\{closure}(Object(Illuminate\\Http\\Request))
#83 /home/techtaru/crm.techtaru.in/vendor/laravel/framework/src/Illuminate/Pipeline/Pipeline.php(219): Illuminate\\Cookie\\Middleware\\EncryptCookies->handle(Object(Illuminate\\Http\\Request), Object(Closure))
#84 /home/techtaru/crm.techtaru.in/vendor/laravel/framework/src/Illuminate/Http/Middleware/TrustProxies.php(58): Illuminate\\Pipeline\\Pipeline->Illuminate\\Pipeline\\{closure}(Object(Illuminate\\Http\\Request))
#85 /home/techtaru/crm.techtaru.in/vendor/laravel/framework/src/Illuminate/Pipeline/Pipeline.php(219): Illuminate\\Http\\Middleware\\TrustProxies->handle(Object(Illuminate\\Http\\Request), Object(Closure))
#86 /home/techtaru/crm.techtaru.in/vendor/laravel/framework/src/Illuminate/Pipeline/Pipeline.php(137): Illuminate\\Pipeline\\Pipeline->Illuminate\\Pipeline\\{closure}(Object(Illuminate\\Http\\Request))
#87 /home/techtaru/crm.techtaru.in/vendor/laravel/framework/src/Illuminate/Routing/Router.php(821): Illuminate\\Pipeline\\Pipeline->then(Object(Closure))
#88 /home/techtaru/crm.techtaru.in/vendor/laravel/framework/src/Illuminate/Routing/Router.php(800): Illuminate\\Routing\\Router->runRouteWithinStack(Object(Illuminate\\Routing\\Route), Object(Illuminate\\Http\\Request))
#89 /home/techtaru/crm.techtaru.in/vendor/laravel/framework/src/Illuminate/Routing/Router.php(764): Illuminate\\Routing\\Router->runRoute(Object(Illuminate\\Http\\Request), Object(Illuminate\\Routing\\Route))
#90 /home/techtaru/crm.techtaru.in/vendor/laravel/framework/src/Illuminate/Routing/Router.php(753): Illuminate\\Routing\\Router->dispatchToRoute(Object(Illuminate\\Http\\Request))
#91 /home/techtaru/crm.techtaru.in/vendor/laravel/framework/src/Illuminate/Foundation/Http/Kernel.php(200): Illuminate\\Routing\\Router->dispatch(Object(Illuminate\\Http\\Request))
#92 /home/techtaru/crm.techtaru.in/vendor/laravel/framework/src/Illuminate/Pipeline/Pipeline.php(180): Illuminate\\Foundation\\Http\\Kernel->Illuminate\\Foundation\\Http\\{closure}(Object(Illuminate\\Http\\Request))
#93 /home/techtaru/crm.techtaru.in/vendor/livewire/livewire/src/Features/SupportDisablingBackButtonCache/DisableBackButtonCacheMiddleware.php(19): Illuminate\\Pipeline\\Pipeline->Illuminate\\Pipeline\\{closure}(Object(Illuminate\\Http\\Request))
#94 /home/techtaru/crm.techtaru.in/vendor/laravel/framework/src/Illuminate/Pipeline/Pipeline.php(219): Livewire\\Features\\SupportDisablingBackButtonCache\\DisableBackButtonCacheMiddleware->handle(Object(Illuminate\\Http\\Request), Object(Closure))
#95 /home/techtaru/crm.techtaru.in/vendor/laravel/framework/src/Illuminate/Foundation/Http/Middleware/ConvertEmptyStringsToNull.php(27): Illuminate\\Pipeline\\Pipeline->Illuminate\\Pipeline\\{closure}(Object(Illuminate\\Http\\Request))
#96 /home/techtaru/crm.techtaru.in/vendor/laravel/framework/src/Illuminate/Pipeline/Pipeline.php(219): Illuminate\\Foundation\\Http\\Middleware\\ConvertEmptyStringsToNull->handle(Object(Illuminate\\Http\\Request), Object(Closure))
#97 /home/techtaru/crm.techtaru.in/vendor/laravel/framework/src/Illuminate/Foundation/Http/Middleware/TrimStrings.php(47): Illuminate\\Pipeline\\Pipeline->Illuminate\\Pipeline\\{closure}(Object(Illuminate\\Http\\Request))
#98 /home/techtaru/crm.techtaru.in/vendor/laravel/framework/src/Illuminate/Pipeline/Pipeline.php(219): Illuminate\\Foundation\\Http\\Middleware\\TrimStrings->handle(Object(Illuminate\\Http\\Request), Object(Closure))
#99 /home/techtaru/crm.techtaru.in/vendor/laravel/framework/src/Illuminate/Http/Middleware/ValidatePostSize.php(27): Illuminate\\Pipeline\\Pipeline->Illuminate\\Pipeline\\{closure}(Object(Illuminate\\Http\\Request))
#100 /home/techtaru/crm.techtaru.in/vendor/laravel/framework/src/Illuminate/Pipeline/Pipeline.php(219): Illuminate\\Http\\Middleware\\ValidatePostSize->handle(Object(Illuminate\\Http\\Request), Object(Closure))
#101 /home/techtaru/crm.techtaru.in/vendor/laravel/framework/src/Illuminate/Foundation/Http/Middleware/PreventRequestsDuringMaintenance.php(109): Illuminate\\Pipeline\\Pipeline->Illuminate\\Pipeline\\{closure}(Object(Illuminate\\Http\\Request))
#102 /home/techtaru/crm.techtaru.in/vendor/laravel/framework/src/Illuminate/Pipeline/Pipeline.php(219): Illuminate\\Foundation\\Http\\Middleware\\PreventRequestsDuringMaintenance->handle(Object(Illuminate\\Http\\Request), Object(Closure))
#103 /home/techtaru/crm.techtaru.in/vendor/laravel/framework/src/Illuminate/Http/Middleware/HandleCors.php(61): Illuminate\\Pipeline\\Pipeline->Illuminate\\Pipeline\\{closure}(Object(Illuminate\\Http\\Request))
#104 /home/techtaru/crm.techtaru.in/vendor/laravel/framework/src/Illuminate/Pipeline/Pipeline.php(219): Illuminate\\Http\\Middleware\\HandleCors->handle(Object(Illuminate\\Http\\Request), Object(Closure))
#105 /home/techtaru/crm.techtaru.in/vendor/laravel/framework/src/Illuminate/Http/Middleware/TrustProxies.php(58): Illuminate\\Pipeline\\Pipeline->Illuminate\\Pipeline\\{closure}(Object(Illuminate\\Http\\Request))
#106 /home/techtaru/crm.techtaru.in/vendor/laravel/framework/src/Illuminate/Pipeline/Pipeline.php(219): Illuminate\\Http\\Middleware\\TrustProxies->handle(Object(Illuminate\\Http\\Request), Object(Closure))
#107 /home/techtaru/crm.techtaru.in/vendor/laravel/framework/src/Illuminate/Foundation/Http/Middleware/InvokeDeferredCallbacks.php(22): Illuminate\\Pipeline\\Pipeline->Illuminate\\Pipeline\\{closure}(Object(Illuminate\\Http\\Request))
#108 /home/techtaru/crm.techtaru.in/vendor/laravel/framework/src/Illuminate/Pipeline/Pipeline.php(219): Illuminate\\Foundation\\Http\\Middleware\\InvokeDeferredCallbacks->handle(Object(Illuminate\\Http\\Request), Object(Closure))
#109 /home/techtaru/crm.techtaru.in/vendor/laravel/framework/src/Illuminate/Http/Middleware/ValidatePathEncoding.php(28): Illuminate\\Pipeline\\Pipeline->Illuminate\\Pipeline\\{closure}(Object(Illuminate\\Http\\Request))
#110 /home/techtaru/crm.techtaru.in/vendor/laravel/framework/src/Illuminate/Pipeline/Pipeline.php(219): Illuminate\\Http\\Middleware\\ValidatePathEncoding->handle(Object(Illuminate\\Http\\Request), Object(Closure))
#111 /home/techtaru/crm.techtaru.in/vendor/laravel/framework/src/Illuminate/Pipeline/Pipeline.php(137): Illuminate\\Pipeline\\Pipeline->Illuminate\\Pipeline\\{closure}(Object(Illuminate\\Http\\Request))
#112 /home/techtaru/crm.techtaru.in/vendor/laravel/framework/src/Illuminate/Foundation/Http/Kernel.php(175): Illuminate\\Pipeline\\Pipeline->then(Object(Closure))
#113 /home/techtaru/crm.techtaru.in/vendor/laravel/framework/src/Illuminate/Foundation/Http/Kernel.php(144): Illuminate\\Foundation\\Http\\Kernel->sendRequestThroughRouter(Object(Illuminate\\Http\\Request))
#114 /home/techtaru/crm.techtaru.in/vendor/laravel/framework/src/Illuminate/Foundation/Application.php(1220): Illuminate\\Foundation\\Http\\Kernel->handle(Object(Illuminate\\Http\\Request))
#115 /home/techtaru/crm.techtaru.in/public/index.php(119): Illuminate\\Foundation\\Application->handleRequest(Object(Illuminate\\Http\\Request))
#116 {main}
"} 
[2026-08-10 12:31:49] local.ERROR: ExportLeads job failed {"tenant_id":5,"user_id":4,"error":"An email must have a \"To\", \"Cc\", or \"Bcc\" header."} 
[2026-08-10 12:31:49] local.ERROR: App\Mail\LeadNotificationMail::__construct(): Argument #4 ($actionUrl) must be of type string, null given, called in /home/techtaru/crm.techtaru.in/app/Notifications/ExportFailedNotification.php on line 26 {"userId":4,"exception":"[object] (TypeError(code: 0): App\\Mail\\LeadNotificationMail::__construct(): Argument #4 ($actionUrl) must be of type string, null given, called in /home/techtaru/crm.techtaru.in/app/Notifications/ExportFailedNotification.php on line 26 at /home/techtaru/crm.techtaru.in/app/Mail/LeadNotificationMail.php:14)
[stacktrace]
#0 /home/techtaru/crm.techtaru.in/app/Notifications/ExportFailedNotification.php(26): App\\Mail\\LeadNotificationMail->__construct('Leads Export Fa...', 'Export Failed', Array, NULL, NULL)
#1 /home/techtaru/crm.techtaru.in/vendor/laravel/framework/src/Illuminate/Notifications/Channels/MailChannel.php(55): App\\Notifications\\ExportFailedNotification->toMail(Object(App\\Models\\User))
#2 /home/techtaru/crm.techtaru.in/vendor/laravel/framework/src/Illuminate/Notifications/NotificationSender.php(164): Illuminate\\Notifications\\Channels\\MailChannel->send(Object(App\\Models\\User), Object(App\\Notifications\\ExportFailedNotification))
#3 /home/techtaru/crm.techtaru.in/vendor/laravel/framework/src/Illuminate/Notifications/NotificationSender.php(119): Illuminate\\Notifications\\NotificationSender->sendToNotifiable(Object(App\\Models\\User), 'd7035a68-13dc-4...', Object(App\\Notifications\\ExportFailedNotification), 'mail')
#4 /home/techtaru/crm.techtaru.in/vendor/laravel/framework/src/Illuminate/Support/Traits/Localizable.php(19): Illuminate\\Notifications\\NotificationSender->Illuminate\\Notifications\\{closure}()
#5 /home/techtaru/crm.techtaru.in/vendor/laravel/framework/src/Illuminate/Notifications/NotificationSender.php(114): Illuminate\\Notifications\\NotificationSender->withLocale(NULL, Object(Closure))
#6 /home/techtaru/crm.techtaru.in/vendor/laravel/framework/src/Illuminate/Notifications/ChannelManager.php(61): Illuminate\\Notifications\\NotificationSender->sendNow(Object(Illuminate\\Database\\Eloquent\\Collection), Object(App\\Notifications\\ExportFailedNotification), Array)
#7 /home/techtaru/crm.techtaru.in/vendor/laravel/framework/src/Illuminate/Notifications/SendQueuedNotifications.php(130): Illuminate\\Notifications\\ChannelManager->sendNow(Object(Illuminate\\Database\\Eloquent\\Collection), Object(App\\Notifications\\ExportFailedNotification), Array)
#8 /home/techtaru/crm.techtaru.in/vendor/laravel/framework/src/Illuminate/Container/BoundMethod.php(36): Illuminate\\Notifications\\SendQueuedNotifications->handle(Object(Illuminate\\Notifications\\ChannelManager))
#9 /home/techtaru/crm.techtaru.in/vendor/laravel/framework/src/Illuminate/Container/Util.php(43): Illuminate\\Container\\BoundMethod::Illuminate\\Container\\{closure}()
#10 /home/techtaru/crm.techtaru.in/vendor/laravel/framework/src/Illuminate/Container/BoundMethod.php(96): Illuminate\\Container\\Util::unwrapIfClosure(Object(Closure))
#11 /home/techtaru/crm.techtaru.in/vendor/laravel/framework/src/Illuminate/Container/BoundMethod.php(35): Illuminate\\Container\\BoundMethod::callBoundMethod(Object(Illuminate\\Foundation\\Application), Array, Object(Closure))
#12 /home/techtaru/crm.techtaru.in/vendor/laravel/framework/src/Illuminate/Container/Container.php(799): Illuminate\\Container\\BoundMethod::call(Object(Illuminate\\Foundation\\Application), Array, Array, NULL)
#13 /home/techtaru/crm.techtaru.in/vendor/laravel/framework/src/Illuminate/Bus/Dispatcher.php(135): Illuminate\\Container\\Container->call(Array)
#14 /home/techtaru/crm.techtaru.in/vendor/laravel/framework/src/Illuminate/Pipeline/Pipeline.php(180): Illuminate\\Bus\\Dispatcher->Illuminate\\Bus\\{closure}(Object(Illuminate\\Notifications\\SendQueuedNotifications))
#15 /home/techtaru/crm.techtaru.in/vendor/laravel/framework/src/Illuminate/Pipeline/Pipeline.php(137): Illuminate\\Pipeline\\Pipeline->Illuminate\\Pipeline\\{closure}(Object(Illuminate\\Notifications\\SendQueuedNotifications))
#16 /home/techtaru/crm.techtaru.in/vendor/laravel/framework/src/Illuminate/Bus/Dispatcher.php(139): Illuminate\\Pipeline\\Pipeline->then(Object(Closure))
#17 /home/techtaru/crm.techtaru.in/vendor/laravel/framework/src/Illuminate/Queue/CallQueuedHandler.php(134): Illuminate\\Bus\\Dispatcher->dispatchNow(Object(Illuminate\\Notifications\\SendQueuedNotifications), false)
#18 /home/techtaru/crm.techtaru.in/vendor/laravel/framework/src/Illuminate/Pipeline/Pipeline.php(180): Illuminate\\Queue\\CallQueuedHandler->Illuminate\\Queue\\{closure}(Object(Illuminate\\Notifications\\SendQueuedNotifications))
#19 /home/techtaru/crm.techtaru.in/vendor/laravel/framework/src/Illuminate/Pipeline/Pipeline.php(137): Illuminate\\Pipeline\\Pipeline->Illuminate\\Pipeline\\{closure}(Object(Illuminate\\Notifications\\SendQueuedNotifications))
#20 /home/techtaru/crm.techtaru.in/vendor/laravel/framework/src/Illuminate/Queue/CallQueuedHandler.php(127): Illuminate\\Pipeline\\Pipeline->then(Object(Closure))
#21 /home/techtaru/crm.techtaru.in/vendor/laravel/framework/src/Illuminate/Queue/CallQueuedHandler.php(68): Illuminate\\Queue\\CallQueuedHandler->dispatchThroughMiddleware(Object(Illuminate\\Queue\\Jobs\\SyncJob), Object(Illuminate\\Notifications\\SendQueuedNotifications))
#22 /home/techtaru/crm.techtaru.in/vendor/laravel/framework/src/Illuminate/Queue/Jobs/Job.php(102): Illuminate\\Queue\\CallQueuedHandler->call(Object(Illuminate\\Queue\\Jobs\\SyncJob), Array)
#23 /home/techtaru/crm.techtaru.in/vendor/laravel/framework/src/Illuminate/Queue/SyncQueue.php(131): Illuminate\\Queue\\Jobs\\Job->fire()
#24 /home/techtaru/crm.techtaru.in/vendor/laravel/framework/src/Illuminate/Queue/SyncQueue.php(111): Illuminate\\Queue\\SyncQueue->executeJob(Object(Illuminate\\Notifications\\SendQueuedNotifications), '', NULL)
#25 /home/techtaru/crm.techtaru.in/vendor/laravel/framework/src/Illuminate/Bus/Dispatcher.php(258): Illuminate\\Queue\\SyncQueue->push(Object(Illuminate\\Notifications\\SendQueuedNotifications), '', NULL)
#26 /home/techtaru/crm.techtaru.in/vendor/laravel/framework/src/Illuminate/Bus/Dispatcher.php(238): Illuminate\\Bus\\Dispatcher->pushCommandToQueue(Object(Illuminate\\Queue\\SyncQueue), Object(Illuminate\\Notifications\\SendQueuedNotifications))
#27 /home/techtaru/crm.techtaru.in/vendor/laravel/framework/src/Illuminate/Bus/Dispatcher.php(86): Illuminate\\Bus\\Dispatcher->dispatchToQueue(Object(Illuminate\\Notifications\\SendQueuedNotifications))
#28 /home/techtaru/crm.techtaru.in/vendor/laravel/framework/src/Illuminate/Notifications/NotificationSender.php(280): Illuminate\\Bus\\Dispatcher->dispatch(Object(Illuminate\\Notifications\\SendQueuedNotifications))
#29 /home/techtaru/crm.techtaru.in/vendor/laravel/framework/src/Illuminate/Notifications/NotificationSender.php(89): Illuminate\\Notifications\\NotificationSender->queueNotification(Object(Illuminate\\Database\\Eloquent\\Collection), Object(App\\Notifications\\ExportFailedNotification))
#30 /home/techtaru/crm.techtaru.in/vendor/laravel/framework/src/Illuminate/Notifications/ChannelManager.php(48): Illuminate\\Notifications\\NotificationSender->send(Object(App\\Models\\User), Object(App\\Notifications\\ExportFailedNotification))
#31 /home/techtaru/crm.techtaru.in/vendor/laravel/framework/src/Illuminate/Notifications/RoutesNotifications.php(18): Illuminate\\Notifications\\ChannelManager->send(Object(App\\Models\\User), Object(App\\Notifications\\ExportFailedNotification))
#32 /home/techtaru/crm.techtaru.in/app/Jobs/ExportLeads.php(73): App\\Models\\User->notify(Object(App\\Notifications\\ExportFailedNotification))
#33 /home/techtaru/crm.techtaru.in/vendor/laravel/framework/src/Illuminate/Queue/CallQueuedHandler.php(347): App\\Jobs\\ExportLeads->failed(Object(Symfony\\Component\\Mime\\Exception\\LogicException))
#34 /home/techtaru/crm.techtaru.in/vendor/laravel/framework/src/Illuminate/Queue/Jobs/Job.php(254): Illuminate\\Queue\\CallQueuedHandler->failed(Array, Object(Symfony\\Component\\Mime\\Exception\\LogicException), '108bfcd1-bb4b-4...', Object(Illuminate\\Queue\\Jobs\\SyncJob))
#35 /home/techtaru/crm.techtaru.in/vendor/laravel/framework/src/Illuminate/Queue/Jobs/Job.php(219): Illuminate\\Queue\\Jobs\\Job->failed(Object(Symfony\\Component\\Mime\\Exception\\LogicException))
#36 /home/techtaru/crm.techtaru.in/vendor/laravel/framework/src/Illuminate/Queue/SyncQueue.php(224): Illuminate\\Queue\\Jobs\\Job->fail(Object(Symfony\\Component\\Mime\\Exception\\LogicException))
#37 /home/techtaru/crm.techtaru.in/vendor/laravel/framework/src/Illuminate/Queue/SyncQueue.php(137): Illuminate\\Queue\\SyncQueue->handleException(Object(Illuminate\\Queue\\Jobs\\SyncJob), Object(Symfony\\Component\\Mime\\Exception\\LogicException))
#38 /home/techtaru/crm.techtaru.in/vendor/laravel/framework/src/Illuminate/Queue/SyncQueue.php(111): Illuminate\\Queue\\SyncQueue->executeJob(Object(App\\Jobs\\ExportLeads), '', 'exports')
#39 /home/techtaru/crm.techtaru.in/vendor/laravel/framework/src/Illuminate/Bus/Dispatcher.php(258): Illuminate\\Queue\\SyncQueue->push(Object(App\\Jobs\\ExportLeads), '', 'exports')
#40 /home/techtaru/crm.techtaru.in/vendor/laravel/framework/src/Illuminate/Bus/Dispatcher.php(238): Illuminate\\Bus\\Dispatcher->pushCommandToQueue(Object(Illuminate\\Queue\\SyncQueue), Object(App\\Jobs\\ExportLeads))
#41 /home/techtaru/crm.techtaru.in/vendor/laravel/framework/src/Illuminate/Bus/Dispatcher.php(86): Illuminate\\Bus\\Dispatcher->dispatchToQueue(Object(App\\Jobs\\ExportLeads))
#42 /home/techtaru/crm.techtaru.in/vendor/laravel/framework/src/Illuminate/Foundation/Bus/PendingDispatch.php(252): Illuminate\\Bus\\Dispatcher->dispatch(Object(App\\Jobs\\ExportLeads))
#43 /home/techtaru/crm.techtaru.in/vendor/laravel/framework/src/Illuminate/Foundation/Bus/Dispatchable.php(19): Illuminate\\Foundation\\Bus\\PendingDispatch->__destruct()
#44 /home/techtaru/crm.techtaru.in/app/Filament/Resources/LeadResource/Pages/ListLeads.php(208): App\\Jobs\\ExportLeads::dispatch(5, 4, Array)
#45 /home/techtaru/crm.techtaru.in/vendor/filament/support/src/Concerns/EvaluatesClosures.php(36): App\\Filament\\Resources\\LeadResource\\Pages\\ListLeads->App\\Filament\\Resources\\LeadResource\\Pages\\{closure}()
#46 /home/techtaru/crm.techtaru.in/vendor/filament/actions/src/Action.php(644): Filament\\Support\\Components\\Component->evaluate(Object(Closure), Array)
#47 /home/techtaru/crm.techtaru.in/vendor/filament/actions/src/Concerns/InteractsWithActions.php(269): Filament\\Actions\\Action->call(Array)
#48 /home/techtaru/crm.techtaru.in/vendor/filament/actions/src/Concerns/InteractsWithActions.php(184): Filament\\Pages\\BasePage->callMountedAction()
#49 /home/techtaru/crm.techtaru.in/vendor/laravel/framework/src/Illuminate/Container/BoundMethod.php(36): Filament\\Pages\\BasePage->mountAction('export', Array, Array)
#50 /home/techtaru/crm.techtaru.in/vendor/laravel/framework/src/Illuminate/Container/Util.php(43): Illuminate\\Container\\BoundMethod::Illuminate\\Container\\{closure}()
#51 /home/techtaru/crm.techtaru.in/vendor/laravel/framework/src/Illuminate/Container/BoundMethod.php(96): Illuminate\\Container\\Util::unwrapIfClosure(Object(Closure))
#52 /home/techtaru/crm.techtaru.in/vendor/laravel/framework/src/Illuminate/Container/BoundMethod.php(35): Illuminate\\Container\\BoundMethod::callBoundMethod(Object(Illuminate\\Foundation\\Application), Array, Object(Closure))
#53 /home/techtaru/crm.techtaru.in/vendor/livewire/livewire/src/Wrapped.php(23): Illuminate\\Container\\BoundMethod::call(Object(Illuminate\\Foundation\\Application), Array, Array)
#54 /home/techtaru/crm.techtaru.in/vendor/livewire/livewire/src/Mechanisms/HandleComponents/HandleComponents.php(492): Livewire\\Wrapped->__call('mountAction', Array)
#55 /home/techtaru/crm.techtaru.in/vendor/livewire/livewire/src/Mechanisms/HandleComponents/HandleComponents.php(101): Livewire\\Mechanisms\\HandleComponents\\HandleComponents->callMethods(Object(App\\Filament\\Resources\\LeadResource\\Pages\\ListLeads), Array, Object(Livewire\\Mechanisms\\HandleComponents\\ComponentContext))
#56 /home/techtaru/crm.techtaru.in/vendor/livewire/livewire/src/LivewireManager.php(102): Livewire\\Mechanisms\\HandleComponents\\HandleComponents->update(Array, Array, Array)
#57 /home/techtaru/crm.techtaru.in/vendor/livewire/livewire/src/Mechanisms/HandleRequests/HandleRequests.php(131): Livewire\\LivewireManager->update(Array, Array, Array)
#58 /home/techtaru/crm.techtaru.in/vendor/laravel/framework/src/Illuminate/Routing/ControllerDispatcher.php(46): Livewire\\Mechanisms\\HandleRequests\\HandleRequests->handleUpdate()
#59 /home/techtaru/crm.techtaru.in/vendor/laravel/framework/src/Illuminate/Routing/Route.php(269): Illuminate\\Routing\\ControllerDispatcher->dispatch(Object(Illuminate\\Routing\\Route), Object(Livewire\\Mechanisms\\HandleRequests\\HandleRequests), 'handleUpdate')
#60 /home/techtaru/crm.techtaru.in/vendor/laravel/framework/src/Illuminate/Routing/Route.php(215): Illuminate\\Routing\\Route->runController()
#61 /home/techtaru/crm.techtaru.in/vendor/laravel/framework/src/Illuminate/Routing/Router.php(822): Illuminate\\Routing\\Route->run()
#62 /home/techtaru/crm.techtaru.in/vendor/laravel/framework/src/Illuminate/Pipeline/Pipeline.php(180): Illuminate\\Routing\\Router->Illuminate\\Routing\\{closure}(Object(Illuminate\\Http\\Request))
#63 /home/techtaru/crm.techtaru.in/app/Http/Middleware/SecurityHeaders.php(39): Illuminate\\Pipeline\\Pipeline->Illuminate\\Pipeline\\{closure}(Object(Illuminate\\Http\\Request))
#64 /home/techtaru/crm.techtaru.in/vendor/laravel/framework/src/Illuminate/Pipeline/Pipeline.php(219): App\\Http\\Middleware\\SecurityHeaders->handle(Object(Illuminate\\Http\\Request), Object(Closure))
#65 /home/techtaru/crm.techtaru.in/app/Http/Middleware/SetLocale.php(108): Illuminate\\Pipeline\\Pipeline->Illuminate\\Pipeline\\{closure}(Object(Illuminate\\Http\\Request))
#66 /home/techtaru/crm.techtaru.in/vendor/laravel/framework/src/Illuminate/Pipeline/Pipeline.php(219): App\\Http\\Middleware\\SetLocale->handle(Object(Illuminate\\Http\\Request), Object(Closure))
#67 /home/techtaru/crm.techtaru.in/app/Http/Middleware/TrackUserSession.php(55): Illuminate\\Pipeline\\Pipeline->Illuminate\\Pipeline\\{closure}(Object(Illuminate\\Http\\Request))
#68 /home/techtaru/crm.techtaru.in/vendor/laravel/framework/src/Illuminate/Pipeline/Pipeline.php(219): App\\Http\\Middleware\\TrackUserSession->handle(Object(Illuminate\\Http\\Request), Object(Closure))
#69 /home/techtaru/crm.techtaru.in/app/Http/Middleware/ResolveTenant.php(45): Illuminate\\Pipeline\\Pipeline->Illuminate\\Pipeline\\{closure}(Object(Illuminate\\Http\\Request))
#70 /home/techtaru/crm.techtaru.in/vendor/laravel/framework/src/Illuminate/Pipeline/Pipeline.php(219): App\\Http\\Middleware\\ResolveTenant->handle(Object(Illuminate\\Http\\Request), Object(Closure))
#71 /home/techtaru/crm.techtaru.in/vendor/laravel/framework/src/Illuminate/Routing/Middleware/SubstituteBindings.php(52): Illuminate\\Pipeline\\Pipeline->Illuminate\\Pipeline\\{closure}(Object(Illuminate\\Http\\Request))
#72 /home/techtaru/crm.techtaru.in/vendor/laravel/framework/src/Illuminate/Pipeline/Pipeline.php(219): Illuminate\\Routing\\Middleware\\SubstituteBindings->handle(Object(Illuminate\\Http\\Request), Object(Closure))
#73 /home/techtaru/crm.techtaru.in/vendor/laravel/framework/src/Illuminate/Foundation/Http/Middleware/PreventRequestForgery.php(104): Illuminate\\Pipeline\\Pipeline->Illuminate\\Pipeline\\{closure}(Object(Illuminate\\Http\\Request))
#74 /home/techtaru/crm.techtaru.in/vendor/laravel/framework/src/Illuminate/Pipeline/Pipeline.php(219): Illuminate\\Foundation\\Http\\Middleware\\PreventRequestForgery->handle(Object(Illuminate\\Http\\Request), Object(Closure))
#75 /home/techtaru/crm.techtaru.in/vendor/laravel/framework/src/Illuminate/View/Middleware/ShareErrorsFromSession.php(48): Illuminate\\Pipeline\\Pipeline->Illuminate\\Pipeline\\{closure}(Object(Illuminate\\Http\\Request))
#76 /home/techtaru/crm.techtaru.in/vendor/laravel/framework/src/Illuminate/Pipeline/Pipeline.php(219): Illuminate\\View\\Middleware\\ShareErrorsFromSession->handle(Object(Illuminate\\Http\\Request), Object(Closure))
#77 /home/techtaru/crm.techtaru.in/vendor/laravel/framework/src/Illuminate/Session/Middleware/StartSession.php(120): Illuminate\\Pipeline\\Pipeline->Illuminate\\Pipeline\\{closure}(Object(Illuminate\\Http\\Request))
#78 /home/techtaru/crm.techtaru.in/vendor/laravel/framework/src/Illuminate/Session/Middleware/StartSession.php(63): Illuminate\\Session\\Middleware\\StartSession->handleStatefulRequest(Object(Illuminate\\Http\\Request), Object(Illuminate\\Session\\Store), Object(Closure))
#79 /home/techtaru/crm.techtaru.in/vendor/laravel/framework/src/Illuminate/Pipeline/Pipeline.php(219): Illuminate\\Session\\Middleware\\StartSession->handle(Object(Illuminate\\Http\\Request), Object(Closure))
#80 /home/techtaru/crm.techtaru.in/vendor/laravel/framework/src/Illuminate/Cookie/Middleware/AddQueuedCookiesToResponse.php(36): Illuminate\\Pipeline\\Pipeline->Illuminate\\Pipeline\\{closure}(Object(Illuminate\\Http\\Request))
#81 /home/techtaru/crm.techtaru.in/vendor/laravel/framework/src/Illuminate/Pipeline/Pipeline.php(219): Illuminate\\Cookie\\Middleware\\AddQueuedCookiesToResponse->handle(Object(Illuminate\\Http\\Request), Object(Closure))
#82 /home/techtaru/crm.techtaru.in/vendor/laravel/framework/src/Illuminate/Cookie/Middleware/EncryptCookies.php(74): Illuminate\\Pipeline\\Pipeline->Illuminate\\Pipeline\\{closure}(Object(Illuminate\\Http\\Request))
#83 /home/techtaru/crm.techtaru.in/vendor/laravel/framework/src/Illuminate/Pipeline/Pipeline.php(219): Illuminate\\Cookie\\Middleware\\EncryptCookies->handle(Object(Illuminate\\Http\\Request), Object(Closure))
#84 /home/techtaru/crm.techtaru.in/vendor/laravel/framework/src/Illuminate/Http/Middleware/TrustProxies.php(58): Illuminate\\Pipeline\\Pipeline->Illuminate\\Pipeline\\{closure}(Object(Illuminate\\Http\\Request))
#85 /home/techtaru/crm.techtaru.in/vendor/laravel/framework/src/Illuminate/Pipeline/Pipeline.php(219): Illuminate\\Http\\Middleware\\TrustProxies->handle(Object(Illuminate\\Http\\Request), Object(Closure))
#86 /home/techtaru/crm.techtaru.in/vendor/laravel/framework/src/Illuminate/Pipeline/Pipeline.php(137): Illuminate\\Pipeline\\Pipeline->Illuminate\\Pipeline\\{closure}(Object(Illuminate\\Http\\Request))
#87 /home/techtaru/crm.techtaru.in/vendor/laravel/framework/src/Illuminate/Routing/Router.php(821): Illuminate\\Pipeline\\Pipeline->then(Object(Closure))
#88 /home/techtaru/crm.techtaru.in/vendor/laravel/framework/src/Illuminate/Routing/Router.php(800): Illuminate\\Routing\\Router->runRouteWithinStack(Object(Illuminate\\Routing\\Route), Object(Illuminate\\Http\\Request))
#89 /home/techtaru/crm.techtaru.in/vendor/laravel/framework/src/Illuminate/Routing/Router.php(764): Illuminate\\Routing\\Router->runRoute(Object(Illuminate\\Http\\Request), Object(Illuminate\\Routing\\Route))
#90 /home/techtaru/crm.techtaru.in/vendor/laravel/framework/src/Illuminate/Routing/Router.php(753): Illuminate\\Routing\\Router->dispatchToRoute(Object(Illuminate\\Http\\Request))
#91 /home/techtaru/crm.techtaru.in/vendor/laravel/framework/src/Illuminate/Foundation/Http/Kernel.php(200): Illuminate\\Routing\\Router->dispatch(Object(Illuminate\\Http\\Request))
#92 /home/techtaru/crm.techtaru.in/vendor/laravel/framework/src/Illuminate/Pipeline/Pipeline.php(180): Illuminate\\Foundation\\Http\\Kernel->Illuminate\\Foundation\\Http\\{closure}(Object(Illuminate\\Http\\Request))
#93 /home/techtaru/crm.techtaru.in/vendor/livewire/livewire/src/Features/SupportDisablingBackButtonCache/DisableBackButtonCacheMiddleware.php(19): Illuminate\\Pipeline\\Pipeline->Illuminate\\Pipeline\\{closure}(Object(Illuminate\\Http\\Request))
#94 /home/techtaru/crm.techtaru.in/vendor/laravel/framework/src/Illuminate/Pipeline/Pipeline.php(219): Livewire\\Features\\SupportDisablingBackButtonCache\\DisableBackButtonCacheMiddleware->handle(Object(Illuminate\\Http\\Request), Object(Closure))
#95 /home/techtaru/crm.techtaru.in/vendor/laravel/framework/src/Illuminate/Foundation/Http/Middleware/ConvertEmptyStringsToNull.php(27): Illuminate\\Pipeline\\Pipeline->Illuminate\\Pipeline\\{closure}(Object(Illuminate\\Http\\Request))
#96 /home/techtaru/crm.techtaru.in/vendor/laravel/framework/src/Illuminate/Pipeline/Pipeline.php(219): Illuminate\\Foundation\\Http\\Middleware\\ConvertEmptyStringsToNull->handle(Object(Illuminate\\Http\\Request), Object(Closure))
#97 /home/techtaru/crm.techtaru.in/vendor/laravel/framework/src/Illuminate/Foundation/Http/Middleware/TrimStrings.php(47): Illuminate\\Pipeline\\Pipeline->Illuminate\\Pipeline\\{closure}(Object(Illuminate\\Http\\Request))
#98 /home/techtaru/crm.techtaru.in/vendor/laravel/framework/src/Illuminate/Pipeline/Pipeline.php(219): Illuminate\\Foundation\\Http\\Middleware\\TrimStrings->handle(Object(Illuminate\\Http\\Request), Object(Closure))
#99 /home/techtaru/crm.techtaru.in/vendor/laravel/framework/src/Illuminate/Http/Middleware/ValidatePostSize.php(27): Illuminate\\Pipeline\\Pipeline->Illuminate\\Pipeline\\{closure}(Object(Illuminate\\Http\\Request))
#100 /home/techtaru/crm.techtaru.in/vendor/laravel/framework/src/Illuminate/Pipeline/Pipeline.php(219): Illuminate\\Http\\Middleware\\ValidatePostSize->handle(Object(Illuminate\\Http\\Request), Object(Closure))
#101 /home/techtaru/crm.techtaru.in/vendor/laravel/framework/src/Illuminate/Foundation/Http/Middleware/PreventRequestsDuringMaintenance.php(109): Illuminate\\Pipeline\\Pipeline->Illuminate\\Pipeline\\{closure}(Object(Illuminate\\Http\\Request))
#102 /home/techtaru/crm.techtaru.in/vendor/laravel/framework/src/Illuminate/Pipeline/Pipeline.php(219): Illuminate\\Foundation\\Http\\Middleware\\PreventRequestsDuringMaintenance->handle(Object(Illuminate\\Http\\Request), Object(Closure))
#103 /home/techtaru/crm.techtaru.in/vendor/laravel/framework/src/Illuminate/Http/Middleware/HandleCors.php(61): Illuminate\\Pipeline\\Pipeline->Illuminate\\Pipeline\\{closure}(Object(Illuminate\\Http\\Request))
#104 /home/techtaru/crm.techtaru.in/vendor/laravel/framework/src/Illuminate/Pipeline/Pipeline.php(219): Illuminate\\Http\\Middleware\\HandleCors->handle(Object(Illuminate\\Http\\Request), Object(Closure))
#105 /home/techtaru/crm.techtaru.in/vendor/laravel/framework/src/Illuminate/Http/Middleware/TrustProxies.php(58): Illuminate\\Pipeline\\Pipeline->Illuminate\\Pipeline\\{closure}(Object(Illuminate\\Http\\Request))
#106 /home/techtaru/crm.techtaru.in/vendor/laravel/framework/src/Illuminate/Pipeline/Pipeline.php(219): Illuminate\\Http\\Middleware\\TrustProxies->handle(Object(Illuminate\\Http\\Request), Object(Closure))
#107 /home/techtaru/crm.techtaru.in/vendor/laravel/framework/src/Illuminate/Foundation/Http/Middleware/InvokeDeferredCallbacks.php(22): Illuminate\\Pipeline\\Pipeline->Illuminate\\Pipeline\\{closure}(Object(Illuminate\\Http\\Request))
#108 /home/techtaru/crm.techtaru.in/vendor/laravel/framework/src/Illuminate/Pipeline/Pipeline.php(219): Illuminate\\Foundation\\Http\\Middleware\\InvokeDeferredCallbacks->handle(Object(Illuminate\\Http\\Request), Object(Closure))
#109 /home/techtaru/crm.techtaru.in/vendor/laravel/framework/src/Illuminate/Http/Middleware/ValidatePathEncoding.php(28): Illuminate\\Pipeline\\Pipeline->Illuminate\\Pipeline\\{closure}(Object(Illuminate\\Http\\Request))
#110 /home/techtaru/crm.techtaru.in/vendor/laravel/framework/src/Illuminate/Pipeline/Pipeline.php(219): Illuminate\\Http\\Middleware\\ValidatePathEncoding->handle(Object(Illuminate\\Http\\Request), Object(Closure))
#111 /home/techtaru/crm.techtaru.in/vendor/laravel/framework/src/Illuminate/Pipeline/Pipeline.php(137): Illuminate\\Pipeline\\Pipeline->Illuminate\\Pipeline\\{closure}(Object(Illuminate\\Http\\Request))
#112 /home/techtaru/crm.techtaru.in/vendor/laravel/framework/src/Illuminate/Foundation/Http/Kernel.php(175): Illuminate\\Pipeline\\Pipeline->then(Object(Closure))
#113 /home/techtaru/crm.techtaru.in/vendor/laravel/framework/src/Illuminate/Foundation/Http/Kernel.php(144): Illuminate\\Foundation\\Http\\Kernel->sendRequestThroughRouter(Object(Illuminate\\Http\\Request))
#114 /home/techtaru/crm.techtaru.in/vendor/laravel/framework/src/Illuminate/Foundation/Application.php(1220): Illuminate\\Foundation\\Http\\Kernel->handle(Object(Illuminate\\Http\\Request))
#115 /home/techtaru/crm.techtaru.in/public/index.php(119): Illuminate\\Foundation\\Application->handleRequest(Object(Illuminate\\Http\\Request))
#116 {main}
"} 
[2026-08-10 12:31:56] local.ERROR: ExportLeads job failed {"tenant_id":5,"user_id":4,"error":"An email must have a \"To\", \"Cc\", or \"Bcc\" header."} 
[2026-08-10 12:31:56] local.ERROR: App\Mail\LeadNotificationMail::__construct(): Argument #4 ($actionUrl) must be of type string, null given, called in /home/techtaru/crm.techtaru.in/app/Notifications/ExportFailedNotification.php on line 26 {"userId":4,"exception":"[object] (TypeError(code: 0): App\\Mail\\LeadNotificationMail::__construct(): Argument #4 ($actionUrl) must be of type string, null given, called in /home/techtaru/crm.techtaru.in/app/Notifications/ExportFailedNotification.php on line 26 at /home/techtaru/crm.techtaru.in/app/Mail/LeadNotificationMail.php:14)
[stacktrace]
#0 /home/techtaru/crm.techtaru.in/app/Notifications/ExportFailedNotification.php(26): App\\Mail\\LeadNotificationMail->__construct('Leads Export Fa...', 'Export Failed', Array, NULL, NULL)
#1 /home/techtaru/crm.techtaru.in/vendor/laravel/framework/src/Illuminate/Notifications/Channels/MailChannel.php(55): App\\Notifications\\ExportFailedNotification->toMail(Object(App\\Models\\User))
#2 /home/techtaru/crm.techtaru.in/vendor/laravel/framework/src/Illuminate/Notifications/NotificationSender.php(164): Illuminate\\Notifications\\Channels\\MailChannel->send(Object(App\\Models\\User), Object(App\\Notifications\\ExportFailedNotification))
#3 /home/techtaru/crm.techtaru.in/vendor/laravel/framework/src/Illuminate/Notifications/NotificationSender.php(119): Illuminate\\Notifications\\NotificationSender->sendToNotifiable(Object(App\\Models\\User), '1f196a10-67c0-4...', Object(App\\Notifications\\ExportFailedNotification), 'mail')
#4 /home/techtaru/crm.techtaru.in/vendor/laravel/framework/src/Illuminate/Support/Traits/Localizable.php(19): Illuminate\\Notifications\\NotificationSender->Illuminate\\Notifications\\{closure}()
#5 /home/techtaru/crm.techtaru.in/vendor/laravel/framework/src/Illuminate/Notifications/NotificationSender.php(114): Illuminate\\Notifications\\NotificationSender->withLocale(NULL, Object(Closure))
#6 /home/techtaru/crm.techtaru.in/vendor/laravel/framework/src/Illuminate/Notifications/ChannelManager.php(61): Illuminate\\Notifications\\NotificationSender->sendNow(Object(Illuminate\\Database\\Eloquent\\Collection), Object(App\\Notifications\\ExportFailedNotification), Array)
#7 /home/techtaru/crm.techtaru.in/vendor/laravel/framework/src/Illuminate/Notifications/SendQueuedNotifications.php(130): Illuminate\\Notifications\\ChannelManager->sendNow(Object(Illuminate\\Database\\Eloquent\\Collection), Object(App\\Notifications\\ExportFailedNotification), Array)
#8 /home/techtaru/crm.techtaru.in/vendor/laravel/framework/src/Illuminate/Container/BoundMethod.php(36): Illuminate\\Notifications\\SendQueuedNotifications->handle(Object(Illuminate\\Notifications\\ChannelManager))
#9 /home/techtaru/crm.techtaru.in/vendor/laravel/framework/src/Illuminate/Container/Util.php(43): Illuminate\\Container\\BoundMethod::Illuminate\\Container\\{closure}()
#10 /home/techtaru/crm.techtaru.in/vendor/laravel/framework/src/Illuminate/Container/BoundMethod.php(96): Illuminate\\Container\\Util::unwrapIfClosure(Object(Closure))
#11 /home/techtaru/crm.techtaru.in/vendor/laravel/framework/src/Illuminate/Container/BoundMethod.php(35): Illuminate\\Container\\BoundMethod::callBoundMethod(Object(Illuminate\\Foundation\\Application), Array, Object(Closure))
#12 /home/techtaru/crm.techtaru.in/vendor/laravel/framework/src/Illuminate/Container/Container.php(799): Illuminate\\Container\\BoundMethod::call(Object(Illuminate\\Foundation\\Application), Array, Array, NULL)
#13 /home/techtaru/crm.techtaru.in/vendor/laravel/framework/src/Illuminate/Bus/Dispatcher.php(135): Illuminate\\Container\\Container->call(Array)
#14 /home/techtaru/crm.techtaru.in/vendor/laravel/framework/src/Illuminate/Pipeline/Pipeline.php(180): Illuminate\\Bus\\Dispatcher->Illuminate\\Bus\\{closure}(Object(Illuminate\\Notifications\\SendQueuedNotifications))
#15 /home/techtaru/crm.techtaru.in/vendor/laravel/framework/src/Illuminate/Pipeline/Pipeline.php(137): Illuminate\\Pipeline\\Pipeline->Illuminate\\Pipeline\\{closure}(Object(Illuminate\\Notifications\\SendQueuedNotifications))
#16 /home/techtaru/crm.techtaru.in/vendor/laravel/framework/src/Illuminate/Bus/Dispatcher.php(139): Illuminate\\Pipeline\\Pipeline->then(Object(Closure))
#17 /home/techtaru/crm.techtaru.in/vendor/laravel/framework/src/Illuminate/Queue/CallQueuedHandler.php(134): Illuminate\\Bus\\Dispatcher->dispatchNow(Object(Illuminate\\Notifications\\SendQueuedNotifications), false)
#18 /home/techtaru/crm.techtaru.in/vendor/laravel/framework/src/Illuminate/Pipeline/Pipeline.php(180): Illuminate\\Queue\\CallQueuedHandler->Illuminate\\Queue\\{closure}(Object(Illuminate\\Notifications\\SendQueuedNotifications))
#19 /home/techtaru/crm.techtaru.in/vendor/laravel/framework/src/Illuminate/Pipeline/Pipeline.php(137): Illuminate\\Pipeline\\Pipeline->Illuminate\\Pipeline\\{closure}(Object(Illuminate\\Notifications\\SendQueuedNotifications))
#20 /home/techtaru/crm.techtaru.in/vendor/laravel/framework/src/Illuminate/Queue/CallQueuedHandler.php(127): Illuminate\\Pipeline\\Pipeline->then(Object(Closure))
#21 /home/techtaru/crm.techtaru.in/vendor/laravel/framework/src/Illuminate/Queue/CallQueuedHandler.php(68): Illuminate\\Queue\\CallQueuedHandler->dispatchThroughMiddleware(Object(Illuminate\\Queue\\Jobs\\SyncJob), Object(Illuminate\\Notifications\\SendQueuedNotifications))
#22 /home/techtaru/crm.techtaru.in/vendor/laravel/framework/src/Illuminate/Queue/Jobs/Job.php(102): Illuminate\\Queue\\CallQueuedHandler->call(Object(Illuminate\\Queue\\Jobs\\SyncJob), Array)
#23 /home/techtaru/crm.techtaru.in/vendor/laravel/framework/src/Illuminate/Queue/SyncQueue.php(131): Illuminate\\Queue\\Jobs\\Job->fire()
#24 /home/techtaru/crm.techtaru.in/vendor/laravel/framework/src/Illuminate/Queue/SyncQueue.php(111): Illuminate\\Queue\\SyncQueue->executeJob(Object(Illuminate\\Notifications\\SendQueuedNotifications), '', NULL)
#25 /home/techtaru/crm.techtaru.in/vendor/laravel/framework/src/Illuminate/Bus/Dispatcher.php(258): Illuminate\\Queue\\SyncQueue->push(Object(Illuminate\\Notifications\\SendQueuedNotifications), '', NULL)
#26 /home/techtaru/crm.techtaru.in/vendor/laravel/framework/src/Illuminate/Bus/Dispatcher.php(238): Illuminate\\Bus\\Dispatcher->pushCommandToQueue(Object(Illuminate\\Queue\\SyncQueue), Object(Illuminate\\Notifications\\SendQueuedNotifications))
#27 /home/techtaru/crm.techtaru.in/vendor/laravel/framework/src/Illuminate/Bus/Dispatcher.php(86): Illuminate\\Bus\\Dispatcher->dispatchToQueue(Object(Illuminate\\Notifications\\SendQueuedNotifications))
#28 /home/techtaru/crm.techtaru.in/vendor/laravel/framework/src/Illuminate/Notifications/NotificationSender.php(280): Illuminate\\Bus\\Dispatcher->dispatch(Object(Illuminate\\Notifications\\SendQueuedNotifications))
#29 /home/techtaru/crm.techtaru.in/vendor/laravel/framework/src/Illuminate/Notifications/NotificationSender.php(89): Illuminate\\Notifications\\NotificationSender->queueNotification(Object(Illuminate\\Database\\Eloquent\\Collection), Object(App\\Notifications\\ExportFailedNotification))
#30 /home/techtaru/crm.techtaru.in/vendor/laravel/framework/src/Illuminate/Notifications/ChannelManager.php(48): Illuminate\\Notifications\\NotificationSender->send(Object(App\\Models\\User), Object(App\\Notifications\\ExportFailedNotification))
#31 /home/techtaru/crm.techtaru.in/vendor/laravel/framework/src/Illuminate/Notifications/RoutesNotifications.php(18): Illuminate\\Notifications\\ChannelManager->send(Object(App\\Models\\User), Object(App\\Notifications\\ExportFailedNotification))
#32 /home/techtaru/crm.techtaru.in/app/Jobs/ExportLeads.php(73): App\\Models\\User->notify(Object(App\\Notifications\\ExportFailedNotification))
#33 /home/techtaru/crm.techtaru.in/vendor/laravel/framework/src/Illuminate/Queue/CallQueuedHandler.php(347): App\\Jobs\\ExportLeads->failed(Object(Symfony\\Component\\Mime\\Exception\\LogicException))
#34 /home/techtaru/crm.techtaru.in/vendor/laravel/framework/src/Illuminate/Queue/Jobs/Job.php(254): Illuminate\\Queue\\CallQueuedHandler->failed(Array, Object(Symfony\\Component\\Mime\\Exception\\LogicException), 'a2f5ec61-74d2-4...', Object(Illuminate\\Queue\\Jobs\\SyncJob))
#35 /home/techtaru/crm.techtaru.in/vendor/laravel/framework/src/Illuminate/Queue/Jobs/Job.php(219): Illuminate\\Queue\\Jobs\\Job->failed(Object(Symfony\\Component\\Mime\\Exception\\LogicException))
#36 /home/techtaru/crm.techtaru.in/vendor/laravel/framework/src/Illuminate/Queue/SyncQueue.php(224): Illuminate\\Queue\\Jobs\\Job->fail(Object(Symfony\\Component\\Mime\\Exception\\LogicException))
#37 /home/techtaru/crm.techtaru.in/vendor/laravel/framework/src/Illuminate/Queue/SyncQueue.php(137): Illuminate\\Queue\\SyncQueue->handleException(Object(Illuminate\\Queue\\Jobs\\SyncJob), Object(Symfony\\Component\\Mime\\Exception\\LogicException))
#38 /home/techtaru/crm.techtaru.in/vendor/laravel/framework/src/Illuminate/Queue/SyncQueue.php(111): Illuminate\\Queue\\SyncQueue->executeJob(Object(App\\Jobs\\ExportLeads), '', 'exports')
#39 /home/techtaru/crm.techtaru.in/vendor/laravel/framework/src/Illuminate/Bus/Dispatcher.php(258): Illuminate\\Queue\\SyncQueue->push(Object(App\\Jobs\\ExportLeads), '', 'exports')
#40 /home/techtaru/crm.techtaru.in/vendor/laravel/framework/src/Illuminate/Bus/Dispatcher.php(238): Illuminate\\Bus\\Dispatcher->pushCommandToQueue(Object(Illuminate\\Queue\\SyncQueue), Object(App\\Jobs\\ExportLeads))
#41 /home/techtaru/crm.techtaru.in/vendor/laravel/framework/src/Illuminate/Bus/Dispatcher.php(86): Illuminate\\Bus\\Dispatcher->dispatchToQueue(Object(App\\Jobs\\ExportLeads))
#42 /home/techtaru/crm.techtaru.in/vendor/laravel/framework/src/Illuminate/Foundation/Bus/PendingDispatch.php(252): Illuminate\\Bus\\Dispatcher->dispatch(Object(App\\Jobs\\ExportLeads))
#43 /home/techtaru/crm.techtaru.in/vendor/laravel/framework/src/Illuminate/Foundation/Bus/Dispatchable.php(19): Illuminate\\Foundation\\Bus\\PendingDispatch->__destruct()
#44 /home/techtaru/crm.techtaru.in/app/Filament/Resources/LeadResource/Pages/ListLeads.php(208): App\\Jobs\\ExportLeads::dispatch(5, 4, Array)
#45 /home/techtaru/crm.techtaru.in/vendor/filament/support/src/Concerns/EvaluatesClosures.php(36): App\\Filament\\Resources\\LeadResource\\Pages\\ListLeads->App\\Filament\\Resources\\LeadResource\\Pages\\{closure}()
#46 /home/techtaru/crm.techtaru.in/vendor/filament/actions/src/Action.php(644): Filament\\Support\\Components\\Component->evaluate(Object(Closure), Array)
#47 /home/techtaru/crm.techtaru.in/vendor/filament/actions/src/Concerns/InteractsWithActions.php(269): Filament\\Actions\\Action->call(Array)
#48 /home/techtaru/crm.techtaru.in/vendor/filament/actions/src/Concerns/InteractsWithActions.php(184): Filament\\Pages\\BasePage->callMountedAction()
#49 /home/techtaru/crm.techtaru.in/vendor/laravel/framework/src/Illuminate/Container/BoundMethod.php(36): Filament\\Pages\\BasePage->mountAction('export', Array, Array)
#50 /home/techtaru/crm.techtaru.in/vendor/laravel/framework/src/Illuminate/Container/Util.php(43): Illuminate\\Container\\BoundMethod::Illuminate\\Container\\{closure}()
#51 /home/techtaru/crm.techtaru.in/vendor/laravel/framework/src/Illuminate/Container/BoundMethod.php(96): Illuminate\\Container\\Util::unwrapIfClosure(Object(Closure))
#52 /home/techtaru/crm.techtaru.in/vendor/laravel/framework/src/Illuminate/Container/BoundMethod.php(35): Illuminate\\Container\\BoundMethod::callBoundMethod(Object(Illuminate\\Foundation\\Application), Array, Object(Closure))
#53 /home/techtaru/crm.techtaru.in/vendor/livewire/livewire/src/Wrapped.php(23): Illuminate\\Container\\BoundMethod::call(Object(Illuminate\\Foundation\\Application), Array, Array)
#54 /home/techtaru/crm.techtaru.in/vendor/livewire/livewire/src/Mechanisms/HandleComponents/HandleComponents.php(492): Livewire\\Wrapped->__call('mountAction', Array)
#55 /home/techtaru/crm.techtaru.in/vendor/livewire/livewire/src/Mechanisms/HandleComponents/HandleComponents.php(101): Livewire\\Mechanisms\\HandleComponents\\HandleComponents->callMethods(Object(App\\Filament\\Resources\\LeadResource\\Pages\\ListLeads), Array, Object(Livewire\\Mechanisms\\HandleComponents\\ComponentContext))
#56 /home/techtaru/crm.techtaru.in/vendor/livewire/livewire/src/LivewireManager.php(102): Livewire\\Mechanisms\\HandleComponents\\HandleComponents->update(Array, Array, Array)
#57 /home/techtaru/crm.techtaru.in/vendor/livewire/livewire/src/Mechanisms/HandleRequests/HandleRequests.php(131): Livewire\\LivewireManager->update(Array, Array, Array)
#58 /home/techtaru/crm.techtaru.in/vendor/laravel/framework/src/Illuminate/Routing/ControllerDispatcher.php(46): Livewire\\Mechanisms\\HandleRequests\\HandleRequests->handleUpdate()
#59 /home/techtaru/crm.techtaru.in/vendor/laravel/framework/src/Illuminate/Routing/Route.php(269): Illuminate\\Routing\\ControllerDispatcher->dispatch(Object(Illuminate\\Routing\\Route), Object(Livewire\\Mechanisms\\HandleRequests\\HandleRequests), 'handleUpdate')
#60 /home/techtaru/crm.techtaru.in/vendor/laravel/framework/src/Illuminate/Routing/Route.php(215): Illuminate\\Routing\\Route->runController()
#61 /home/techtaru/crm.techtaru.in/vendor/laravel/framework/src/Illuminate/Routing/Router.php(822): Illuminate\\Routing\\Route->run()
#62 /home/techtaru/crm.techtaru.in/vendor/laravel/framework/src/Illuminate/Pipeline/Pipeline.php(180): Illuminate\\Routing\\Router->Illuminate\\Routing\\{closure}(Object(Illuminate\\Http\\Request))
#63 /home/techtaru/crm.techtaru.in/app/Http/Middleware/SecurityHeaders.php(39): Illuminate\\Pipeline\\Pipeline->Illuminate\\Pipeline\\{closure}(Object(Illuminate\\Http\\Request))
#64 /home/techtaru/crm.techtaru.in/vendor/laravel/framework/src/Illuminate/Pipeline/Pipeline.php(219): App\\Http\\Middleware\\SecurityHeaders->handle(Object(Illuminate\\Http\\Request), Object(Closure))
#65 /home/techtaru/crm.techtaru.in/app/Http/Middleware/SetLocale.php(108): Illuminate\\Pipeline\\Pipeline->Illuminate\\Pipeline\\{closure}(Object(Illuminate\\Http\\Request))
#66 /home/techtaru/crm.techtaru.in/vendor/laravel/framework/src/Illuminate/Pipeline/Pipeline.php(219): App\\Http\\Middleware\\SetLocale->handle(Object(Illuminate\\Http\\Request), Object(Closure))
#67 /home/techtaru/crm.techtaru.in/app/Http/Middleware/TrackUserSession.php(55): Illuminate\\Pipeline\\Pipeline->Illuminate\\Pipeline\\{closure}(Object(Illuminate\\Http\\Request))
#68 /home/techtaru/crm.techtaru.in/vendor/laravel/framework/src/Illuminate/Pipeline/Pipeline.php(219): App\\Http\\Middleware\\TrackUserSession->handle(Object(Illuminate\\Http\\Request), Object(Closure))
#69 /home/techtaru/crm.techtaru.in/app/Http/Middleware/ResolveTenant.php(45): Illuminate\\Pipeline\\Pipeline->Illuminate\\Pipeline\\{closure}(Object(Illuminate\\Http\\Request))
#70 /home/techtaru/crm.techtaru.in/vendor/laravel/framework/src/Illuminate/Pipeline/Pipeline.php(219): App\\Http\\Middleware\\ResolveTenant->handle(Object(Illuminate\\Http\\Request), Object(Closure))
#71 /home/techtaru/crm.techtaru.in/vendor/laravel/framework/src/Illuminate/Routing/Middleware/SubstituteBindings.php(52): Illuminate\\Pipeline\\Pipeline->Illuminate\\Pipeline\\{closure}(Object(Illuminate\\Http\\Request))
#72 /home/techtaru/crm.techtaru.in/vendor/laravel/framework/src/Illuminate/Pipeline/Pipeline.php(219): Illuminate\\Routing\\Middleware\\SubstituteBindings->handle(Object(Illuminate\\Http\\Request), Object(Closure))
#73 /home/techtaru/crm.techtaru.in/vendor/laravel/framework/src/Illuminate/Foundation/Http/Middleware/PreventRequestForgery.php(104): Illuminate\\Pipeline\\Pipeline->Illuminate\\Pipeline\\{closure}(Object(Illuminate\\Http\\Request))
#74 /home/techtaru/crm.techtaru.in/vendor/laravel/framework/src/Illuminate/Pipeline/Pipeline.php(219): Illuminate\\Foundation\\Http\\Middleware\\PreventRequestForgery->handle(Object(Illuminate\\Http\\Request), Object(Closure))
#75 /home/techtaru/crm.techtaru.in/vendor/laravel/framework/src/Illuminate/View/Middleware/ShareErrorsFromSession.php(48): Illuminate\\Pipeline\\Pipeline->Illuminate\\Pipeline\\{closure}(Object(Illuminate\\Http\\Request))
#76 /home/techtaru/crm.techtaru.in/vendor/laravel/framework/src/Illuminate/Pipeline/Pipeline.php(219): Illuminate\\View\\Middleware\\ShareErrorsFromSession->handle(Object(Illuminate\\Http\\Request), Object(Closure))
#77 /home/techtaru/crm.techtaru.in/vendor/laravel/framework/src/Illuminate/Session/Middleware/StartSession.php(120): Illuminate\\Pipeline\\Pipeline->Illuminate\\Pipeline\\{closure}(Object(Illuminate\\Http\\Request))
#78 /home/techtaru/crm.techtaru.in/vendor/laravel/framework/src/Illuminate/Session/Middleware/StartSession.php(63): Illuminate\\Session\\Middleware\\StartSession->handleStatefulRequest(Object(Illuminate\\Http\\Request), Object(Illuminate\\Session\\Store), Object(Closure))
#79 /home/techtaru/crm.techtaru.in/vendor/laravel/framework/src/Illuminate/Pipeline/Pipeline.php(219): Illuminate\\Session\\Middleware\\StartSession->handle(Object(Illuminate\\Http\\Request), Object(Closure))
#80 /home/techtaru/crm.techtaru.in/vendor/laravel/framework/src/Illuminate/Cookie/Middleware/AddQueuedCookiesToResponse.php(36): Illuminate\\Pipeline\\Pipeline->Illuminate\\Pipeline\\{closure}(Object(Illuminate\\Http\\Request))
#81 /home/techtaru/crm.techtaru.in/vendor/laravel/framework/src/Illuminate/Pipeline/Pipeline.php(219): Illuminate\\Cookie\\Middleware\\AddQueuedCookiesToResponse->handle(Object(Illuminate\\Http\\Request), Object(Closure))
#82 /home/techtaru/crm.techtaru.in/vendor/laravel/framework/src/Illuminate/Cookie/Middleware/EncryptCookies.php(74): Illuminate\\Pipeline\\Pipeline->Illuminate\\Pipeline\\{closure}(Object(Illuminate\\Http\\Request))
#83 /home/techtaru/crm.techtaru.in/vendor/laravel/framework/src/Illuminate/Pipeline/Pipeline.php(219): Illuminate\\Cookie\\Middleware\\EncryptCookies->handle(Object(Illuminate\\Http\\Request), Object(Closure))
#84 /home/techtaru/crm.techtaru.in/vendor/laravel/framework/src/Illuminate/Http/Middleware/TrustProxies.php(58): Illuminate\\Pipeline\\Pipeline->Illuminate\\Pipeline\\{closure}(Object(Illuminate\\Http\\Request))
#85 /home/techtaru/crm.techtaru.in/vendor/laravel/framework/src/Illuminate/Pipeline/Pipeline.php(219): Illuminate\\Http\\Middleware\\TrustProxies->handle(Object(Illuminate\\Http\\Request), Object(Closure))
#86 /home/techtaru/crm.techtaru.in/vendor/laravel/framework/src/Illuminate/Pipeline/Pipeline.php(137): Illuminate\\Pipeline\\Pipeline->Illuminate\\Pipeline\\{closure}(Object(Illuminate\\Http\\Request))
#87 /home/techtaru/crm.techtaru.in/vendor/laravel/framework/src/Illuminate/Routing/Router.php(821): Illuminate\\Pipeline\\Pipeline->then(Object(Closure))
#88 /home/techtaru/crm.techtaru.in/vendor/laravel/framework/src/Illuminate/Routing/Router.php(800): Illuminate\\Routing\\Router->runRouteWithinStack(Object(Illuminate\\Routing\\Route), Object(Illuminate\\Http\\Request))
#89 /home/techtaru/crm.techtaru.in/vendor/laravel/framework/src/Illuminate/Routing/Router.php(764): Illuminate\\Routing\\Router->runRoute(Object(Illuminate\\Http\\Request), Object(Illuminate\\Routing\\Route))
#90 /home/techtaru/crm.techtaru.in/vendor/laravel/framework/src/Illuminate/Routing/Router.php(753): Illuminate\\Routing\\Router->dispatchToRoute(Object(Illuminate\\Http\\Request))
#91 /home/techtaru/crm.techtaru.in/vendor/laravel/framework/src/Illuminate/Foundation/Http/Kernel.php(200): Illuminate\\Routing\\Router->dispatch(Object(Illuminate\\Http\\Request))
#92 /home/techtaru/crm.techtaru.in/vendor/laravel/framework/src/Illuminate/Pipeline/Pipeline.php(180): Illuminate\\Foundation\\Http\\Kernel->Illuminate\\Foundation\\Http\\{closure}(Object(Illuminate\\Http\\Request))
#93 /home/techtaru/crm.techtaru.in/vendor/livewire/livewire/src/Features/SupportDisablingBackButtonCache/DisableBackButtonCacheMiddleware.php(19): Illuminate\\Pipeline\\Pipeline->Illuminate\\Pipeline\\{closure}(Object(Illuminate\\Http\\Request))
#94 /home/techtaru/crm.techtaru.in/vendor/laravel/framework/src/Illuminate/Pipeline/Pipeline.php(219): Livewire\\Features\\SupportDisablingBackButtonCache\\DisableBackButtonCacheMiddleware->handle(Object(Illuminate\\Http\\Request), Object(Closure))
#95 /home/techtaru/crm.techtaru.in/vendor/laravel/framework/src/Illuminate/Foundation/Http/Middleware/ConvertEmptyStringsToNull.php(27): Illuminate\\Pipeline\\Pipeline->Illuminate\\Pipeline\\{closure}(Object(Illuminate\\Http\\Request))
#96 /home/techtaru/crm.techtaru.in/vendor/laravel/framework/src/Illuminate/Pipeline/Pipeline.php(219): Illuminate\\Foundation\\Http\\Middleware\\ConvertEmptyStringsToNull->handle(Object(Illuminate\\Http\\Request), Object(Closure))
#97 /home/techtaru/crm.techtaru.in/vendor/laravel/framework/src/Illuminate/Foundation/Http/Middleware/TrimStrings.php(47): Illuminate\\Pipeline\\Pipeline->Illuminate\\Pipeline\\{closure}(Object(Illuminate\\Http\\Request))
#98 /home/techtaru/crm.techtaru.in/vendor/laravel/framework/src/Illuminate/Pipeline/Pipeline.php(219): Illuminate\\Foundation\\Http\\Middleware\\TrimStrings->handle(Object(Illuminate\\Http\\Request), Object(Closure))
#99 /home/techtaru/crm.techtaru.in/vendor/laravel/framework/src/Illuminate/Http/Middleware/ValidatePostSize.php(27): Illuminate\\Pipeline\\Pipeline->Illuminate\\Pipeline\\{closure}(Object(Illuminate\\Http\\Request))
#100 /home/techtaru/crm.techtaru.in/vendor/laravel/framework/src/Illuminate/Pipeline/Pipeline.php(219): Illuminate\\Http\\Middleware\\ValidatePostSize->handle(Object(Illuminate\\Http\\Request), Object(Closure))
#101 /home/techtaru/crm.techtaru.in/vendor/laravel/framework/src/Illuminate/Foundation/Http/Middleware/PreventRequestsDuringMaintenance.php(109): Illuminate\\Pipeline\\Pipeline->Illuminate\\Pipeline\\{closure}(Object(Illuminate\\Http\\Request))
#102 /home/techtaru/crm.techtaru.in/vendor/laravel/framework/src/Illuminate/Pipeline/Pipeline.php(219): Illuminate\\Foundation\\Http\\Middleware\\PreventRequestsDuringMaintenance->handle(Object(Illuminate\\Http\\Request), Object(Closure))
#103 /home/techtaru/crm.techtaru.in/vendor/laravel/framework/src/Illuminate/Http/Middleware/HandleCors.php(61): Illuminate\\Pipeline\\Pipeline->Illuminate\\Pipeline\\{closure}(Object(Illuminate\\Http\\Request))
#104 /home/techtaru/crm.techtaru.in/vendor/laravel/framework/src/Illuminate/Pipeline/Pipeline.php(219): Illuminate\\Http\\Middleware\\HandleCors->handle(Object(Illuminate\\Http\\Request), Object(Closure))
#105 /home/techtaru/crm.techtaru.in/vendor/laravel/framework/src/Illuminate/Http/Middleware/TrustProxies.php(58): Illuminate\\Pipeline\\Pipeline->Illuminate\\Pipeline\\{closure}(Object(Illuminate\\Http\\Request))
#106 /home/techtaru/crm.techtaru.in/vendor/laravel/framework/src/Illuminate/Pipeline/Pipeline.php(219): Illuminate\\Http\\Middleware\\TrustProxies->handle(Object(Illuminate\\Http\\Request), Object(Closure))
#107 /home/techtaru/crm.techtaru.in/vendor/laravel/framework/src/Illuminate/Foundation/Http/Middleware/InvokeDeferredCallbacks.php(22): Illuminate\\Pipeline\\Pipeline->Illuminate\\Pipeline\\{closure}(Object(Illuminate\\Http\\Request))
#108 /home/techtaru/crm.techtaru.in/vendor/laravel/framework/src/Illuminate/Pipeline/Pipeline.php(219): Illuminate\\Foundation\\Http\\Middleware\\InvokeDeferredCallbacks->handle(Object(Illuminate\\Http\\Request), Object(Closure))
#109 /home/techtaru/crm.techtaru.in/vendor/laravel/framework/src/Illuminate/Http/Middleware/ValidatePathEncoding.php(28): Illuminate\\Pipeline\\Pipeline->Illuminate\\Pipeline\\{closure}(Object(Illuminate\\Http\\Request))
#110 /home/techtaru/crm.techtaru.in/vendor/laravel/framework/src/Illuminate/Pipeline/Pipeline.php(219): Illuminate\\Http\\Middleware\\ValidatePathEncoding->handle(Object(Illuminate\\Http\\Request), Object(Closure))
#111 /home/techtaru/crm.techtaru.in/vendor/laravel/framework/src/Illuminate/Pipeline/Pipeline.php(137): Illuminate\\Pipeline\\Pipeline->Illuminate\\Pipeline\\{closure}(Object(Illuminate\\Http\\Request))
#112 /home/techtaru/crm.techtaru.in/vendor/laravel/framework/src/Illuminate/Foundation/Http/Kernel.php(175): Illuminate\\Pipeline\\Pipeline->then(Object(Closure))
#113 /home/techtaru/crm.techtaru.in/vendor/laravel/framework/src/Illuminate/Foundation/Http/Kernel.php(144): Illuminate\\Foundation\\Http\\Kernel->sendRequestThroughRouter(Object(Illuminate\\Http\\Request))
#114 /home/techtaru/crm.techtaru.in/vendor/laravel/framework/src/Illuminate/Foundation/Application.php(1220): Illuminate\\Foundation\\Http\\Kernel->handle(Object(Illuminate\\Http\\Request))
#115 /home/techtaru/crm.techtaru.in/public/index.php(119): Illuminate\\Foundation\\Application->handleRequest(Object(Illuminate\\Http\\Request))
#116 {main}
"} 
[2026-08-10 12:32:07] local.ERROR: ExportLeads job failed {"tenant_id":5,"user_id":4,"error":"An email must have a \"To\", \"Cc\", or \"Bcc\" header."} 
[2026-08-10 12:32:07] local.ERROR: App\Mail\LeadNotificationMail::__construct(): Argument #4 ($actionUrl) must be of type string, null given, called in /home/techtaru/crm.techtaru.in/app/Notifications/ExportFailedNotification.php on line 26 {"userId":4,"exception":"[object] (TypeError(code: 0): App\\Mail\\LeadNotificationMail::__construct(): Argument #4 ($actionUrl) must be of type string, null given, called in /home/techtaru/crm.techtaru.in/app/Notifications/ExportFailedNotification.php on line 26 at /home/techtaru/crm.techtaru.in/app/Mail/LeadNotificationMail.php:14)
[stacktrace]
#0 /home/techtaru/crm.techtaru.in/app/Notifications/ExportFailedNotification.php(26): App\\Mail\\LeadNotificationMail->__construct('Leads Export Fa...', 'Export Failed', Array, NULL, NULL)
#1 /home/techtaru/crm.techtaru.in/vendor/laravel/framework/src/Illuminate/Notifications/Channels/MailChannel.php(55): App\\Notifications\\ExportFailedNotification->toMail(Object(App\\Models\\User))
#2 /home/techtaru/crm.techtaru.in/vendor/laravel/framework/src/Illuminate/Notifications/NotificationSender.php(164): Illuminate\\Notifications\\Channels\\MailChannel->send(Object(App\\Models\\User), Object(App\\Notifications\\ExportFailedNotification))
#3 /home/techtaru/crm.techtaru.in/vendor/laravel/framework/src/Illuminate/Notifications/NotificationSender.php(119): Illuminate\\Notifications\\NotificationSender->sendToNotifiable(Object(App\\Models\\User), '2a9e25dc-6aa8-4...', Object(App\\Notifications\\ExportFailedNotification), 'mail')
#4 /home/techtaru/crm.techtaru.in/vendor/laravel/framework/src/Illuminate/Support/Traits/Localizable.php(19): Illuminate\\Notifications\\NotificationSender->Illuminate\\Notifications\\{closure}()
#5 /home/techtaru/crm.techtaru.in/vendor/laravel/framework/src/Illuminate/Notifications/NotificationSender.php(114): Illuminate\\Notifications\\NotificationSender->withLocale(NULL, Object(Closure))
#6 /home/techtaru/crm.techtaru.in/vendor/laravel/framework/src/Illuminate/Notifications/ChannelManager.php(61): Illuminate\\Notifications\\NotificationSender->sendNow(Object(Illuminate\\Database\\Eloquent\\Collection), Object(App\\Notifications\\ExportFailedNotification), Array)
#7 /home/techtaru/crm.techtaru.in/vendor/laravel/framework/src/Illuminate/Notifications/SendQueuedNotifications.php(130): Illuminate\\Notifications\\ChannelManager->sendNow(Object(Illuminate\\Database\\Eloquent\\Collection), Object(App\\Notifications\\ExportFailedNotification), Array)
#8 /home/techtaru/crm.techtaru.in/vendor/laravel/framework/src/Illuminate/Container/BoundMethod.php(36): Illuminate\\Notifications\\SendQueuedNotifications->handle(Object(Illuminate\\Notifications\\ChannelManager))
#9 /home/techtaru/crm.techtaru.in/vendor/laravel/framework/src/Illuminate/Container/Util.php(43): Illuminate\\Container\\BoundMethod::Illuminate\\Container\\{closure}()
#10 /home/techtaru/crm.techtaru.in/vendor/laravel/framework/src/Illuminate/Container/BoundMethod.php(96): Illuminate\\Container\\Util::unwrapIfClosure(Object(Closure))
#11 /home/techtaru/crm.techtaru.in/vendor/laravel/framework/src/Illuminate/Container/BoundMethod.php(35): Illuminate\\Container\\BoundMethod::callBoundMethod(Object(Illuminate\\Foundation\\Application), Array, Object(Closure))
#12 /home/techtaru/crm.techtaru.in/vendor/laravel/framework/src/Illuminate/Container/Container.php(799): Illuminate\\Container\\BoundMethod::call(Object(Illuminate\\Foundation\\Application), Array, Array, NULL)
#13 /home/techtaru/crm.techtaru.in/vendor/laravel/framework/src/Illuminate/Bus/Dispatcher.php(135): Illuminate\\Container\\Container->call(Array)
#14 /home/techtaru/crm.techtaru.in/vendor/laravel/framework/src/Illuminate/Pipeline/Pipeline.php(180): Illuminate\\Bus\\Dispatcher->Illuminate\\Bus\\{closure}(Object(Illuminate\\Notifications\\SendQueuedNotifications))
#15 /home/techtaru/crm.techtaru.in/vendor/laravel/framework/src/Illuminate/Pipeline/Pipeline.php(137): Illuminate\\Pipeline\\Pipeline->Illuminate\\Pipeline\\{closure}(Object(Illuminate\\Notifications\\SendQueuedNotifications))
#16 /home/techtaru/crm.techtaru.in/vendor/laravel/framework/src/Illuminate/Bus/Dispatcher.php(139): Illuminate\\Pipeline\\Pipeline->then(Object(Closure))
#17 /home/techtaru/crm.techtaru.in/vendor/laravel/framework/src/Illuminate/Queue/CallQueuedHandler.php(134): Illuminate\\Bus\\Dispatcher->dispatchNow(Object(Illuminate\\Notifications\\SendQueuedNotifications), false)
#18 /home/techtaru/crm.techtaru.in/vendor/laravel/framework/src/Illuminate/Pipeline/Pipeline.php(180): Illuminate\\Queue\\CallQueuedHandler->Illuminate\\Queue\\{closure}(Object(Illuminate\\Notifications\\SendQueuedNotifications))
#19 /home/techtaru/crm.techtaru.in/vendor/laravel/framework/src/Illuminate/Pipeline/Pipeline.php(137): Illuminate\\Pipeline\\Pipeline->Illuminate\\Pipeline\\{closure}(Object(Illuminate\\Notifications\\SendQueuedNotifications))
#20 /home/techtaru/crm.techtaru.in/vendor/laravel/framework/src/Illuminate/Queue/CallQueuedHandler.php(127): Illuminate\\Pipeline\\Pipeline->then(Object(Closure))
#21 /home/techtaru/crm.techtaru.in/vendor/laravel/framework/src/Illuminate/Queue/CallQueuedHandler.php(68): Illuminate\\Queue\\CallQueuedHandler->dispatchThroughMiddleware(Object(Illuminate\\Queue\\Jobs\\SyncJob), Object(Illuminate\\Notifications\\SendQueuedNotifications))
#22 /home/techtaru/crm.techtaru.in/vendor/laravel/framework/src/Illuminate/Queue/Jobs/Job.php(102): Illuminate\\Queue\\CallQueuedHandler->call(Object(Illuminate\\Queue\\Jobs\\SyncJob), Array)
#23 /home/techtaru/crm.techtaru.in/vendor/laravel/framework/src/Illuminate/Queue/SyncQueue.php(131): Illuminate\\Queue\\Jobs\\Job->fire()
#24 /home/techtaru/crm.techtaru.in/vendor/laravel/framework/src/Illuminate/Queue/SyncQueue.php(111): Illuminate\\Queue\\SyncQueue->executeJob(Object(Illuminate\\Notifications\\SendQueuedNotifications), '', NULL)
#25 /home/techtaru/crm.techtaru.in/vendor/laravel/framework/src/Illuminate/Bus/Dispatcher.php(258): Illuminate\\Queue\\SyncQueue->push(Object(Illuminate\\Notifications\\SendQueuedNotifications), '', NULL)
#26 /home/techtaru/crm.techtaru.in/vendor/laravel/framework/src/Illuminate/Bus/Dispatcher.php(238): Illuminate\\Bus\\Dispatcher->pushCommandToQueue(Object(Illuminate\\Queue\\SyncQueue), Object(Illuminate\\Notifications\\SendQueuedNotifications))
#27 /home/techtaru/crm.techtaru.in/vendor/laravel/framework/src/Illuminate/Bus/Dispatcher.php(86): Illuminate\\Bus\\Dispatcher->dispatchToQueue(Object(Illuminate\\Notifications\\SendQueuedNotifications))
#28 /home/techtaru/crm.techtaru.in/vendor/laravel/framework/src/Illuminate/Notifications/NotificationSender.php(280): Illuminate\\Bus\\Dispatcher->dispatch(Object(Illuminate\\Notifications\\SendQueuedNotifications))
#29 /home/techtaru/crm.techtaru.in/vendor/laravel/framework/src/Illuminate/Notifications/NotificationSender.php(89): Illuminate\\Notifications\\NotificationSender->queueNotification(Object(Illuminate\\Database\\Eloquent\\Collection), Object(App\\Notifications\\ExportFailedNotification))
#30 /home/techtaru/crm.techtaru.in/vendor/laravel/framework/src/Illuminate/Notifications/ChannelManager.php(48): Illuminate\\Notifications\\NotificationSender->send(Object(App\\Models\\User), Object(App\\Notifications\\ExportFailedNotification))
#31 /home/techtaru/crm.techtaru.in/vendor/laravel/framework/src/Illuminate/Notifications/RoutesNotifications.php(18): Illuminate\\Notifications\\ChannelManager->send(Object(App\\Models\\User), Object(App\\Notifications\\ExportFailedNotification))
#32 /home/techtaru/crm.techtaru.in/app/Jobs/ExportLeads.php(73): App\\Models\\User->notify(Object(App\\Notifications\\ExportFailedNotification))
#33 /home/techtaru/crm.techtaru.in/vendor/laravel/framework/src/Illuminate/Queue/CallQueuedHandler.php(347): App\\Jobs\\ExportLeads->failed(Object(Symfony\\Component\\Mime\\Exception\\LogicException))
#34 /home/techtaru/crm.techtaru.in/vendor/laravel/framework/src/Illuminate/Queue/Jobs/Job.php(254): Illuminate\\Queue\\CallQueuedHandler->failed(Array, Object(Symfony\\Component\\Mime\\Exception\\LogicException), '92487ae2-6a47-4...', Object(Illuminate\\Queue\\Jobs\\SyncJob))
#35 /home/techtaru/crm.techtaru.in/vendor/laravel/framework/src/Illuminate/Queue/Jobs/Job.php(219): Illuminate\\Queue\\Jobs\\Job->failed(Object(Symfony\\Component\\Mime\\Exception\\LogicException))
#36 /home/techtaru/crm.techtaru.in/vendor/laravel/framework/src/Illuminate/Queue/SyncQueue.php(224): Illuminate\\Queue\\Jobs\\Job->fail(Object(Symfony\\Component\\Mime\\Exception\\LogicException))
#37 /home/techtaru/crm.techtaru.in/vendor/laravel/framework/src/Illuminate/Queue/SyncQueue.php(137): Illuminate\\Queue\\SyncQueue->handleException(Object(Illuminate\\Queue\\Jobs\\SyncJob), Object(Symfony\\Component\\Mime\\Exception\\LogicException))
#38 /home/techtaru/crm.techtaru.in/vendor/laravel/framework/src/Illuminate/Queue/SyncQueue.php(111): Illuminate\\Queue\\SyncQueue->executeJob(Object(App\\Jobs\\ExportLeads), '', 'exports')
#39 /home/techtaru/crm.techtaru.in/vendor/laravel/framework/src/Illuminate/Bus/Dispatcher.php(258): Illuminate\\Queue\\SyncQueue->push(Object(App\\Jobs\\ExportLeads), '', 'exports')
#40 /home/techtaru/crm.techtaru.in/vendor/laravel/framework/src/Illuminate/Bus/Dispatcher.php(238): Illuminate\\Bus\\Dispatcher->pushCommandToQueue(Object(Illuminate\\Queue\\SyncQueue), Object(App\\Jobs\\ExportLeads))
#41 /home/techtaru/crm.techtaru.in/vendor/laravel/framework/src/Illuminate/Bus/Dispatcher.php(86): Illuminate\\Bus\\Dispatcher->dispatchToQueue(Object(App\\Jobs\\ExportLeads))
#42 /home/techtaru/crm.techtaru.in/vendor/laravel/framework/src/Illuminate/Foundation/Bus/PendingDispatch.php(252): Illuminate\\Bus\\Dispatcher->dispatch(Object(App\\Jobs\\ExportLeads))
#43 /home/techtaru/crm.techtaru.in/vendor/laravel/framework/src/Illuminate/Foundation/Bus/Dispatchable.php(19): Illuminate\\Foundation\\Bus\\PendingDispatch->__destruct()
#44 /home/techtaru/crm.techtaru.in/app/Filament/Resources/LeadResource/Pages/ListLeads.php(208): App\\Jobs\\ExportLeads::dispatch(5, 4, Array)
#45 /home/techtaru/crm.techtaru.in/vendor/filament/support/src/Concerns/EvaluatesClosures.php(36): App\\Filament\\Resources\\LeadResource\\Pages\\ListLeads->App\\Filament\\Resources\\LeadResource\\Pages\\{closure}()
#46 /home/techtaru/crm.techtaru.in/vendor/filament/actions/src/Action.php(644): Filament\\Support\\Components\\Component->evaluate(Object(Closure), Array)
#47 /home/techtaru/crm.techtaru.in/vendor/filament/actions/src/Concerns/InteractsWithActions.php(269): Filament\\Actions\\Action->call(Array)
#48 /home/techtaru/crm.techtaru.in/vendor/filament/actions/src/Concerns/InteractsWithActions.php(184): Filament\\Pages\\BasePage->callMountedAction()
#49 /home/techtaru/crm.techtaru.in/vendor/laravel/framework/src/Illuminate/Container/BoundMethod.php(36): Filament\\Pages\\BasePage->mountAction('export', Array, Array)
#50 /home/techtaru/crm.techtaru.in/vendor/laravel/framework/src/Illuminate/Container/Util.php(43): Illuminate\\Container\\BoundMethod::Illuminate\\Container\\{closure}()
#51 /home/techtaru/crm.techtaru.in/vendor/laravel/framework/src/Illuminate/Container/BoundMethod.php(96): Illuminate\\Container\\Util::unwrapIfClosure(Object(Closure))
#52 /home/techtaru/crm.techtaru.in/vendor/laravel/framework/src/Illuminate/Container/BoundMethod.php(35): Illuminate\\Container\\BoundMethod::callBoundMethod(Object(Illuminate\\Foundation\\Application), Array, Object(Closure))
#53 /home/techtaru/crm.techtaru.in/vendor/livewire/livewire/src/Wrapped.php(23): Illuminate\\Container\\BoundMethod::call(Object(Illuminate\\Foundation\\Application), Array, Array)
#54 /home/techtaru/crm.techtaru.in/vendor/livewire/livewire/src/Mechanisms/HandleComponents/HandleComponents.php(492): Livewire\\Wrapped->__call('mountAction', Array)
#55 /home/techtaru/crm.techtaru.in/vendor/livewire/livewire/src/Mechanisms/HandleComponents/HandleComponents.php(101): Livewire\\Mechanisms\\HandleComponents\\HandleComponents->callMethods(Object(App\\Filament\\Resources\\LeadResource\\Pages\\ListLeads), Array, Object(Livewire\\Mechanisms\\HandleComponents\\ComponentContext))
#56 /home/techtaru/crm.techtaru.in/vendor/livewire/livewire/src/LivewireManager.php(102): Livewire\\Mechanisms\\HandleComponents\\HandleComponents->update(Array, Array, Array)
#57 /home/techtaru/crm.techtaru.in/vendor/livewire/livewire/src/Mechanisms/HandleRequests/HandleRequests.php(131): Livewire\\LivewireManager->update(Array, Array, Array)
#58 /home/techtaru/crm.techtaru.in/vendor/laravel/framework/src/Illuminate/Routing/ControllerDispatcher.php(46): Livewire\\Mechanisms\\HandleRequests\\HandleRequests->handleUpdate()
#59 /home/techtaru/crm.techtaru.in/vendor/laravel/framework/src/Illuminate/Routing/Route.php(269): Illuminate\\Routing\\ControllerDispatcher->dispatch(Object(Illuminate\\Routing\\Route), Object(Livewire\\Mechanisms\\HandleRequests\\HandleRequests), 'handleUpdate')
#60 /home/techtaru/crm.techtaru.in/vendor/laravel/framework/src/Illuminate/Routing/Route.php(215): Illuminate\\Routing\\Route->runController()
#61 /home/techtaru/crm.techtaru.in/vendor/laravel/framework/src/Illuminate/Routing/Router.php(822): Illuminate\\Routing\\Route->run()
#62 /home/techtaru/crm.techtaru.in/vendor/laravel/framework/src/Illuminate/Pipeline/Pipeline.php(180): Illuminate\\Routing\\Router->Illuminate\\Routing\\{closure}(Object(Illuminate\\Http\\Request))
#63 /home/techtaru/crm.techtaru.in/app/Http/Middleware/SecurityHeaders.php(39): Illuminate\\Pipeline\\Pipeline->Illuminate\\Pipeline\\{closure}(Object(Illuminate\\Http\\Request))
#64 /home/techtaru/crm.techtaru.in/vendor/laravel/framework/src/Illuminate/Pipeline/Pipeline.php(219): App\\Http\\Middleware\\SecurityHeaders->handle(Object(Illuminate\\Http\\Request), Object(Closure))
#65 /home/techtaru/crm.techtaru.in/app/Http/Middleware/SetLocale.php(108): Illuminate\\Pipeline\\Pipeline->Illuminate\\Pipeline\\{closure}(Object(Illuminate\\Http\\Request))
#66 /home/techtaru/crm.techtaru.in/vendor/laravel/framework/src/Illuminate/Pipeline/Pipeline.php(219): App\\Http\\Middleware\\SetLocale->handle(Object(Illuminate\\Http\\Request), Object(Closure))
#67 /home/techtaru/crm.techtaru.in/app/Http/Middleware/TrackUserSession.php(55): Illuminate\\Pipeline\\Pipeline->Illuminate\\Pipeline\\{closure}(Object(Illuminate\\Http\\Request))
#68 /home/techtaru/crm.techtaru.in/vendor/laravel/framework/src/Illuminate/Pipeline/Pipeline.php(219): App\\Http\\Middleware\\TrackUserSession->handle(Object(Illuminate\\Http\\Request), Object(Closure))
#69 /home/techtaru/crm.techtaru.in/app/Http/Middleware/ResolveTenant.php(45): Illuminate\\Pipeline\\Pipeline->Illuminate\\Pipeline\\{closure}(Object(Illuminate\\Http\\Request))
#70 /home/techtaru/crm.techtaru.in/vendor/laravel/framework/src/Illuminate/Pipeline/Pipeline.php(219): App\\Http\\Middleware\\ResolveTenant->handle(Object(Illuminate\\Http\\Request), Object(Closure))
#71 /home/techtaru/crm.techtaru.in/vendor/laravel/framework/src/Illuminate/Routing/Middleware/SubstituteBindings.php(52): Illuminate\\Pipeline\\Pipeline->Illuminate\\Pipeline\\{closure}(Object(Illuminate\\Http\\Request))
#72 /home/techtaru/crm.techtaru.in/vendor/laravel/framework/src/Illuminate/Pipeline/Pipeline.php(219): Illuminate\\Routing\\Middleware\\SubstituteBindings->handle(Object(Illuminate\\Http\\Request), Object(Closure))
#73 /home/techtaru/crm.techtaru.in/vendor/laravel/framework/src/Illuminate/Foundation/Http/Middleware/PreventRequestForgery.php(104): Illuminate\\Pipeline\\Pipeline->Illuminate\\Pipeline\\{closure}(Object(Illuminate\\Http\\Request))
#74 /home/techtaru/crm.techtaru.in/vendor/laravel/framework/src/Illuminate/Pipeline/Pipeline.php(219): Illuminate\\Foundation\\Http\\Middleware\\PreventRequestForgery->handle(Object(Illuminate\\Http\\Request), Object(Closure))
#75 /home/techtaru/crm.techtaru.in/vendor/laravel/framework/src/Illuminate/View/Middleware/ShareErrorsFromSession.php(48): Illuminate\\Pipeline\\Pipeline->Illuminate\\Pipeline\\{closure}(Object(Illuminate\\Http\\Request))
#76 /home/techtaru/crm.techtaru.in/vendor/laravel/framework/src/Illuminate/Pipeline/Pipeline.php(219): Illuminate\\View\\Middleware\\ShareErrorsFromSession->handle(Object(Illuminate\\Http\\Request), Object(Closure))
#77 /home/techtaru/crm.techtaru.in/vendor/laravel/framework/src/Illuminate/Session/Middleware/StartSession.php(120): Illuminate\\Pipeline\\Pipeline->Illuminate\\Pipeline\\{closure}(Object(Illuminate\\Http\\Request))
#78 /home/techtaru/crm.techtaru.in/vendor/laravel/framework/src/Illuminate/Session/Middleware/StartSession.php(63): Illuminate\\Session\\Middleware\\StartSession->handleStatefulRequest(Object(Illuminate\\Http\\Request), Object(Illuminate\\Session\\Store), Object(Closure))
#79 /home/techtaru/crm.techtaru.in/vendor/laravel/framework/src/Illuminate/Pipeline/Pipeline.php(219): Illuminate\\Session\\Middleware\\StartSession->handle(Object(Illuminate\\Http\\Request), Object(Closure))
#80 /home/techtaru/crm.techtaru.in/vendor/laravel/framework/src/Illuminate/Cookie/Middleware/AddQueuedCookiesToResponse.php(36): Illuminate\\Pipeline\\Pipeline->Illuminate\\Pipeline\\{closure}(Object(Illuminate\\Http\\Request))
#81 /home/techtaru/crm.techtaru.in/vendor/laravel/framework/src/Illuminate/Pipeline/Pipeline.php(219): Illuminate\\Cookie\\Middleware\\AddQueuedCookiesToResponse->handle(Object(Illuminate\\Http\\Request), Object(Closure))
#82 /home/techtaru/crm.techtaru.in/vendor/laravel/framework/src/Illuminate/Cookie/Middleware/EncryptCookies.php(74): Illuminate\\Pipeline\\Pipeline->Illuminate\\Pipeline\\{closure}(Object(Illuminate\\Http\\Request))
#83 /home/techtaru/crm.techtaru.in/vendor/laravel/framework/src/Illuminate/Pipeline/Pipeline.php(219): Illuminate\\Cookie\\Middleware\\EncryptCookies->handle(Object(Illuminate\\Http\\Request), Object(Closure))
#84 /home/techtaru/crm.techtaru.in/vendor/laravel/framework/src/Illuminate/Http/Middleware/TrustProxies.php(58): Illuminate\\Pipeline\\Pipeline->Illuminate\\Pipeline\\{closure}(Object(Illuminate\\Http\\Request))
#85 /home/techtaru/crm.techtaru.in/vendor/laravel/framework/src/Illuminate/Pipeline/Pipeline.php(219): Illuminate\\Http\\Middleware\\TrustProxies->handle(Object(Illuminate\\Http\\Request), Object(Closure))
#86 /home/techtaru/crm.techtaru.in/vendor/laravel/framework/src/Illuminate/Pipeline/Pipeline.php(137): Illuminate\\Pipeline\\Pipeline->Illuminate\\Pipeline\\{closure}(Object(Illuminate\\Http\\Request))
#87 /home/techtaru/crm.techtaru.in/vendor/laravel/framework/src/Illuminate/Routing/Router.php(821): Illuminate\\Pipeline\\Pipeline->then(Object(Closure))
#88 /home/techtaru/crm.techtaru.in/vendor/laravel/framework/src/Illuminate/Routing/Router.php(800): Illuminate\\Routing\\Router->runRouteWithinStack(Object(Illuminate\\Routing\\Route), Object(Illuminate\\Http\\Request))
#89 /home/techtaru/crm.techtaru.in/vendor/laravel/framework/src/Illuminate/Routing/Router.php(764): Illuminate\\Routing\\Router->runRoute(Object(Illuminate\\Http\\Request), Object(Illuminate\\Routing\\Route))
#90 /home/techtaru/crm.techtaru.in/vendor/laravel/framework/src/Illuminate/Routing/Router.php(753): Illuminate\\Routing\\Router->dispatchToRoute(Object(Illuminate\\Http\\Request))
#91 /home/techtaru/crm.techtaru.in/vendor/laravel/framework/src/Illuminate/Foundation/Http/Kernel.php(200): Illuminate\\Routing\\Router->dispatch(Object(Illuminate\\Http\\Request))
#92 /home/techtaru/crm.techtaru.in/vendor/laravel/framework/src/Illuminate/Pipeline/Pipeline.php(180): Illuminate\\Foundation\\Http\\Kernel->Illuminate\\Foundation\\Http\\{closure}(Object(Illuminate\\Http\\Request))
#93 /home/techtaru/crm.techtaru.in/vendor/livewire/livewire/src/Features/SupportDisablingBackButtonCache/DisableBackButtonCacheMiddleware.php(19): Illuminate\\Pipeline\\Pipeline->Illuminate\\Pipeline\\{closure}(Object(Illuminate\\Http\\Request))
#94 /home/techtaru/crm.techtaru.in/vendor/laravel/framework/src/Illuminate/Pipeline/Pipeline.php(219): Livewire\\Features\\SupportDisablingBackButtonCache\\DisableBackButtonCacheMiddleware->handle(Object(Illuminate\\Http\\Request), Object(Closure))
#95 /home/techtaru/crm.techtaru.in/vendor/laravel/framework/src/Illuminate/Foundation/Http/Middleware/ConvertEmptyStringsToNull.php(27): Illuminate\\Pipeline\\Pipeline->Illuminate\\Pipeline\\{closure}(Object(Illuminate\\Http\\Request))
#96 /home/techtaru/crm.techtaru.in/vendor/laravel/framework/src/Illuminate/Pipeline/Pipeline.php(219): Illuminate\\Foundation\\Http\\Middleware\\ConvertEmptyStringsToNull->handle(Object(Illuminate\\Http\\Request), Object(Closure))
#97 /home/techtaru/crm.techtaru.in/vendor/laravel/framework/src/Illuminate/Foundation/Http/Middleware/TrimStrings.php(47): Illuminate\\Pipeline\\Pipeline->Illuminate\\Pipeline\\{closure}(Object(Illuminate\\Http\\Request))
#98 /home/techtaru/crm.techtaru.in/vendor/laravel/framework/src/Illuminate/Pipeline/Pipeline.php(219): Illuminate\\Foundation\\Http\\Middleware\\TrimStrings->handle(Object(Illuminate\\Http\\Request), Object(Closure))
#99 /home/techtaru/crm.techtaru.in/vendor/laravel/framework/src/Illuminate/Http/Middleware/ValidatePostSize.php(27): Illuminate\\Pipeline\\Pipeline->Illuminate\\Pipeline\\{closure}(Object(Illuminate\\Http\\Request))
#100 /home/techtaru/crm.techtaru.in/vendor/laravel/framework/src/Illuminate/Pipeline/Pipeline.php(219): Illuminate\\Http\\Middleware\\ValidatePostSize->handle(Object(Illuminate\\Http\\Request), Object(Closure))
#101 /home/techtaru/crm.techtaru.in/vendor/laravel/framework/src/Illuminate/Foundation/Http/Middleware/PreventRequestsDuringMaintenance.php(109): Illuminate\\Pipeline\\Pipeline->Illuminate\\Pipeline\\{closure}(Object(Illuminate\\Http\\Request))
#102 /home/techtaru/crm.techtaru.in/vendor/laravel/framework/src/Illuminate/Pipeline/Pipeline.php(219): Illuminate\\Foundation\\Http\\Middleware\\PreventRequestsDuringMaintenance->handle(Object(Illuminate\\Http\\Request), Object(Closure))
#103 /home/techtaru/crm.techtaru.in/vendor/laravel/framework/src/Illuminate/Http/Middleware/HandleCors.php(61): Illuminate\\Pipeline\\Pipeline->Illuminate\\Pipeline\\{closure}(Object(Illuminate\\Http\\Request))
#104 /home/techtaru/crm.techtaru.in/vendor/laravel/framework/src/Illuminate/Pipeline/Pipeline.php(219): Illuminate\\Http\\Middleware\\HandleCors->handle(Object(Illuminate\\Http\\Request), Object(Closure))
#105 /home/techtaru/crm.techtaru.in/vendor/laravel/framework/src/Illuminate/Http/Middleware/TrustProxies.php(58): Illuminate\\Pipeline\\Pipeline->Illuminate\\Pipeline\\{closure}(Object(Illuminate\\Http\\Request))
#106 /home/techtaru/crm.techtaru.in/vendor/laravel/framework/src/Illuminate/Pipeline/Pipeline.php(219): Illuminate\\Http\\Middleware\\TrustProxies->handle(Object(Illuminate\\Http\\Request), Object(Closure))
#107 /home/techtaru/crm.techtaru.in/vendor/laravel/framework/src/Illuminate/Foundation/Http/Middleware/InvokeDeferredCallbacks.php(22): Illuminate\\Pipeline\\Pipeline->Illuminate\\Pipeline\\{closure}(Object(Illuminate\\Http\\Request))
#108 /home/techtaru/crm.techtaru.in/vendor/laravel/framework/src/Illuminate/Pipeline/Pipeline.php(219): Illuminate\\Foundation\\Http\\Middleware\\InvokeDeferredCallbacks->handle(Object(Illuminate\\Http\\Request), Object(Closure))
#109 /home/techtaru/crm.techtaru.in/vendor/laravel/framework/src/Illuminate/Http/Middleware/ValidatePathEncoding.php(28): Illuminate\\Pipeline\\Pipeline->Illuminate\\Pipeline\\{closure}(Object(Illuminate\\Http\\Request))
#110 /home/techtaru/crm.techtaru.in/vendor/laravel/framework/src/Illuminate/Pipeline/Pipeline.php(219): Illuminate\\Http\\Middleware\\ValidatePathEncoding->handle(Object(Illuminate\\Http\\Request), Object(Closure))
#111 /home/techtaru/crm.techtaru.in/vendor/laravel/framework/src/Illuminate/Pipeline/Pipeline.php(137): Illuminate\\Pipeline\\Pipeline->Illuminate\\Pipeline\\{closure}(Object(Illuminate\\Http\\Request))
#112 /home/techtaru/crm.techtaru.in/vendor/laravel/framework/src/Illuminate/Foundation/Http/Kernel.php(175): Illuminate\\Pipeline\\Pipeline->then(Object(Closure))
#113 /home/techtaru/crm.techtaru.in/vendor/laravel/framework/src/Illuminate/Foundation/Http/Kernel.php(144): Illuminate\\Foundation\\Http\\Kernel->sendRequestThroughRouter(Object(Illuminate\\Http\\Request))
#114 /home/techtaru/crm.techtaru.in/vendor/laravel/framework/src/Illuminate/Foundation/Application.php(1220): Illuminate\\Foundation\\Http\\Kernel->handle(Object(Illuminate\\Http\\Request))
#115 /home/techtaru/crm.techtaru.in/public/index.php(119): Illuminate\\Foundation\\Application->handleRequest(Object(Illuminate\\Http\\Request))
#116 {main}
"} 
[2026-08-10 12:35:53] local.ERROR: ExportLeads job failed {"tenant_id":5,"user_id":4,"error":"An email must have a \"To\", \"Cc\", or \"Bcc\" header."} 
[2026-08-10 12:35:53] local.ERROR: App\Mail\LeadNotificationMail::__construct(): Argument #4 ($actionUrl) must be of type string, null given, called in /home/techtaru/crm.techtaru.in/app/Notifications/ExportFailedNotification.php on line 26 {"userId":4,"exception":"[object] (TypeError(code: 0): App\\Mail\\LeadNotificationMail::__construct(): Argument #4 ($actionUrl) must be of type string, null given, called in /home/techtaru/crm.techtaru.in/app/Notifications/ExportFailedNotification.php on line 26 at /home/techtaru/crm.techtaru.in/app/Mail/LeadNotificationMail.php:14)
[stacktrace]
#0 /home/techtaru/crm.techtaru.in/app/Notifications/ExportFailedNotification.php(26): App\\Mail\\LeadNotificationMail->__construct('Leads Export Fa...', 'Export Failed', Array, NULL, NULL)
#1 /home/techtaru/crm.techtaru.in/vendor/laravel/framework/src/Illuminate/Notifications/Channels/MailChannel.php(55): App\\Notifications\\ExportFailedNotification->toMail(Object(App\\Models\\User))
#2 /home/techtaru/crm.techtaru.in/vendor/laravel/framework/src/Illuminate/Notifications/NotificationSender.php(164): Illuminate\\Notifications\\Channels\\MailChannel->send(Object(App\\Models\\User), Object(App\\Notifications\\ExportFailedNotification))
#3 /home/techtaru/crm.techtaru.in/vendor/laravel/framework/src/Illuminate/Notifications/NotificationSender.php(119): Illuminate\\Notifications\\NotificationSender->sendToNotifiable(Object(App\\Models\\User), 'be8d5978-7e7f-4...', Object(App\\Notifications\\ExportFailedNotification), 'mail')
#4 /home/techtaru/crm.techtaru.in/vendor/laravel/framework/src/Illuminate/Support/Traits/Localizable.php(19): Illuminate\\Notifications\\NotificationSender->Illuminate\\Notifications\\{closure}()
#5 /home/techtaru/crm.techtaru.in/vendor/laravel/framework/src/Illuminate/Notifications/NotificationSender.php(114): Illuminate\\Notifications\\NotificationSender->withLocale(NULL, Object(Closure))
#6 /home/techtaru/crm.techtaru.in/vendor/laravel/framework/src/Illuminate/Notifications/ChannelManager.php(61): Illuminate\\Notifications\\NotificationSender->sendNow(Object(Illuminate\\Database\\Eloquent\\Collection), Object(App\\Notifications\\ExportFailedNotification), Array)
#7 /home/techtaru/crm.techtaru.in/vendor/laravel/framework/src/Illuminate/Notifications/SendQueuedNotifications.php(130): Illuminate\\Notifications\\ChannelManager->sendNow(Object(Illuminate\\Database\\Eloquent\\Collection), Object(App\\Notifications\\ExportFailedNotification), Array)
#8 /home/techtaru/crm.techtaru.in/vendor/laravel/framework/src/Illuminate/Container/BoundMethod.php(36): Illuminate\\Notifications\\SendQueuedNotifications->handle(Object(Illuminate\\Notifications\\ChannelManager))
#9 /home/techtaru/crm.techtaru.in/vendor/laravel/framework/src/Illuminate/Container/Util.php(43): Illuminate\\Container\\BoundMethod::Illuminate\\Container\\{closure}()
#10 /home/techtaru/crm.techtaru.in/vendor/laravel/framework/src/Illuminate/Container/BoundMethod.php(96): Illuminate\\Container\\Util::unwrapIfClosure(Object(Closure))
#11 /home/techtaru/crm.techtaru.in/vendor/laravel/framework/src/Illuminate/Container/BoundMethod.php(35): Illuminate\\Container\\BoundMethod::callBoundMethod(Object(Illuminate\\Foundation\\Application), Array, Object(Closure))
#12 /home/techtaru/crm.techtaru.in/vendor/laravel/framework/src/Illuminate/Container/Container.php(799): Illuminate\\Container\\BoundMethod::call(Object(Illuminate\\Foundation\\Application), Array, Array, NULL)
#13 /home/techtaru/crm.techtaru.in/vendor/laravel/framework/src/Illuminate/Bus/Dispatcher.php(135): Illuminate\\Container\\Container->call(Array)
#14 /home/techtaru/crm.techtaru.in/vendor/laravel/framework/src/Illuminate/Pipeline/Pipeline.php(180): Illuminate\\Bus\\Dispatcher->Illuminate\\Bus\\{closure}(Object(Illuminate\\Notifications\\SendQueuedNotifications))
#15 /home/techtaru/crm.techtaru.in/vendor/laravel/framework/src/Illuminate/Pipeline/Pipeline.php(137): Illuminate\\Pipeline\\Pipeline->Illuminate\\Pipeline\\{closure}(Object(Illuminate\\Notifications\\SendQueuedNotifications))
#16 /home/techtaru/crm.techtaru.in/vendor/laravel/framework/src/Illuminate/Bus/Dispatcher.php(139): Illuminate\\Pipeline\\Pipeline->then(Object(Closure))
#17 /home/techtaru/crm.techtaru.in/vendor/laravel/framework/src/Illuminate/Queue/CallQueuedHandler.php(134): Illuminate\\Bus\\Dispatcher->dispatchNow(Object(Illuminate\\Notifications\\SendQueuedNotifications), false)
#18 /home/techtaru/crm.techtaru.in/vendor/laravel/framework/src/Illuminate/Pipeline/Pipeline.php(180): Illuminate\\Queue\\CallQueuedHandler->Illuminate\\Queue\\{closure}(Object(Illuminate\\Notifications\\SendQueuedNotifications))
#19 /home/techtaru/crm.techtaru.in/vendor/laravel/framework/src/Illuminate/Pipeline/Pipeline.php(137): Illuminate\\Pipeline\\Pipeline->Illuminate\\Pipeline\\{closure}(Object(Illuminate\\Notifications\\SendQueuedNotifications))
#20 /home/techtaru/crm.techtaru.in/vendor/laravel/framework/src/Illuminate/Queue/CallQueuedHandler.php(127): Illuminate\\Pipeline\\Pipeline->then(Object(Closure))
#21 /home/techtaru/crm.techtaru.in/vendor/laravel/framework/src/Illuminate/Queue/CallQueuedHandler.php(68): Illuminate\\Queue\\CallQueuedHandler->dispatchThroughMiddleware(Object(Illuminate\\Queue\\Jobs\\SyncJob), Object(Illuminate\\Notifications\\SendQueuedNotifications))
#22 /home/techtaru/crm.techtaru.in/vendor/laravel/framework/src/Illuminate/Queue/Jobs/Job.php(102): Illuminate\\Queue\\CallQueuedHandler->call(Object(Illuminate\\Queue\\Jobs\\SyncJob), Array)
#23 /home/techtaru/crm.techtaru.in/vendor/laravel/framework/src/Illuminate/Queue/SyncQueue.php(131): Illuminate\\Queue\\Jobs\\Job->fire()
#24 /home/techtaru/crm.techtaru.in/vendor/laravel/framework/src/Illuminate/Queue/SyncQueue.php(111): Illuminate\\Queue\\SyncQueue->executeJob(Object(Illuminate\\Notifications\\SendQueuedNotifications), '', NULL)
#25 /home/techtaru/crm.techtaru.in/vendor/laravel/framework/src/Illuminate/Bus/Dispatcher.php(258): Illuminate\\Queue\\SyncQueue->push(Object(Illuminate\\Notifications\\SendQueuedNotifications), '', NULL)
#26 /home/techtaru/crm.techtaru.in/vendor/laravel/framework/src/Illuminate/Bus/Dispatcher.php(238): Illuminate\\Bus\\Dispatcher->pushCommandToQueue(Object(Illuminate\\Queue\\SyncQueue), Object(Illuminate\\Notifications\\SendQueuedNotifications))
#27 /home/techtaru/crm.techtaru.in/vendor/laravel/framework/src/Illuminate/Bus/Dispatcher.php(86): Illuminate\\Bus\\Dispatcher->dispatchToQueue(Object(Illuminate\\Notifications\\SendQueuedNotifications))
#28 /home/techtaru/crm.techtaru.in/vendor/laravel/framework/src/Illuminate/Notifications/NotificationSender.php(280): Illuminate\\Bus\\Dispatcher->dispatch(Object(Illuminate\\Notifications\\SendQueuedNotifications))
#29 /home/techtaru/crm.techtaru.in/vendor/laravel/framework/src/Illuminate/Notifications/NotificationSender.php(89): Illuminate\\Notifications\\NotificationSender->queueNotification(Object(Illuminate\\Database\\Eloquent\\Collection), Object(App\\Notifications\\ExportFailedNotification))
#30 /home/techtaru/crm.techtaru.in/vendor/laravel/framework/src/Illuminate/Notifications/ChannelManager.php(48): Illuminate\\Notifications\\NotificationSender->send(Object(App\\Models\\User), Object(App\\Notifications\\ExportFailedNotification))
#31 /home/techtaru/crm.techtaru.in/vendor/laravel/framework/src/Illuminate/Notifications/RoutesNotifications.php(18): Illuminate\\Notifications\\ChannelManager->send(Object(App\\Models\\User), Object(App\\Notifications\\ExportFailedNotification))
#32 /home/techtaru/crm.techtaru.in/app/Jobs/ExportLeads.php(73): App\\Models\\User->notify(Object(App\\Notifications\\ExportFailedNotification))
#33 /home/techtaru/crm.techtaru.in/vendor/laravel/framework/src/Illuminate/Queue/CallQueuedHandler.php(347): App\\Jobs\\ExportLeads->failed(Object(Symfony\\Component\\Mime\\Exception\\LogicException))
#34 /home/techtaru/crm.techtaru.in/vendor/laravel/framework/src/Illuminate/Queue/Jobs/Job.php(254): Illuminate\\Queue\\CallQueuedHandler->failed(Array, Object(Symfony\\Component\\Mime\\Exception\\LogicException), '90806068-b225-4...', Object(Illuminate\\Queue\\Jobs\\SyncJob))
#35 /home/techtaru/crm.techtaru.in/vendor/laravel/framework/src/Illuminate/Queue/Jobs/Job.php(219): Illuminate\\Queue\\Jobs\\Job->failed(Object(Symfony\\Component\\Mime\\Exception\\LogicException))
#36 /home/techtaru/crm.techtaru.in/vendor/laravel/framework/src/Illuminate/Queue/SyncQueue.php(224): Illuminate\\Queue\\Jobs\\Job->fail(Object(Symfony\\Component\\Mime\\Exception\\LogicException))
#37 /home/techtaru/crm.techtaru.in/vendor/laravel/framework/src/Illuminate/Queue/SyncQueue.php(137): Illuminate\\Queue\\SyncQueue->handleException(Object(Illuminate\\Queue\\Jobs\\SyncJob), Object(Symfony\\Component\\Mime\\Exception\\LogicException))
#38 /home/techtaru/crm.techtaru.in/vendor/laravel/framework/src/Illuminate/Queue/SyncQueue.php(111): Illuminate\\Queue\\SyncQueue->executeJob(Object(App\\Jobs\\ExportLeads), '', 'exports')
#39 /home/techtaru/crm.techtaru.in/vendor/laravel/framework/src/Illuminate/Bus/Dispatcher.php(258): Illuminate\\Queue\\SyncQueue->push(Object(App\\Jobs\\ExportLeads), '', 'exports')
#40 /home/techtaru/crm.techtaru.in/vendor/laravel/framework/src/Illuminate/Bus/Dispatcher.php(238): Illuminate\\Bus\\Dispatcher->pushCommandToQueue(Object(Illuminate\\Queue\\SyncQueue), Object(App\\Jobs\\ExportLeads))
#41 /home/techtaru/crm.techtaru.in/vendor/laravel/framework/src/Illuminate/Bus/Dispatcher.php(86): Illuminate\\Bus\\Dispatcher->dispatchToQueue(Object(App\\Jobs\\ExportLeads))
#42 /home/techtaru/crm.techtaru.in/vendor/laravel/framework/src/Illuminate/Foundation/Bus/PendingDispatch.php(252): Illuminate\\Bus\\Dispatcher->dispatch(Object(App\\Jobs\\ExportLeads))
#43 /home/techtaru/crm.techtaru.in/vendor/laravel/framework/src/Illuminate/Foundation/Bus/Dispatchable.php(19): Illuminate\\Foundation\\Bus\\PendingDispatch->__destruct()
#44 /home/techtaru/crm.techtaru.in/app/Filament/Resources/LeadResource/Pages/ListLeads.php(208): App\\Jobs\\ExportLeads::dispatch(5, 4, Array)
#45 /home/techtaru/crm.techtaru.in/vendor/filament/support/src/Concerns/EvaluatesClosures.php(36): App\\Filament\\Resources\\LeadResource\\Pages\\ListLeads->App\\Filament\\Resources\\LeadResource\\Pages\\{closure}()
#46 /home/techtaru/crm.techtaru.in/vendor/filament/actions/src/Action.php(644): Filament\\Support\\Components\\Component->evaluate(Object(Closure), Array)
#47 /home/techtaru/crm.techtaru.in/vendor/filament/actions/src/Concerns/InteractsWithActions.php(269): Filament\\Actions\\Action->call(Array)
#48 /home/techtaru/crm.techtaru.in/vendor/filament/actions/src/Concerns/InteractsWithActions.php(184): Filament\\Pages\\BasePage->callMountedAction()
#49 /home/techtaru/crm.techtaru.in/vendor/laravel/framework/src/Illuminate/Container/BoundMethod.php(36): Filament\\Pages\\BasePage->mountAction('export', Array, Array)
#50 /home/techtaru/crm.techtaru.in/vendor/laravel/framework/src/Illuminate/Container/Util.php(43): Illuminate\\Container\\BoundMethod::Illuminate\\Container\\{closure}()
#51 /home/techtaru/crm.techtaru.in/vendor/laravel/framework/src/Illuminate/Container/BoundMethod.php(96): Illuminate\\Container\\Util::unwrapIfClosure(Object(Closure))
#52 /home/techtaru/crm.techtaru.in/vendor/laravel/framework/src/Illuminate/Container/BoundMethod.php(35): Illuminate\\Container\\BoundMethod::callBoundMethod(Object(Illuminate\\Foundation\\Application), Array, Object(Closure))
#53 /home/techtaru/crm.techtaru.in/vendor/livewire/livewire/src/Wrapped.php(23): Illuminate\\Container\\BoundMethod::call(Object(Illuminate\\Foundation\\Application), Array, Array)
#54 /home/techtaru/crm.techtaru.in/vendor/livewire/livewire/src/Mechanisms/HandleComponents/HandleComponents.php(492): Livewire\\Wrapped->__call('mountAction', Array)
#55 /home/techtaru/crm.techtaru.in/vendor/livewire/livewire/src/Mechanisms/HandleComponents/HandleComponents.php(101): Livewire\\Mechanisms\\HandleComponents\\HandleComponents->callMethods(Object(App\\Filament\\Resources\\LeadResource\\Pages\\ListLeads), Array, Object(Livewire\\Mechanisms\\HandleComponents\\ComponentContext))
#56 /home/techtaru/crm.techtaru.in/vendor/livewire/livewire/src/LivewireManager.php(102): Livewire\\Mechanisms\\HandleComponents\\HandleComponents->update(Array, Array, Array)
#57 /home/techtaru/crm.techtaru.in/vendor/livewire/livewire/src/Mechanisms/HandleRequests/HandleRequests.php(131): Livewire\\LivewireManager->update(Array, Array, Array)
#58 /home/techtaru/crm.techtaru.in/vendor/laravel/framework/src/Illuminate/Routing/ControllerDispatcher.php(46): Livewire\\Mechanisms\\HandleRequests\\HandleRequests->handleUpdate()
#59 /home/techtaru/crm.techtaru.in/vendor/laravel/framework/src/Illuminate/Routing/Route.php(269): Illuminate\\Routing\\ControllerDispatcher->dispatch(Object(Illuminate\\Routing\\Route), Object(Livewire\\Mechanisms\\HandleRequests\\HandleRequests), 'handleUpdate')
#60 /home/techtaru/crm.techtaru.in/vendor/laravel/framework/src/Illuminate/Routing/Route.php(215): Illuminate\\Routing\\Route->runController()
#61 /home/techtaru/crm.techtaru.in/vendor/laravel/framework/src/Illuminate/Routing/Router.php(822): Illuminate\\Routing\\Route->run()
#62 /home/techtaru/crm.techtaru.in/vendor/laravel/framework/src/Illuminate/Pipeline/Pipeline.php(180): Illuminate\\Routing\\Router->Illuminate\\Routing\\{closure}(Object(Illuminate\\Http\\Request))
#63 /home/techtaru/crm.techtaru.in/app/Http/Middleware/SecurityHeaders.php(39): Illuminate\\Pipeline\\Pipeline->Illuminate\\Pipeline\\{closure}(Object(Illuminate\\Http\\Request))
#64 /home/techtaru/crm.techtaru.in/vendor/laravel/framework/src/Illuminate/Pipeline/Pipeline.php(219): App\\Http\\Middleware\\SecurityHeaders->handle(Object(Illuminate\\Http\\Request), Object(Closure))
#65 /home/techtaru/crm.techtaru.in/app/Http/Middleware/SetLocale.php(108): Illuminate\\Pipeline\\Pipeline->Illuminate\\Pipeline\\{closure}(Object(Illuminate\\Http\\Request))
#66 /home/techtaru/crm.techtaru.in/vendor/laravel/framework/src/Illuminate/Pipeline/Pipeline.php(219): App\\Http\\Middleware\\SetLocale->handle(Object(Illuminate\\Http\\Request), Object(Closure))
#67 /home/techtaru/crm.techtaru.in/app/Http/Middleware/TrackUserSession.php(55): Illuminate\\Pipeline\\Pipeline->Illuminate\\Pipeline\\{closure}(Object(Illuminate\\Http\\Request))
#68 /home/techtaru/crm.techtaru.in/vendor/laravel/framework/src/Illuminate/Pipeline/Pipeline.php(219): App\\Http\\Middleware\\TrackUserSession->handle(Object(Illuminate\\Http\\Request), Object(Closure))
#69 /home/techtaru/crm.techtaru.in/app/Http/Middleware/ResolveTenant.php(45): Illuminate\\Pipeline\\Pipeline->Illuminate\\Pipeline\\{closure}(Object(Illuminate\\Http\\Request))
#70 /home/techtaru/crm.techtaru.in/vendor/laravel/framework/src/Illuminate/Pipeline/Pipeline.php(219): App\\Http\\Middleware\\ResolveTenant->handle(Object(Illuminate\\Http\\Request), Object(Closure))
#71 /home/techtaru/crm.techtaru.in/vendor/laravel/framework/src/Illuminate/Routing/Middleware/SubstituteBindings.php(52): Illuminate\\Pipeline\\Pipeline->Illuminate\\Pipeline\\{closure}(Object(Illuminate\\Http\\Request))
#72 /home/techtaru/crm.techtaru.in/vendor/laravel/framework/src/Illuminate/Pipeline/Pipeline.php(219): Illuminate\\Routing\\Middleware\\SubstituteBindings->handle(Object(Illuminate\\Http\\Request), Object(Closure))
#73 /home/techtaru/crm.techtaru.in/vendor/laravel/framework/src/Illuminate/Foundation/Http/Middleware/PreventRequestForgery.php(104): Illuminate\\Pipeline\\Pipeline->Illuminate\\Pipeline\\{closure}(Object(Illuminate\\Http\\Request))
#74 /home/techtaru/crm.techtaru.in/vendor/laravel/framework/src/Illuminate/Pipeline/Pipeline.php(219): Illuminate\\Foundation\\Http\\Middleware\\PreventRequestForgery->handle(Object(Illuminate\\Http\\Request), Object(Closure))
#75 /home/techtaru/crm.techtaru.in/vendor/laravel/framework/src/Illuminate/View/Middleware/ShareErrorsFromSession.php(48): Illuminate\\Pipeline\\Pipeline->Illuminate\\Pipeline\\{closure}(Object(Illuminate\\Http\\Request))
#76 /home/techtaru/crm.techtaru.in/vendor/laravel/framework/src/Illuminate/Pipeline/Pipeline.php(219): Illuminate\\View\\Middleware\\ShareErrorsFromSession->handle(Object(Illuminate\\Http\\Request), Object(Closure))
#77 /home/techtaru/crm.techtaru.in/vendor/laravel/framework/src/Illuminate/Session/Middleware/StartSession.php(120): Illuminate\\Pipeline\\Pipeline->Illuminate\\Pipeline\\{closure}(Object(Illuminate\\Http\\Request))
#78 /home/techtaru/crm.techtaru.in/vendor/laravel/framework/src/Illuminate/Session/Middleware/StartSession.php(63): Illuminate\\Session\\Middleware\\StartSession->handleStatefulRequest(Object(Illuminate\\Http\\Request), Object(Illuminate\\Session\\Store), Object(Closure))
#79 /home/techtaru/crm.techtaru.in/vendor/laravel/framework/src/Illuminate/Pipeline/Pipeline.php(219): Illuminate\\Session\\Middleware\\StartSession->handle(Object(Illuminate\\Http\\Request), Object(Closure))
#80 /home/techtaru/crm.techtaru.in/vendor/laravel/framework/src/Illuminate/Cookie/Middleware/AddQueuedCookiesToResponse.php(36): Illuminate\\Pipeline\\Pipeline->Illuminate\\Pipeline\\{closure}(Object(Illuminate\\Http\\Request))
#81 /home/techtaru/crm.techtaru.in/vendor/laravel/framework/src/Illuminate/Pipeline/Pipeline.php(219): Illuminate\\Cookie\\Middleware\\AddQueuedCookiesToResponse->handle(Object(Illuminate\\Http\\Request), Object(Closure))
#82 /home/techtaru/crm.techtaru.in/vendor/laravel/framework/src/Illuminate/Cookie/Middleware/EncryptCookies.php(74): Illuminate\\Pipeline\\Pipeline->Illuminate\\Pipeline\\{closure}(Object(Illuminate\\Http\\Request))
#83 /home/techtaru/crm.techtaru.in/vendor/laravel/framework/src/Illuminate/Pipeline/Pipeline.php(219): Illuminate\\Cookie\\Middleware\\EncryptCookies->handle(Object(Illuminate\\Http\\Request), Object(Closure))
#84 /home/techtaru/crm.techtaru.in/vendor/laravel/framework/src/Illuminate/Http/Middleware/TrustProxies.php(58): Illuminate\\Pipeline\\Pipeline->Illuminate\\Pipeline\\{closure}(Object(Illuminate\\Http\\Request))
#85 /home/techtaru/crm.techtaru.in/vendor/laravel/framework/src/Illuminate/Pipeline/Pipeline.php(219): Illuminate\\Http\\Middleware\\TrustProxies->handle(Object(Illuminate\\Http\\Request), Object(Closure))
#86 /home/techtaru/crm.techtaru.in/vendor/laravel/framework/src/Illuminate/Pipeline/Pipeline.php(137): Illuminate\\Pipeline\\Pipeline->Illuminate\\Pipeline\\{closure}(Object(Illuminate\\Http\\Request))
#87 /home/techtaru/crm.techtaru.in/vendor/laravel/framework/src/Illuminate/Routing/Router.php(821): Illuminate\\Pipeline\\Pipeline->then(Object(Closure))
#88 /home/techtaru/crm.techtaru.in/vendor/laravel/framework/src/Illuminate/Routing/Router.php(800): Illuminate\\Routing\\Router->runRouteWithinStack(Object(Illuminate\\Routing\\Route), Object(Illuminate\\Http\\Request))
#89 /home/techtaru/crm.techtaru.in/vendor/laravel/framework/src/Illuminate/Routing/Router.php(764): Illuminate\\Routing\\Router->runRoute(Object(Illuminate\\Http\\Request), Object(Illuminate\\Routing\\Route))
#90 /home/techtaru/crm.techtaru.in/vendor/laravel/framework/src/Illuminate/Routing/Router.php(753): Illuminate\\Routing\\Router->dispatchToRoute(Object(Illuminate\\Http\\Request))
#91 /home/techtaru/crm.techtaru.in/vendor/laravel/framework/src/Illuminate/Foundation/Http/Kernel.php(200): Illuminate\\Routing\\Router->dispatch(Object(Illuminate\\Http\\Request))
#92 /home/techtaru/crm.techtaru.in/vendor/laravel/framework/src/Illuminate/Pipeline/Pipeline.php(180): Illuminate\\Foundation\\Http\\Kernel->Illuminate\\Foundation\\Http\\{closure}(Object(Illuminate\\Http\\Request))
#93 /home/techtaru/crm.techtaru.in/vendor/livewire/livewire/src/Features/SupportDisablingBackButtonCache/DisableBackButtonCacheMiddleware.php(19): Illuminate\\Pipeline\\Pipeline->Illuminate\\Pipeline\\{closure}(Object(Illuminate\\Http\\Request))
#94 /home/techtaru/crm.techtaru.in/vendor/laravel/framework/src/Illuminate/Pipeline/Pipeline.php(219): Livewire\\Features\\SupportDisablingBackButtonCache\\DisableBackButtonCacheMiddleware->handle(Object(Illuminate\\Http\\Request), Object(Closure))
#95 /home/techtaru/crm.techtaru.in/vendor/laravel/framework/src/Illuminate/Foundation/Http/Middleware/ConvertEmptyStringsToNull.php(27): Illuminate\\Pipeline\\Pipeline->Illuminate\\Pipeline\\{closure}(Object(Illuminate\\Http\\Request))
#96 /home/techtaru/crm.techtaru.in/vendor/laravel/framework/src/Illuminate/Pipeline/Pipeline.php(219): Illuminate\\Foundation\\Http\\Middleware\\ConvertEmptyStringsToNull->handle(Object(Illuminate\\Http\\Request), Object(Closure))
#97 /home/techtaru/crm.techtaru.in/vendor/laravel/framework/src/Illuminate/Foundation/Http/Middleware/TrimStrings.php(47): Illuminate\\Pipeline\\Pipeline->Illuminate\\Pipeline\\{closure}(Object(Illuminate\\Http\\Request))
#98 /home/techtaru/crm.techtaru.in/vendor/laravel/framework/src/Illuminate/Pipeline/Pipeline.php(219): Illuminate\\Foundation\\Http\\Middleware\\TrimStrings->handle(Object(Illuminate\\Http\\Request), Object(Closure))
#99 /home/techtaru/crm.techtaru.in/vendor/laravel/framework/src/Illuminate/Http/Middleware/ValidatePostSize.php(27): Illuminate\\Pipeline\\Pipeline->Illuminate\\Pipeline\\{closure}(Object(Illuminate\\Http\\Request))
#100 /home/techtaru/crm.techtaru.in/vendor/laravel/framework/src/Illuminate/Pipeline/Pipeline.php(219): Illuminate\\Http\\Middleware\\ValidatePostSize->handle(Object(Illuminate\\Http\\Request), Object(Closure))
#101 /home/techtaru/crm.techtaru.in/vendor/laravel/framework/src/Illuminate/Foundation/Http/Middleware/PreventRequestsDuringMaintenance.php(109): Illuminate\\Pipeline\\Pipeline->Illuminate\\Pipeline\\{closure}(Object(Illuminate\\Http\\Request))
#102 /home/techtaru/crm.techtaru.in/vendor/laravel/framework/src/Illuminate/Pipeline/Pipeline.php(219): Illuminate\\Foundation\\Http\\Middleware\\PreventRequestsDuringMaintenance->handle(Object(Illuminate\\Http\\Request), Object(Closure))
#103 /home/techtaru/crm.techtaru.in/vendor/laravel/framework/src/Illuminate/Http/Middleware/HandleCors.php(61): Illuminate\\Pipeline\\Pipeline->Illuminate\\Pipeline\\{closure}(Object(Illuminate\\Http\\Request))
#104 /home/techtaru/crm.techtaru.in/vendor/laravel/framework/src/Illuminate/Pipeline/Pipeline.php(219): Illuminate\\Http\\Middleware\\HandleCors->handle(Object(Illuminate\\Http\\Request), Object(Closure))
#105 /home/techtaru/crm.techtaru.in/vendor/laravel/framework/src/Illuminate/Http/Middleware/TrustProxies.php(58): Illuminate\\Pipeline\\Pipeline->Illuminate\\Pipeline\\{closure}(Object(Illuminate\\Http\\Request))
#106 /home/techtaru/crm.techtaru.in/vendor/laravel/framework/src/Illuminate/Pipeline/Pipeline.php(219): Illuminate\\Http\\Middleware\\TrustProxies->handle(Object(Illuminate\\Http\\Request), Object(Closure))
#107 /home/techtaru/crm.techtaru.in/vendor/laravel/framework/src/Illuminate/Foundation/Http/Middleware/InvokeDeferredCallbacks.php(22): Illuminate\\Pipeline\\Pipeline->Illuminate\\Pipeline\\{closure}(Object(Illuminate\\Http\\Request))
#108 /home/techtaru/crm.techtaru.in/vendor/laravel/framework/src/Illuminate/Pipeline/Pipeline.php(219): Illuminate\\Foundation\\Http\\Middleware\\InvokeDeferredCallbacks->handle(Object(Illuminate\\Http\\Request), Object(Closure))
#109 /home/techtaru/crm.techtaru.in/vendor/laravel/framework/src/Illuminate/Http/Middleware/ValidatePathEncoding.php(28): Illuminate\\Pipeline\\Pipeline->Illuminate\\Pipeline\\{closure}(Object(Illuminate\\Http\\Request))
#110 /home/techtaru/crm.techtaru.in/vendor/laravel/framework/src/Illuminate/Pipeline/Pipeline.php(219): Illuminate\\Http\\Middleware\\ValidatePathEncoding->handle(Object(Illuminate\\Http\\Request), Object(Closure))
#111 /home/techtaru/crm.techtaru.in/vendor/laravel/framework/src/Illuminate/Pipeline/Pipeline.php(137): Illuminate\\Pipeline\\Pipeline->Illuminate\\Pipeline\\{closure}(Object(Illuminate\\Http\\Request))
#112 /home/techtaru/crm.techtaru.in/vendor/laravel/framework/src/Illuminate/Foundation/Http/Kernel.php(175): Illuminate\\Pipeline\\Pipeline->then(Object(Closure))
#113 /home/techtaru/crm.techtaru.in/vendor/laravel/framework/src/Illuminate/Foundation/Http/Kernel.php(144): Illuminate\\Foundation\\Http\\Kernel->sendRequestThroughRouter(Object(Illuminate\\Http\\Request))
#114 /home/techtaru/crm.techtaru.in/vendor/laravel/framework/src/Illuminate/Foundation/Application.php(1220): Illuminate\\Foundation\\Http\\Kernel->handle(Object(Illuminate\\Http\\Request))
#115 /home/techtaru/crm.techtaru.in/public/index.php(119): Illuminate\\Foundation\\Application->handleRequest(Object(Illuminate\\Http\\Request))
#116 {main}
"} 
[2026-08-10 12:36:14] local.ERROR: ExportLeads job failed {"tenant_id":5,"user_id":4,"error":"An email must have a \"To\", \"Cc\", or \"Bcc\" header."} 
[2026-08-10 12:36:14] local.ERROR: App\Mail\LeadNotificationMail::__construct(): Argument #4 ($actionUrl) must be of type string, null given, called in /home/techtaru/crm.techtaru.in/app/Notifications/ExportFailedNotification.php on line 26 {"userId":4,"exception":"[object] (TypeError(code: 0): App\\Mail\\LeadNotificationMail::__construct(): Argument #4 ($actionUrl) must be of type string, null given, called in /home/techtaru/crm.techtaru.in/app/Notifications/ExportFailedNotification.php on line 26 at /home/techtaru/crm.techtaru.in/app/Mail/LeadNotificationMail.php:14)
[stacktrace]
#0 /home/techtaru/crm.techtaru.in/app/Notifications/ExportFailedNotification.php(26): App\\Mail\\LeadNotificationMail->__construct('Leads Export Fa...', 'Export Failed', Array, NULL, NULL)
#1 /home/techtaru/crm.techtaru.in/vendor/laravel/framework/src/Illuminate/Notifications/Channels/MailChannel.php(55): App\\Notifications\\ExportFailedNotification->toMail(Object(App\\Models\\User))
#2 /home/techtaru/crm.techtaru.in/vendor/laravel/framework/src/Illuminate/Notifications/NotificationSender.php(164): Illuminate\\Notifications\\Channels\\MailChannel->send(Object(App\\Models\\User), Object(App\\Notifications\\ExportFailedNotification))
#3 /home/techtaru/crm.techtaru.in/vendor/laravel/framework/src/Illuminate/Notifications/NotificationSender.php(119): Illuminate\\Notifications\\NotificationSender->sendToNotifiable(Object(App\\Models\\User), '961496d4-b7bd-4...', Object(App\\Notifications\\ExportFailedNotification), 'mail')
#4 /home/techtaru/crm.techtaru.in/vendor/laravel/framework/src/Illuminate/Support/Traits/Localizable.php(19): Illuminate\\Notifications\\NotificationSender->Illuminate\\Notifications\\{closure}()
#5 /home/techtaru/crm.techtaru.in/vendor/laravel/framework/src/Illuminate/Notifications/NotificationSender.php(114): Illuminate\\Notifications\\NotificationSender->withLocale(NULL, Object(Closure))
#6 /home/techtaru/crm.techtaru.in/vendor/laravel/framework/src/Illuminate/Notifications/ChannelManager.php(61): Illuminate\\Notifications\\NotificationSender->sendNow(Object(Illuminate\\Database\\Eloquent\\Collection), Object(App\\Notifications\\ExportFailedNotification), Array)
#7 /home/techtaru/crm.techtaru.in/vendor/laravel/framework/src/Illuminate/Notifications/SendQueuedNotifications.php(130): Illuminate\\Notifications\\ChannelManager->sendNow(Object(Illuminate\\Database\\Eloquent\\Collection), Object(App\\Notifications\\ExportFailedNotification), Array)
#8 /home/techtaru/crm.techtaru.in/vendor/laravel/framework/src/Illuminate/Container/BoundMethod.php(36): Illuminate\\Notifications\\SendQueuedNotifications->handle(Object(Illuminate\\Notifications\\ChannelManager))
#9 /home/techtaru/crm.techtaru.in/vendor/laravel/framework/src/Illuminate/Container/Util.php(43): Illuminate\\Container\\BoundMethod::Illuminate\\Container\\{closure}()
#10 /home/techtaru/crm.techtaru.in/vendor/laravel/framework/src/Illuminate/Container/BoundMethod.php(96): Illuminate\\Container\\Util::unwrapIfClosure(Object(Closure))
#11 /home/techtaru/crm.techtaru.in/vendor/laravel/framework/src/Illuminate/Container/BoundMethod.php(35): Illuminate\\Container\\BoundMethod::callBoundMethod(Object(Illuminate\\Foundation\\Application), Array, Object(Closure))
#12 /home/techtaru/crm.techtaru.in/vendor/laravel/framework/src/Illuminate/Container/Container.php(799): Illuminate\\Container\\BoundMethod::call(Object(Illuminate\\Foundation\\Application), Array, Array, NULL)
#13 /home/techtaru/crm.techtaru.in/vendor/laravel/framework/src/Illuminate/Bus/Dispatcher.php(135): Illuminate\\Container\\Container->call(Array)
#14 /home/techtaru/crm.techtaru.in/vendor/laravel/framework/src/Illuminate/Pipeline/Pipeline.php(180): Illuminate\\Bus\\Dispatcher->Illuminate\\Bus\\{closure}(Object(Illuminate\\Notifications\\SendQueuedNotifications))
#15 /home/techtaru/crm.techtaru.in/vendor/laravel/framework/src/Illuminate/Pipeline/Pipeline.php(137): Illuminate\\Pipeline\\Pipeline->Illuminate\\Pipeline\\{closure}(Object(Illuminate\\Notifications\\SendQueuedNotifications))
#16 /home/techtaru/crm.techtaru.in/vendor/laravel/framework/src/Illuminate/Bus/Dispatcher.php(139): Illuminate\\Pipeline\\Pipeline->then(Object(Closure))
#17 /home/techtaru/crm.techtaru.in/vendor/laravel/framework/src/Illuminate/Queue/CallQueuedHandler.php(134): Illuminate\\Bus\\Dispatcher->dispatchNow(Object(Illuminate\\Notifications\\SendQueuedNotifications), false)
#18 /home/techtaru/crm.techtaru.in/vendor/laravel/framework/src/Illuminate/Pipeline/Pipeline.php(180): Illuminate\\Queue\\CallQueuedHandler->Illuminate\\Queue\\{closure}(Object(Illuminate\\Notifications\\SendQueuedNotifications))
#19 /home/techtaru/crm.techtaru.in/vendor/laravel/framework/src/Illuminate/Pipeline/Pipeline.php(137): Illuminate\\Pipeline\\Pipeline->Illuminate\\Pipeline\\{closure}(Object(Illuminate\\Notifications\\SendQueuedNotifications))
#20 /home/techtaru/crm.techtaru.in/vendor/laravel/framework/src/Illuminate/Queue/CallQueuedHandler.php(127): Illuminate\\Pipeline\\Pipeline->then(Object(Closure))
#21 /home/techtaru/crm.techtaru.in/vendor/laravel/framework/src/Illuminate/Queue/CallQueuedHandler.php(68): Illuminate\\Queue\\CallQueuedHandler->dispatchThroughMiddleware(Object(Illuminate\\Queue\\Jobs\\SyncJob), Object(Illuminate\\Notifications\\SendQueuedNotifications))
#22 /home/techtaru/crm.techtaru.in/vendor/laravel/framework/src/Illuminate/Queue/Jobs/Job.php(102): Illuminate\\Queue\\CallQueuedHandler->call(Object(Illuminate\\Queue\\Jobs\\SyncJob), Array)
#23 /home/techtaru/crm.techtaru.in/vendor/laravel/framework/src/Illuminate/Queue/SyncQueue.php(131): Illuminate\\Queue\\Jobs\\Job->fire()
#24 /home/techtaru/crm.techtaru.in/vendor/laravel/framework/src/Illuminate/Queue/SyncQueue.php(111): Illuminate\\Queue\\SyncQueue->executeJob(Object(Illuminate\\Notifications\\SendQueuedNotifications), '', NULL)
#25 /home/techtaru/crm.techtaru.in/vendor/laravel/framework/src/Illuminate/Bus/Dispatcher.php(258): Illuminate\\Queue\\SyncQueue->push(Object(Illuminate\\Notifications\\SendQueuedNotifications), '', NULL)
#26 /home/techtaru/crm.techtaru.in/vendor/laravel/framework/src/Illuminate/Bus/Dispatcher.php(238): Illuminate\\Bus\\Dispatcher->pushCommandToQueue(Object(Illuminate\\Queue\\SyncQueue), Object(Illuminate\\Notifications\\SendQueuedNotifications))
#27 /home/techtaru/crm.techtaru.in/vendor/laravel/framework/src/Illuminate/Bus/Dispatcher.php(86): Illuminate\\Bus\\Dispatcher->dispatchToQueue(Object(Illuminate\\Notifications\\SendQueuedNotifications))
#28 /home/techtaru/crm.techtaru.in/vendor/laravel/framework/src/Illuminate/Notifications/NotificationSender.php(280): Illuminate\\Bus\\Dispatcher->dispatch(Object(Illuminate\\Notifications\\SendQueuedNotifications))
#29 /home/techtaru/crm.techtaru.in/vendor/laravel/framework/src/Illuminate/Notifications/NotificationSender.php(89): Illuminate\\Notifications\\NotificationSender->queueNotification(Object(Illuminate\\Database\\Eloquent\\Collection), Object(App\\Notifications\\ExportFailedNotification))
#30 /home/techtaru/crm.techtaru.in/vendor/laravel/framework/src/Illuminate/Notifications/ChannelManager.php(48): Illuminate\\Notifications\\NotificationSender->send(Object(App\\Models\\User), Object(App\\Notifications\\ExportFailedNotification))
#31 /home/techtaru/crm.techtaru.in/vendor/laravel/framework/src/Illuminate/Notifications/RoutesNotifications.php(18): Illuminate\\Notifications\\ChannelManager->send(Object(App\\Models\\User), Object(App\\Notifications\\ExportFailedNotification))
#32 /home/techtaru/crm.techtaru.in/app/Jobs/ExportLeads.php(73): App\\Models\\User->notify(Object(App\\Notifications\\ExportFailedNotification))
#33 /home/techtaru/crm.techtaru.in/vendor/laravel/framework/src/Illuminate/Queue/CallQueuedHandler.php(347): App\\Jobs\\ExportLeads->failed(Object(Symfony\\Component\\Mime\\Exception\\LogicException))
#34 /home/techtaru/crm.techtaru.in/vendor/laravel/framework/src/Illuminate/Queue/Jobs/Job.php(254): Illuminate\\Queue\\CallQueuedHandler->failed(Array, Object(Symfony\\Component\\Mime\\Exception\\LogicException), 'bdcde9fc-0824-4...', Object(Illuminate\\Queue\\Jobs\\SyncJob))
#35 /home/techtaru/crm.techtaru.in/vendor/laravel/framework/src/Illuminate/Queue/Jobs/Job.php(219): Illuminate\\Queue\\Jobs\\Job->failed(Object(Symfony\\Component\\Mime\\Exception\\LogicException))
#36 /home/techtaru/crm.techtaru.in/vendor/laravel/framework/src/Illuminate/Queue/SyncQueue.php(224): Illuminate\\Queue\\Jobs\\Job->fail(Object(Symfony\\Component\\Mime\\Exception\\LogicException))
#37 /home/techtaru/crm.techtaru.in/vendor/laravel/framework/src/Illuminate/Queue/SyncQueue.php(137): Illuminate\\Queue\\SyncQueue->handleException(Object(Illuminate\\Queue\\Jobs\\SyncJob), Object(Symfony\\Component\\Mime\\Exception\\LogicException))
#38 /home/techtaru/crm.techtaru.in/vendor/laravel/framework/src/Illuminate/Queue/SyncQueue.php(111): Illuminate\\Queue\\SyncQueue->executeJob(Object(App\\Jobs\\ExportLeads), '', 'exports')
#39 /home/techtaru/crm.techtaru.in/vendor/laravel/framework/src/Illuminate/Bus/Dispatcher.php(258): Illuminate\\Queue\\SyncQueue->push(Object(App\\Jobs\\ExportLeads), '', 'exports')
#40 /home/techtaru/crm.techtaru.in/vendor/laravel/framework/src/Illuminate/Bus/Dispatcher.php(238): Illuminate\\Bus\\Dispatcher->pushCommandToQueue(Object(Illuminate\\Queue\\SyncQueue), Object(App\\Jobs\\ExportLeads))
#41 /home/techtaru/crm.techtaru.in/vendor/laravel/framework/src/Illuminate/Bus/Dispatcher.php(86): Illuminate\\Bus\\Dispatcher->dispatchToQueue(Object(App\\Jobs\\ExportLeads))
#42 /home/techtaru/crm.techtaru.in/vendor/laravel/framework/src/Illuminate/Foundation/Bus/PendingDispatch.php(252): Illuminate\\Bus\\Dispatcher->dispatch(Object(App\\Jobs\\ExportLeads))
#43 /home/techtaru/crm.techtaru.in/vendor/laravel/framework/src/Illuminate/Foundation/Bus/Dispatchable.php(19): Illuminate\\Foundation\\Bus\\PendingDispatch->__destruct()
#44 /home/techtaru/crm.techtaru.in/app/Filament/Resources/LeadResource/Pages/ListLeads.php(208): App\\Jobs\\ExportLeads::dispatch(5, 4, Array)
#45 /home/techtaru/crm.techtaru.in/vendor/filament/support/src/Concerns/EvaluatesClosures.php(36): App\\Filament\\Resources\\LeadResource\\Pages\\ListLeads->App\\Filament\\Resources\\LeadResource\\Pages\\{closure}()
#46 /home/techtaru/crm.techtaru.in/vendor/filament/actions/src/Action.php(644): Filament\\Support\\Components\\Component->evaluate(Object(Closure), Array)
#47 /home/techtaru/crm.techtaru.in/vendor/filament/actions/src/Concerns/InteractsWithActions.php(269): Filament\\Actions\\Action->call(Array)
#48 /home/techtaru/crm.techtaru.in/vendor/filament/actions/src/Concerns/InteractsWithActions.php(184): Filament\\Pages\\BasePage->callMountedAction()
#49 /home/techtaru/crm.techtaru.in/vendor/laravel/framework/src/Illuminate/Container/BoundMethod.php(36): Filament\\Pages\\BasePage->mountAction('export', Array, Array)
#50 /home/techtaru/crm.techtaru.in/vendor/laravel/framework/src/Illuminate/Container/Util.php(43): Illuminate\\Container\\BoundMethod::Illuminate\\Container\\{closure}()
#51 /home/techtaru/crm.techtaru.in/vendor/laravel/framework/src/Illuminate/Container/BoundMethod.php(96): Illuminate\\Container\\Util::unwrapIfClosure(Object(Closure))
#52 /home/techtaru/crm.techtaru.in/vendor/laravel/framework/src/Illuminate/Container/BoundMethod.php(35): Illuminate\\Container\\BoundMethod::callBoundMethod(Object(Illuminate\\Foundation\\Application), Array, Object(Closure))
#53 /home/techtaru/crm.techtaru.in/vendor/livewire/livewire/src/Wrapped.php(23): Illuminate\\Container\\BoundMethod::call(Object(Illuminate\\Foundation\\Application), Array, Array)
#54 /home/techtaru/crm.techtaru.in/vendor/livewire/livewire/src/Mechanisms/HandleComponents/HandleComponents.php(492): Livewire\\Wrapped->__call('mountAction', Array)
#55 /home/techtaru/crm.techtaru.in/vendor/livewire/livewire/src/Mechanisms/HandleComponents/HandleComponents.php(101): Livewire\\Mechanisms\\HandleComponents\\HandleComponents->callMethods(Object(App\\Filament\\Resources\\LeadResource\\Pages\\ListLeads), Array, Object(Livewire\\Mechanisms\\HandleComponents\\ComponentContext))
#56 /home/techtaru/crm.techtaru.in/vendor/livewire/livewire/src/LivewireManager.php(102): Livewire\\Mechanisms\\HandleComponents\\HandleComponents->update(Array, Array, Array)
#57 /home/techtaru/crm.techtaru.in/vendor/livewire/livewire/src/Mechanisms/HandleRequests/HandleRequests.php(131): Livewire\\LivewireManager->update(Array, Array, Array)
#58 /home/techtaru/crm.techtaru.in/vendor/laravel/framework/src/Illuminate/Routing/ControllerDispatcher.php(46): Livewire\\Mechanisms\\HandleRequests\\HandleRequests->handleUpdate()
#59 /home/techtaru/crm.techtaru.in/vendor/laravel/framework/src/Illuminate/Routing/Route.php(269): Illuminate\\Routing\\ControllerDispatcher->dispatch(Object(Illuminate\\Routing\\Route), Object(Livewire\\Mechanisms\\HandleRequests\\HandleRequests), 'handleUpdate')
#60 /home/techtaru/crm.techtaru.in/vendor/laravel/framework/src/Illuminate/Routing/Route.php(215): Illuminate\\Routing\\Route->runController()
#61 /home/techtaru/crm.techtaru.in/vendor/laravel/framework/src/Illuminate/Routing/Router.php(822): Illuminate\\Routing\\Route->run()
#62 /home/techtaru/crm.techtaru.in/vendor/laravel/framework/src/Illuminate/Pipeline/Pipeline.php(180): Illuminate\\Routing\\Router->Illuminate\\Routing\\{closure}(Object(Illuminate\\Http\\Request))
#63 /home/techtaru/crm.techtaru.in/app/Http/Middleware/SecurityHeaders.php(39): Illuminate\\Pipeline\\Pipeline->Illuminate\\Pipeline\\{closure}(Object(Illuminate\\Http\\Request))
#64 /home/techtaru/crm.techtaru.in/vendor/laravel/framework/src/Illuminate/Pipeline/Pipeline.php(219): App\\Http\\Middleware\\SecurityHeaders->handle(Object(Illuminate\\Http\\Request), Object(Closure))
#65 /home/techtaru/crm.techtaru.in/app/Http/Middleware/SetLocale.php(108): Illuminate\\Pipeline\\Pipeline->Illuminate\\Pipeline\\{closure}(Object(Illuminate\\Http\\Request))
#66 /home/techtaru/crm.techtaru.in/vendor/laravel/framework/src/Illuminate/Pipeline/Pipeline.php(219): App\\Http\\Middleware\\SetLocale->handle(Object(Illuminate\\Http\\Request), Object(Closure))
#67 /home/techtaru/crm.techtaru.in/app/Http/Middleware/TrackUserSession.php(55): Illuminate\\Pipeline\\Pipeline->Illuminate\\Pipeline\\{closure}(Object(Illuminate\\Http\\Request))
#68 /home/techtaru/crm.techtaru.in/vendor/laravel/framework/src/Illuminate/Pipeline/Pipeline.php(219): App\\Http\\Middleware\\TrackUserSession->handle(Object(Illuminate\\Http\\Request), Object(Closure))
#69 /home/techtaru/crm.techtaru.in/app/Http/Middleware/ResolveTenant.php(45): Illuminate\\Pipeline\\Pipeline->Illuminate\\Pipeline\\{closure}(Object(Illuminate\\Http\\Request))
#70 /home/techtaru/crm.techtaru.in/vendor/laravel/framework/src/Illuminate/Pipeline/Pipeline.php(219): App\\Http\\Middleware\\ResolveTenant->handle(Object(Illuminate\\Http\\Request), Object(Closure))
#71 /home/techtaru/crm.techtaru.in/vendor/laravel/framework/src/Illuminate/Routing/Middleware/SubstituteBindings.php(52): Illuminate\\Pipeline\\Pipeline->Illuminate\\Pipeline\\{closure}(Object(Illuminate\\Http\\Request))
#72 /home/techtaru/crm.techtaru.in/vendor/laravel/framework/src/Illuminate/Pipeline/Pipeline.php(219): Illuminate\\Routing\\Middleware\\SubstituteBindings->handle(Object(Illuminate\\Http\\Request), Object(Closure))
#73 /home/techtaru/crm.techtaru.in/vendor/laravel/framework/src/Illuminate/Foundation/Http/Middleware/PreventRequestForgery.php(104): Illuminate\\Pipeline\\Pipeline->Illuminate\\Pipeline\\{closure}(Object(Illuminate\\Http\\Request))
#74 /home/techtaru/crm.techtaru.in/vendor/laravel/framework/src/Illuminate/Pipeline/Pipeline.php(219): Illuminate\\Foundation\\Http\\Middleware\\PreventRequestForgery->handle(Object(Illuminate\\Http\\Request), Object(Closure))
#75 /home/techtaru/crm.techtaru.in/vendor/laravel/framework/src/Illuminate/View/Middleware/ShareErrorsFromSession.php(48): Illuminate\\Pipeline\\Pipeline->Illuminate\\Pipeline\\{closure}(Object(Illuminate\\Http\\Request))
#76 /home/techtaru/crm.techtaru.in/vendor/laravel/framework/src/Illuminate/Pipeline/Pipeline.php(219): Illuminate\\View\\Middleware\\ShareErrorsFromSession->handle(Object(Illuminate\\Http\\Request), Object(Closure))
#77 /home/techtaru/crm.techtaru.in/vendor/laravel/framework/src/Illuminate/Session/Middleware/StartSession.php(120): Illuminate\\Pipeline\\Pipeline->Illuminate\\Pipeline\\{closure}(Object(Illuminate\\Http\\Request))
#78 /home/techtaru/crm.techtaru.in/vendor/laravel/framework/src/Illuminate/Session/Middleware/StartSession.php(63): Illuminate\\Session\\Middleware\\StartSession->handleStatefulRequest(Object(Illuminate\\Http\\Request), Object(Illuminate\\Session\\Store), Object(Closure))
#79 /home/techtaru/crm.techtaru.in/vendor/laravel/framework/src/Illuminate/Pipeline/Pipeline.php(219): Illuminate\\Session\\Middleware\\StartSession->handle(Object(Illuminate\\Http\\Request), Object(Closure))
#80 /home/techtaru/crm.techtaru.in/vendor/laravel/framework/src/Illuminate/Cookie/Middleware/AddQueuedCookiesToResponse.php(36): Illuminate\\Pipeline\\Pipeline->Illuminate\\Pipeline\\{closure}(Object(Illuminate\\Http\\Request))
#81 /home/techtaru/crm.techtaru.in/vendor/laravel/framework/src/Illuminate/Pipeline/Pipeline.php(219): Illuminate\\Cookie\\Middleware\\AddQueuedCookiesToResponse->handle(Object(Illuminate\\Http\\Request), Object(Closure))
#82 /home/techtaru/crm.techtaru.in/vendor/laravel/framework/src/Illuminate/Cookie/Middleware/EncryptCookies.php(74): Illuminate\\Pipeline\\Pipeline->Illuminate\\Pipeline\\{closure}(Object(Illuminate\\Http\\Request))
#83 /home/techtaru/crm.techtaru.in/vendor/laravel/framework/src/Illuminate/Pipeline/Pipeline.php(219): Illuminate\\Cookie\\Middleware\\EncryptCookies->handle(Object(Illuminate\\Http\\Request), Object(Closure))
#84 /home/techtaru/crm.techtaru.in/vendor/laravel/framework/src/Illuminate/Http/Middleware/TrustProxies.php(58): Illuminate\\Pipeline\\Pipeline->Illuminate\\Pipeline\\{closure}(Object(Illuminate\\Http\\Request))
#85 /home/techtaru/crm.techtaru.in/vendor/laravel/framework/src/Illuminate/Pipeline/Pipeline.php(219): Illuminate\\Http\\Middleware\\TrustProxies->handle(Object(Illuminate\\Http\\Request), Object(Closure))
#86 /home/techtaru/crm.techtaru.in/vendor/laravel/framework/src/Illuminate/Pipeline/Pipeline.php(137): Illuminate\\Pipeline\\Pipeline->Illuminate\\Pipeline\\{closure}(Object(Illuminate\\Http\\Request))
#87 /home/techtaru/crm.techtaru.in/vendor/laravel/framework/src/Illuminate/Routing/Router.php(821): Illuminate\\Pipeline\\Pipeline->then(Object(Closure))
#88 /home/techtaru/crm.techtaru.in/vendor/laravel/framework/src/Illuminate/Routing/Router.php(800): Illuminate\\Routing\\Router->runRouteWithinStack(Object(Illuminate\\Routing\\Route), Object(Illuminate\\Http\\Request))
#89 /home/techtaru/crm.techtaru.in/vendor/laravel/framework/src/Illuminate/Routing/Router.php(764): Illuminate\\Routing\\Router->runRoute(Object(Illuminate\\Http\\Request), Object(Illuminate\\Routing\\Route))
#90 /home/techtaru/crm.techtaru.in/vendor/laravel/framework/src/Illuminate/Routing/Router.php(753): Illuminate\\Routing\\Router->dispatchToRoute(Object(Illuminate\\Http\\Request))
#91 /home/techtaru/crm.techtaru.in/vendor/laravel/framework/src/Illuminate/Foundation/Http/Kernel.php(200): Illuminate\\Routing\\Router->dispatch(Object(Illuminate\\Http\\Request))
#92 /home/techtaru/crm.techtaru.in/vendor/laravel/framework/src/Illuminate/Pipeline/Pipeline.php(180): Illuminate\\Foundation\\Http\\Kernel->Illuminate\\Foundation\\Http\\{closure}(Object(Illuminate\\Http\\Request))
#93 /home/techtaru/crm.techtaru.in/vendor/livewire/livewire/src/Features/SupportDisablingBackButtonCache/DisableBackButtonCacheMiddleware.php(19): Illuminate\\Pipeline\\Pipeline->Illuminate\\Pipeline\\{closure}(Object(Illuminate\\Http\\Request))
#94 /home/techtaru/crm.techtaru.in/vendor/laravel/framework/src/Illuminate/Pipeline/Pipeline.php(219): Livewire\\Features\\SupportDisablingBackButtonCache\\DisableBackButtonCacheMiddleware->handle(Object(Illuminate\\Http\\Request), Object(Closure))
#95 /home/techtaru/crm.techtaru.in/vendor/laravel/framework/src/Illuminate/Foundation/Http/Middleware/ConvertEmptyStringsToNull.php(27): Illuminate\\Pipeline\\Pipeline->Illuminate\\Pipeline\\{closure}(Object(Illuminate\\Http\\Request))
#96 /home/techtaru/crm.techtaru.in/vendor/laravel/framework/src/Illuminate/Pipeline/Pipeline.php(219): Illuminate\\Foundation\\Http\\Middleware\\ConvertEmptyStringsToNull->handle(Object(Illuminate\\Http\\Request), Object(Closure))
#97 /home/techtaru/crm.techtaru.in/vendor/laravel/framework/src/Illuminate/Foundation/Http/Middleware/TrimStrings.php(47): Illuminate\\Pipeline\\Pipeline->Illuminate\\Pipeline\\{closure}(Object(Illuminate\\Http\\Request))
#98 /home/techtaru/crm.techtaru.in/vendor/laravel/framework/src/Illuminate/Pipeline/Pipeline.php(219): Illuminate\\Foundation\\Http\\Middleware\\TrimStrings->handle(Object(Illuminate\\Http\\Request), Object(Closure))
#99 /home/techtaru/crm.techtaru.in/vendor/laravel/framework/src/Illuminate/Http/Middleware/ValidatePostSize.php(27): Illuminate\\Pipeline\\Pipeline->Illuminate\\Pipeline\\{closure}(Object(Illuminate\\Http\\Request))
#100 /home/techtaru/crm.techtaru.in/vendor/laravel/framework/src/Illuminate/Pipeline/Pipeline.php(219): Illuminate\\Http\\Middleware\\ValidatePostSize->handle(Object(Illuminate\\Http\\Request), Object(Closure))
#101 /home/techtaru/crm.techtaru.in/vendor/laravel/framework/src/Illuminate/Foundation/Http/Middleware/PreventRequestsDuringMaintenance.php(109): Illuminate\\Pipeline\\Pipeline->Illuminate\\Pipeline\\{closure}(Object(Illuminate\\Http\\Request))
#102 /home/techtaru/crm.techtaru.in/vendor/laravel/framework/src/Illuminate/Pipeline/Pipeline.php(219): Illuminate\\Foundation\\Http\\Middleware\\PreventRequestsDuringMaintenance->handle(Object(Illuminate\\Http\\Request), Object(Closure))
#103 /home/techtaru/crm.techtaru.in/vendor/laravel/framework/src/Illuminate/Http/Middleware/HandleCors.php(61): Illuminate\\Pipeline\\Pipeline->Illuminate\\Pipeline\\{closure}(Object(Illuminate\\Http\\Request))
#104 /home/techtaru/crm.techtaru.in/vendor/laravel/framework/src/Illuminate/Pipeline/Pipeline.php(219): Illuminate\\Http\\Middleware\\HandleCors->handle(Object(Illuminate\\Http\\Request), Object(Closure))
#105 /home/techtaru/crm.techtaru.in/vendor/laravel/framework/src/Illuminate/Http/Middleware/TrustProxies.php(58): Illuminate\\Pipeline\\Pipeline->Illuminate\\Pipeline\\{closure}(Object(Illuminate\\Http\\Request))
#106 /home/techtaru/crm.techtaru.in/vendor/laravel/framework/src/Illuminate/Pipeline/Pipeline.php(219): Illuminate\\Http\\Middleware\\TrustProxies->handle(Object(Illuminate\\Http\\Request), Object(Closure))
#107 /home/techtaru/crm.techtaru.in/vendor/laravel/framework/src/Illuminate/Foundation/Http/Middleware/InvokeDeferredCallbacks.php(22): Illuminate\\Pipeline\\Pipeline->Illuminate\\Pipeline\\{closure}(Object(Illuminate\\Http\\Request))
#108 /home/techtaru/crm.techtaru.in/vendor/laravel/framework/src/Illuminate/Pipeline/Pipeline.php(219): Illuminate\\Foundation\\Http\\Middleware\\InvokeDeferredCallbacks->handle(Object(Illuminate\\Http\\Request), Object(Closure))
#109 /home/techtaru/crm.techtaru.in/vendor/laravel/framework/src/Illuminate/Http/Middleware/ValidatePathEncoding.php(28): Illuminate\\Pipeline\\Pipeline->Illuminate\\Pipeline\\{closure}(Object(Illuminate\\Http\\Request))
#110 /home/techtaru/crm.techtaru.in/vendor/laravel/framework/src/Illuminate/Pipeline/Pipeline.php(219): Illuminate\\Http\\Middleware\\ValidatePathEncoding->handle(Object(Illuminate\\Http\\Request), Object(Closure))
#111 /home/techtaru/crm.techtaru.in/vendor/laravel/framework/src/Illuminate/Pipeline/Pipeline.php(137): Illuminate\\Pipeline\\Pipeline->Illuminate\\Pipeline\\{closure}(Object(Illuminate\\Http\\Request))
#112 /home/techtaru/crm.techtaru.in/vendor/laravel/framework/src/Illuminate/Foundation/Http/Kernel.php(175): Illuminate\\Pipeline\\Pipeline->then(Object(Closure))
#113 /home/techtaru/crm.techtaru.in/vendor/laravel/framework/src/Illuminate/Foundation/Http/Kernel.php(144): Illuminate\\Foundation\\Http\\Kernel->sendRequestThroughRouter(Object(Illuminate\\Http\\Request))
#114 /home/techtaru/crm.techtaru.in/vendor/laravel/framework/src/Illuminate/Foundation/Application.php(1220): Illuminate\\Foundation\\Http\\Kernel->handle(Object(Illuminate\\Http\\Request))
#115 /home/techtaru/crm.techtaru.in/public/index.php(119): Illuminate\\Foundation\\Application->handleRequest(Object(Illuminate\\Http\\Request))
#116 {main}
"} 
[2026-08-10 12:36:23] local.ERROR: ExportLeads job failed {"tenant_id":5,"user_id":4,"error":"An email must have a \"To\", \"Cc\", or \"Bcc\" header."} 
[2026-08-10 12:36:23] local.ERROR: App\Mail\LeadNotificationMail::__construct(): Argument #4 ($actionUrl) must be of type string, null given, called in /home/techtaru/crm.techtaru.in/app/Notifications/ExportFailedNotification.php on line 26 {"userId":4,"exception":"[object] (TypeError(code: 0): App\\Mail\\LeadNotificationMail::__construct(): Argument #4 ($actionUrl) must be of type string, null given, called in /home/techtaru/crm.techtaru.in/app/Notifications/ExportFailedNotification.php on line 26 at /home/techtaru/crm.techtaru.in/app/Mail/LeadNotificationMail.php:14)
[stacktrace]
#0 /home/techtaru/crm.techtaru.in/app/Notifications/ExportFailedNotification.php(26): App\\Mail\\LeadNotificationMail->__construct('Leads Export Fa...', 'Export Failed', Array, NULL, NULL)
#1 /home/techtaru/crm.techtaru.in/vendor/laravel/framework/src/Illuminate/Notifications/Channels/MailChannel.php(55): App\\Notifications\\ExportFailedNotification->toMail(Object(App\\Models\\User))
#2 /home/techtaru/crm.techtaru.in/vendor/laravel/framework/src/Illuminate/Notifications/NotificationSender.php(164): Illuminate\\Notifications\\Channels\\MailChannel->send(Object(App\\Models\\User), Object(App\\Notifications\\ExportFailedNotification))
#3 /home/techtaru/crm.techtaru.in/vendor/laravel/framework/src/Illuminate/Notifications/NotificationSender.php(119): Illuminate\\Notifications\\NotificationSender->sendToNotifiable(Object(App\\Models\\User), 'fd545610-3169-4...', Object(App\\Notifications\\ExportFailedNotification), 'mail')
#4 /home/techtaru/crm.techtaru.in/vendor/laravel/framework/src/Illuminate/Support/Traits/Localizable.php(19): Illuminate\\Notifications\\NotificationSender->Illuminate\\Notifications\\{closure}()
#5 /home/techtaru/crm.techtaru.in/vendor/laravel/framework/src/Illuminate/Notifications/NotificationSender.php(114): Illuminate\\Notifications\\NotificationSender->withLocale(NULL, Object(Closure))
#6 /home/techtaru/crm.techtaru.in/vendor/laravel/framework/src/Illuminate/Notifications/ChannelManager.php(61): Illuminate\\Notifications\\NotificationSender->sendNow(Object(Illuminate\\Database\\Eloquent\\Collection), Object(App\\Notifications\\ExportFailedNotification), Array)
#7 /home/techtaru/crm.techtaru.in/vendor/laravel/framework/src/Illuminate/Notifications/SendQueuedNotifications.php(130): Illuminate\\Notifications\\ChannelManager->sendNow(Object(Illuminate\\Database\\Eloquent\\Collection), Object(App\\Notifications\\ExportFailedNotification), Array)
#8 /home/techtaru/crm.techtaru.in/vendor/laravel/framework/src/Illuminate/Container/BoundMethod.php(36): Illuminate\\Notifications\\SendQueuedNotifications->handle(Object(Illuminate\\Notifications\\ChannelManager))
#9 /home/techtaru/crm.techtaru.in/vendor/laravel/framework/src/Illuminate/Container/Util.php(43): Illuminate\\Container\\BoundMethod::Illuminate\\Container\\{closure}()
#10 /home/techtaru/crm.techtaru.in/vendor/laravel/framework/src/Illuminate/Container/BoundMethod.php(96): Illuminate\\Container\\Util::unwrapIfClosure(Object(Closure))
#11 /home/techtaru/crm.techtaru.in/vendor/laravel/framework/src/Illuminate/Container/BoundMethod.php(35): Illuminate\\Container\\BoundMethod::callBoundMethod(Object(Illuminate\\Foundation\\Application), Array, Object(Closure))
#12 /home/techtaru/crm.techtaru.in/vendor/laravel/framework/src/Illuminate/Container/Container.php(799): Illuminate\\Container\\BoundMethod::call(Object(Illuminate\\Foundation\\Application), Array, Array, NULL)
#13 /home/techtaru/crm.techtaru.in/vendor/laravel/framework/src/Illuminate/Bus/Dispatcher.php(135): Illuminate\\Container\\Container->call(Array)
#14 /home/techtaru/crm.techtaru.in/vendor/laravel/framework/src/Illuminate/Pipeline/Pipeline.php(180): Illuminate\\Bus\\Dispatcher->Illuminate\\Bus\\{closure}(Object(Illuminate\\Notifications\\SendQueuedNotifications))
#15 /home/techtaru/crm.techtaru.in/vendor/laravel/framework/src/Illuminate/Pipeline/Pipeline.php(137): Illuminate\\Pipeline\\Pipeline->Illuminate\\Pipeline\\{closure}(Object(Illuminate\\Notifications\\SendQueuedNotifications))
#16 /home/techtaru/crm.techtaru.in/vendor/laravel/framework/src/Illuminate/Bus/Dispatcher.php(139): Illuminate\\Pipeline\\Pipeline->then(Object(Closure))
#17 /home/techtaru/crm.techtaru.in/vendor/laravel/framework/src/Illuminate/Queue/CallQueuedHandler.php(134): Illuminate\\Bus\\Dispatcher->dispatchNow(Object(Illuminate\\Notifications\\SendQueuedNotifications), false)
#18 /home/techtaru/crm.techtaru.in/vendor/laravel/framework/src/Illuminate/Pipeline/Pipeline.php(180): Illuminate\\Queue\\CallQueuedHandler->Illuminate\\Queue\\{closure}(Object(Illuminate\\Notifications\\SendQueuedNotifications))
#19 /home/techtaru/crm.techtaru.in/vendor/laravel/framework/src/Illuminate/Pipeline/Pipeline.php(137): Illuminate\\Pipeline\\Pipeline->Illuminate\\Pipeline\\{closure}(Object(Illuminate\\Notifications\\SendQueuedNotifications))
#20 /home/techtaru/crm.techtaru.in/vendor/laravel/framework/src/Illuminate/Queue/CallQueuedHandler.php(127): Illuminate\\Pipeline\\Pipeline->then(Object(Closure))
#21 /home/techtaru/crm.techtaru.in/vendor/laravel/framework/src/Illuminate/Queue/CallQueuedHandler.php(68): Illuminate\\Queue\\CallQueuedHandler->dispatchThroughMiddleware(Object(Illuminate\\Queue\\Jobs\\SyncJob), Object(Illuminate\\Notifications\\SendQueuedNotifications))
#22 /home/techtaru/crm.techtaru.in/vendor/laravel/framework/src/Illuminate/Queue/Jobs/Job.php(102): Illuminate\\Queue\\CallQueuedHandler->call(Object(Illuminate\\Queue\\Jobs\\SyncJob), Array)
#23 /home/techtaru/crm.techtaru.in/vendor/laravel/framework/src/Illuminate/Queue/SyncQueue.php(131): Illuminate\\Queue\\Jobs\\Job->fire()
#24 /home/techtaru/crm.techtaru.in/vendor/laravel/framework/src/Illuminate/Queue/SyncQueue.php(111): Illuminate\\Queue\\SyncQueue->executeJob(Object(Illuminate\\Notifications\\SendQueuedNotifications), '', NULL)
#25 /home/techtaru/crm.techtaru.in/vendor/laravel/framework/src/Illuminate/Bus/Dispatcher.php(258): Illuminate\\Queue\\SyncQueue->push(Object(Illuminate\\Notifications\\SendQueuedNotifications), '', NULL)
#26 /home/techtaru/crm.techtaru.in/vendor/laravel/framework/src/Illuminate/Bus/Dispatcher.php(238): Illuminate\\Bus\\Dispatcher->pushCommandToQueue(Object(Illuminate\\Queue\\SyncQueue), Object(Illuminate\\Notifications\\SendQueuedNotifications))
#27 /home/techtaru/crm.techtaru.in/vendor/laravel/framework/src/Illuminate/Bus/Dispatcher.php(86): Illuminate\\Bus\\Dispatcher->dispatchToQueue(Object(Illuminate\\Notifications\\SendQueuedNotifications))
#28 /home/techtaru/crm.techtaru.in/vendor/laravel/framework/src/Illuminate/Notifications/NotificationSender.php(280): Illuminate\\Bus\\Dispatcher->dispatch(Object(Illuminate\\Notifications\\SendQueuedNotifications))
#29 /home/techtaru/crm.techtaru.in/vendor/laravel/framework/src/Illuminate/Notifications/NotificationSender.php(89): Illuminate\\Notifications\\NotificationSender->queueNotification(Object(Illuminate\\Database\\Eloquent\\Collection), Object(App\\Notifications\\ExportFailedNotification))
#30 /home/techtaru/crm.techtaru.in/vendor/laravel/framework/src/Illuminate/Notifications/ChannelManager.php(48): Illuminate\\Notifications\\NotificationSender->send(Object(App\\Models\\User), Object(App\\Notifications\\ExportFailedNotification))
#31 /home/techtaru/crm.techtaru.in/vendor/laravel/framework/src/Illuminate/Notifications/RoutesNotifications.php(18): Illuminate\\Notifications\\ChannelManager->send(Object(App\\Models\\User), Object(App\\Notifications\\ExportFailedNotification))
#32 /home/techtaru/crm.techtaru.in/app/Jobs/ExportLeads.php(73): App\\Models\\User->notify(Object(App\\Notifications\\ExportFailedNotification))
#33 /home/techtaru/crm.techtaru.in/vendor/laravel/framework/src/Illuminate/Queue/CallQueuedHandler.php(347): App\\Jobs\\ExportLeads->failed(Object(Symfony\\Component\\Mime\\Exception\\LogicException))
#34 /home/techtaru/crm.techtaru.in/vendor/laravel/framework/src/Illuminate/Queue/Jobs/Job.php(254): Illuminate\\Queue\\CallQueuedHandler->failed(Array, Object(Symfony\\Component\\Mime\\Exception\\LogicException), '0968758f-a2ea-4...', Object(Illuminate\\Queue\\Jobs\\SyncJob))
#35 /home/techtaru/crm.techtaru.in/vendor/laravel/framework/src/Illuminate/Queue/Jobs/Job.php(219): Illuminate\\Queue\\Jobs\\Job->failed(Object(Symfony\\Component\\Mime\\Exception\\LogicException))
#36 /home/techtaru/crm.techtaru.in/vendor/laravel/framework/src/Illuminate/Queue/SyncQueue.php(224): Illuminate\\Queue\\Jobs\\Job->fail(Object(Symfony\\Component\\Mime\\Exception\\LogicException))
#37 /home/techtaru/crm.techtaru.in/vendor/laravel/framework/src/Illuminate/Queue/SyncQueue.php(137): Illuminate\\Queue\\SyncQueue->handleException(Object(Illuminate\\Queue\\Jobs\\SyncJob), Object(Symfony\\Component\\Mime\\Exception\\LogicException))
#38 /home/techtaru/crm.techtaru.in/vendor/laravel/framework/src/Illuminate/Queue/SyncQueue.php(111): Illuminate\\Queue\\SyncQueue->executeJob(Object(App\\Jobs\\ExportLeads), '', 'exports')
#39 /home/techtaru/crm.techtaru.in/vendor/laravel/framework/src/Illuminate/Bus/Dispatcher.php(258): Illuminate\\Queue\\SyncQueue->push(Object(App\\Jobs\\ExportLeads), '', 'exports')
#40 /home/techtaru/crm.techtaru.in/vendor/laravel/framework/src/Illuminate/Bus/Dispatcher.php(238): Illuminate\\Bus\\Dispatcher->pushCommandToQueue(Object(Illuminate\\Queue\\SyncQueue), Object(App\\Jobs\\ExportLeads))
#41 /home/techtaru/crm.techtaru.in/vendor/laravel/framework/src/Illuminate/Bus/Dispatcher.php(86): Illuminate\\Bus\\Dispatcher->dispatchToQueue(Object(App\\Jobs\\ExportLeads))
#42 /home/techtaru/crm.techtaru.in/vendor/laravel/framework/src/Illuminate/Foundation/Bus/PendingDispatch.php(252): Illuminate\\Bus\\Dispatcher->dispatch(Object(App\\Jobs\\ExportLeads))
#43 /home/techtaru/crm.techtaru.in/vendor/laravel/framework/src/Illuminate/Foundation/Bus/Dispatchable.php(19): Illuminate\\Foundation\\Bus\\PendingDispatch->__destruct()
#44 /home/techtaru/crm.techtaru.in/app/Filament/Resources/LeadResource/Pages/ListLeads.php(208): App\\Jobs\\ExportLeads::dispatch(5, 4, Array)
#45 /home/techtaru/crm.techtaru.in/vendor/filament/support/src/Concerns/EvaluatesClosures.php(36): App\\Filament\\Resources\\LeadResource\\Pages\\ListLeads->App\\Filament\\Resources\\LeadResource\\Pages\\{closure}()
#46 /home/techtaru/crm.techtaru.in/vendor/filament/actions/src/Action.php(644): Filament\\Support\\Components\\Component->evaluate(Object(Closure), Array)
#47 /home/techtaru/crm.techtaru.in/vendor/filament/actions/src/Concerns/InteractsWithActions.php(269): Filament\\Actions\\Action->call(Array)
#48 /home/techtaru/crm.techtaru.in/vendor/filament/actions/src/Concerns/InteractsWithActions.php(184): Filament\\Pages\\BasePage->callMountedAction()
#49 /home/techtaru/crm.techtaru.in/vendor/laravel/framework/src/Illuminate/Container/BoundMethod.php(36): Filament\\Pages\\BasePage->mountAction('export', Array, Array)
#50 /home/techtaru/crm.techtaru.in/vendor/laravel/framework/src/Illuminate/Container/Util.php(43): Illuminate\\Container\\BoundMethod::Illuminate\\Container\\{closure}()
#51 /home/techtaru/crm.techtaru.in/vendor/laravel/framework/src/Illuminate/Container/BoundMethod.php(96): Illuminate\\Container\\Util::unwrapIfClosure(Object(Closure))
#52 /home/techtaru/crm.techtaru.in/vendor/laravel/framework/src/Illuminate/Container/BoundMethod.php(35): Illuminate\\Container\\BoundMethod::callBoundMethod(Object(Illuminate\\Foundation\\Application), Array, Object(Closure))
#53 /home/techtaru/crm.techtaru.in/vendor/livewire/livewire/src/Wrapped.php(23): Illuminate\\Container\\BoundMethod::call(Object(Illuminate\\Foundation\\Application), Array, Array)
#54 /home/techtaru/crm.techtaru.in/vendor/livewire/livewire/src/Mechanisms/HandleComponents/HandleComponents.php(492): Livewire\\Wrapped->__call('mountAction', Array)
#55 /home/techtaru/crm.techtaru.in/vendor/livewire/livewire/src/Mechanisms/HandleComponents/HandleComponents.php(101): Livewire\\Mechanisms\\HandleComponents\\HandleComponents->callMethods(Object(App\\Filament\\Resources\\LeadResource\\Pages\\ListLeads), Array, Object(Livewire\\Mechanisms\\HandleComponents\\ComponentContext))
#56 /home/techtaru/crm.techtaru.in/vendor/livewire/livewire/src/LivewireManager.php(102): Livewire\\Mechanisms\\HandleComponents\\HandleComponents->update(Array, Array, Array)
#57 /home/techtaru/crm.techtaru.in/vendor/livewire/livewire/src/Mechanisms/HandleRequests/HandleRequests.php(131): Livewire\\LivewireManager->update(Array, Array, Array)
#58 /home/techtaru/crm.techtaru.in/vendor/laravel/framework/src/Illuminate/Routing/ControllerDispatcher.php(46): Livewire\\Mechanisms\\HandleRequests\\HandleRequests->handleUpdate()
#59 /home/techtaru/crm.techtaru.in/vendor/laravel/framework/src/Illuminate/Routing/Route.php(269): Illuminate\\Routing\\ControllerDispatcher->dispatch(Object(Illuminate\\Routing\\Route), Object(Livewire\\Mechanisms\\HandleRequests\\HandleRequests), 'handleUpdate')
#60 /home/techtaru/crm.techtaru.in/vendor/laravel/framework/src/Illuminate/Routing/Route.php(215): Illuminate\\Routing\\Route->runController()
#61 /home/techtaru/crm.techtaru.in/vendor/laravel/framework/src/Illuminate/Routing/Router.php(822): Illuminate\\Routing\\Route->run()
#62 /home/techtaru/crm.techtaru.in/vendor/laravel/framework/src/Illuminate/Pipeline/Pipeline.php(180): Illuminate\\Routing\\Router->Illuminate\\Routing\\{closure}(Object(Illuminate\\Http\\Request))
#63 /home/techtaru/crm.techtaru.in/app/Http/Middleware/SecurityHeaders.php(39): Illuminate\\Pipeline\\Pipeline->Illuminate\\Pipeline\\{closure}(Object(Illuminate\\Http\\Request))
#64 /home/techtaru/crm.techtaru.in/vendor/laravel/framework/src/Illuminate/Pipeline/Pipeline.php(219): App\\Http\\Middleware\\SecurityHeaders->handle(Object(Illuminate\\Http\\Request), Object(Closure))
#65 /home/techtaru/crm.techtaru.in/app/Http/Middleware/SetLocale.php(108): Illuminate\\Pipeline\\Pipeline->Illuminate\\Pipeline\\{closure}(Object(Illuminate\\Http\\Request))
#66 /home/techtaru/crm.techtaru.in/vendor/laravel/framework/src/Illuminate/Pipeline/Pipeline.php(219): App\\Http\\Middleware\\SetLocale->handle(Object(Illuminate\\Http\\Request), Object(Closure))
#67 /home/techtaru/crm.techtaru.in/app/Http/Middleware/TrackUserSession.php(55): Illuminate\\Pipeline\\Pipeline->Illuminate\\Pipeline\\{closure}(Object(Illuminate\\Http\\Request))
#68 /home/techtaru/crm.techtaru.in/vendor/laravel/framework/src/Illuminate/Pipeline/Pipeline.php(219): App\\Http\\Middleware\\TrackUserSession->handle(Object(Illuminate\\Http\\Request), Object(Closure))
#69 /home/techtaru/crm.techtaru.in/app/Http/Middleware/ResolveTenant.php(45): Illuminate\\Pipeline\\Pipeline->Illuminate\\Pipeline\\{closure}(Object(Illuminate\\Http\\Request))
#70 /home/techtaru/crm.techtaru.in/vendor/laravel/framework/src/Illuminate/Pipeline/Pipeline.php(219): App\\Http\\Middleware\\ResolveTenant->handle(Object(Illuminate\\Http\\Request), Object(Closure))
#71 /home/techtaru/crm.techtaru.in/vendor/laravel/framework/src/Illuminate/Routing/Middleware/SubstituteBindings.php(52): Illuminate\\Pipeline\\Pipeline->Illuminate\\Pipeline\\{closure}(Object(Illuminate\\Http\\Request))
#72 /home/techtaru/crm.techtaru.in/vendor/laravel/framework/src/Illuminate/Pipeline/Pipeline.php(219): Illuminate\\Routing\\Middleware\\SubstituteBindings->handle(Object(Illuminate\\Http\\Request), Object(Closure))
#73 /home/techtaru/crm.techtaru.in/vendor/laravel/framework/src/Illuminate/Foundation/Http/Middleware/PreventRequestForgery.php(104): Illuminate\\Pipeline\\Pipeline->Illuminate\\Pipeline\\{closure}(Object(Illuminate\\Http\\Request))
#74 /home/techtaru/crm.techtaru.in/vendor/laravel/framework/src/Illuminate/Pipeline/Pipeline.php(219): Illuminate\\Foundation\\Http\\Middleware\\PreventRequestForgery->handle(Object(Illuminate\\Http\\Request), Object(Closure))
#75 /home/techtaru/crm.techtaru.in/vendor/laravel/framework/src/Illuminate/View/Middleware/ShareErrorsFromSession.php(48): Illuminate\\Pipeline\\Pipeline->Illuminate\\Pipeline\\{closure}(Object(Illuminate\\Http\\Request))
#76 /home/techtaru/crm.techtaru.in/vendor/laravel/framework/src/Illuminate/Pipeline/Pipeline.php(219): Illuminate\\View\\Middleware\\ShareErrorsFromSession->handle(Object(Illuminate\\Http\\Request), Object(Closure))
#77 /home/techtaru/crm.techtaru.in/vendor/laravel/framework/src/Illuminate/Session/Middleware/StartSession.php(120): Illuminate\\Pipeline\\Pipeline->Illuminate\\Pipeline\\{closure}(Object(Illuminate\\Http\\Request))
#78 /home/techtaru/crm.techtaru.in/vendor/laravel/framework/src/Illuminate/Session/Middleware/StartSession.php(63): Illuminate\\Session\\Middleware\\StartSession->handleStatefulRequest(Object(Illuminate\\Http\\Request), Object(Illuminate\\Session\\Store), Object(Closure))
#79 /home/techtaru/crm.techtaru.in/vendor/laravel/framework/src/Illuminate/Pipeline/Pipeline.php(219): Illuminate\\Session\\Middleware\\StartSession->handle(Object(Illuminate\\Http\\Request), Object(Closure))
#80 /home/techtaru/crm.techtaru.in/vendor/laravel/framework/src/Illuminate/Cookie/Middleware/AddQueuedCookiesToResponse.php(36): Illuminate\\Pipeline\\Pipeline->Illuminate\\Pipeline\\{closure}(Object(Illuminate\\Http\\Request))
#81 /home/techtaru/crm.techtaru.in/vendor/laravel/framework/src/Illuminate/Pipeline/Pipeline.php(219): Illuminate\\Cookie\\Middleware\\AddQueuedCookiesToResponse->handle(Object(Illuminate\\Http\\Request), Object(Closure))
#82 /home/techtaru/crm.techtaru.in/vendor/laravel/framework/src/Illuminate/Cookie/Middleware/EncryptCookies.php(74): Illuminate\\Pipeline\\Pipeline->Illuminate\\Pipeline\\{closure}(Object(Illuminate\\Http\\Request))
#83 /home/techtaru/crm.techtaru.in/vendor/laravel/framework/src/Illuminate/Pipeline/Pipeline.php(219): Illuminate\\Cookie\\Middleware\\EncryptCookies->handle(Object(Illuminate\\Http\\Request), Object(Closure))
#84 /home/techtaru/crm.techtaru.in/vendor/laravel/framework/src/Illuminate/Http/Middleware/TrustProxies.php(58): Illuminate\\Pipeline\\Pipeline->Illuminate\\Pipeline\\{closure}(Object(Illuminate\\Http\\Request))
#85 /home/techtaru/crm.techtaru.in/vendor/laravel/framework/src/Illuminate/Pipeline/Pipeline.php(219): Illuminate\\Http\\Middleware\\TrustProxies->handle(Object(Illuminate\\Http\\Request), Object(Closure))
#86 /home/techtaru/crm.techtaru.in/vendor/laravel/framework/src/Illuminate/Pipeline/Pipeline.php(137): Illuminate\\Pipeline\\Pipeline->Illuminate\\Pipeline\\{closure}(Object(Illuminate\\Http\\Request))
#87 /home/techtaru/crm.techtaru.in/vendor/laravel/framework/src/Illuminate/Routing/Router.php(821): Illuminate\\Pipeline\\Pipeline->then(Object(Closure))
#88 /home/techtaru/crm.techtaru.in/vendor/laravel/framework/src/Illuminate/Routing/Router.php(800): Illuminate\\Routing\\Router->runRouteWithinStack(Object(Illuminate\\Routing\\Route), Object(Illuminate\\Http\\Request))
#89 /home/techtaru/crm.techtaru.in/vendor/laravel/framework/src/Illuminate/Routing/Router.php(764): Illuminate\\Routing\\Router->runRoute(Object(Illuminate\\Http\\Request), Object(Illuminate\\Routing\\Route))
#90 /home/techtaru/crm.techtaru.in/vendor/laravel/framework/src/Illuminate/Routing/Router.php(753): Illuminate\\Routing\\Router->dispatchToRoute(Object(Illuminate\\Http\\Request))
#91 /home/techtaru/crm.techtaru.in/vendor/laravel/framework/src/Illuminate/Foundation/Http/Kernel.php(200): Illuminate\\Routing\\Router->dispatch(Object(Illuminate\\Http\\Request))
#92 /home/techtaru/crm.techtaru.in/vendor/laravel/framework/src/Illuminate/Pipeline/Pipeline.php(180): Illuminate\\Foundation\\Http\\Kernel->Illuminate\\Foundation\\Http\\{closure}(Object(Illuminate\\Http\\Request))
#93 /home/techtaru/crm.techtaru.in/vendor/livewire/livewire/src/Features/SupportDisablingBackButtonCache/DisableBackButtonCacheMiddleware.php(19): Illuminate\\Pipeline\\Pipeline->Illuminate\\Pipeline\\{closure}(Object(Illuminate\\Http\\Request))
#94 /home/techtaru/crm.techtaru.in/vendor/laravel/framework/src/Illuminate/Pipeline/Pipeline.php(219): Livewire\\Features\\SupportDisablingBackButtonCache\\DisableBackButtonCacheMiddleware->handle(Object(Illuminate\\Http\\Request), Object(Closure))
#95 /home/techtaru/crm.techtaru.in/vendor/laravel/framework/src/Illuminate/Foundation/Http/Middleware/ConvertEmptyStringsToNull.php(27): Illuminate\\Pipeline\\Pipeline->Illuminate\\Pipeline\\{closure}(Object(Illuminate\\Http\\Request))
#96 /home/techtaru/crm.techtaru.in/vendor/laravel/framework/src/Illuminate/Pipeline/Pipeline.php(219): Illuminate\\Foundation\\Http\\Middleware\\ConvertEmptyStringsToNull->handle(Object(Illuminate\\Http\\Request), Object(Closure))
#97 /home/techtaru/crm.techtaru.in/vendor/laravel/framework/src/Illuminate/Foundation/Http/Middleware/TrimStrings.php(47): Illuminate\\Pipeline\\Pipeline->Illuminate\\Pipeline\\{closure}(Object(Illuminate\\Http\\Request))
#98 /home/techtaru/crm.techtaru.in/vendor/laravel/framework/src/Illuminate/Pipeline/Pipeline.php(219): Illuminate\\Foundation\\Http\\Middleware\\TrimStrings->handle(Object(Illuminate\\Http\\Request), Object(Closure))
#99 /home/techtaru/crm.techtaru.in/vendor/laravel/framework/src/Illuminate/Http/Middleware/ValidatePostSize.php(27): Illuminate\\Pipeline\\Pipeline->Illuminate\\Pipeline\\{closure}(Object(Illuminate\\Http\\Request))
#100 /home/techtaru/crm.techtaru.in/vendor/laravel/framework/src/Illuminate/Pipeline/Pipeline.php(219): Illuminate\\Http\\Middleware\\ValidatePostSize->handle(Object(Illuminate\\Http\\Request), Object(Closure))
#101 /home/techtaru/crm.techtaru.in/vendor/laravel/framework/src/Illuminate/Foundation/Http/Middleware/PreventRequestsDuringMaintenance.php(109): Illuminate\\Pipeline\\Pipeline->Illuminate\\Pipeline\\{closure}(Object(Illuminate\\Http\\Request))
#102 /home/techtaru/crm.techtaru.in/vendor/laravel/framework/src/Illuminate/Pipeline/Pipeline.php(219): Illuminate\\Foundation\\Http\\Middleware\\PreventRequestsDuringMaintenance->handle(Object(Illuminate\\Http\\Request), Object(Closure))
#103 /home/techtaru/crm.techtaru.in/vendor/laravel/framework/src/Illuminate/Http/Middleware/HandleCors.php(61): Illuminate\\Pipeline\\Pipeline->Illuminate\\Pipeline\\{closure}(Object(Illuminate\\Http\\Request))
#104 /home/techtaru/crm.techtaru.in/vendor/laravel/framework/src/Illuminate/Pipeline/Pipeline.php(219): Illuminate\\Http\\Middleware\\HandleCors->handle(Object(Illuminate\\Http\\Request), Object(Closure))
#105 /home/techtaru/crm.techtaru.in/vendor/laravel/framework/src/Illuminate/Http/Middleware/TrustProxies.php(58): Illuminate\\Pipeline\\Pipeline->Illuminate\\Pipeline\\{closure}(Object(Illuminate\\Http\\Request))
#106 /home/techtaru/crm.techtaru.in/vendor/laravel/framework/src/Illuminate/Pipeline/Pipeline.php(219): Illuminate\\Http\\Middleware\\TrustProxies->handle(Object(Illuminate\\Http\\Request), Object(Closure))
#107 /home/techtaru/crm.techtaru.in/vendor/laravel/framework/src/Illuminate/Foundation/Http/Middleware/InvokeDeferredCallbacks.php(22): Illuminate\\Pipeline\\Pipeline->Illuminate\\Pipeline\\{closure}(Object(Illuminate\\Http\\Request))
#108 /home/techtaru/crm.techtaru.in/vendor/laravel/framework/src/Illuminate/Pipeline/Pipeline.php(219): Illuminate\\Foundation\\Http\\Middleware\\InvokeDeferredCallbacks->handle(Object(Illuminate\\Http\\Request), Object(Closure))
#109 /home/techtaru/crm.techtaru.in/vendor/laravel/framework/src/Illuminate/Http/Middleware/ValidatePathEncoding.php(28): Illuminate\\Pipeline\\Pipeline->Illuminate\\Pipeline\\{closure}(Object(Illuminate\\Http\\Request))
#110 /home/techtaru/crm.techtaru.in/vendor/laravel/framework/src/Illuminate/Pipeline/Pipeline.php(219): Illuminate\\Http\\Middleware\\ValidatePathEncoding->handle(Object(Illuminate\\Http\\Request), Object(Closure))
#111 /home/techtaru/crm.techtaru.in/vendor/laravel/framework/src/Illuminate/Pipeline/Pipeline.php(137): Illuminate\\Pipeline\\Pipeline->Illuminate\\Pipeline\\{closure}(Object(Illuminate\\Http\\Request))
#112 /home/techtaru/crm.techtaru.in/vendor/laravel/framework/src/Illuminate/Foundation/Http/Kernel.php(175): Illuminate\\Pipeline\\Pipeline->then(Object(Closure))
#113 /home/techtaru/crm.techtaru.in/vendor/laravel/framework/src/Illuminate/Foundation/Http/Kernel.php(144): Illuminate\\Foundation\\Http\\Kernel->sendRequestThroughRouter(Object(Illuminate\\Http\\Request))
#114 /home/techtaru/crm.techtaru.in/vendor/laravel/framework/src/Illuminate/Foundation/Application.php(1220): Illuminate\\Foundation\\Http\\Kernel->handle(Object(Illuminate\\Http\\Request))
#115 /home/techtaru/crm.techtaru.in/public/index.php(119): Illuminate\\Foundation\\Application->handleRequest(Object(Illuminate\\Http\\Request))
#116 {main}
"} 
[2026-08-10 12:44:19] local.ERROR: ExportLeads job failed {"tenant_id":5,"user_id":4,"error":"An email must have a \"To\", \"Cc\", or \"Bcc\" header."} 
[2026-08-10 12:44:19] local.ERROR: App\Mail\LeadNotificationMail::__construct(): Argument #4 ($actionUrl) must be of type string, null given, called in /home/techtaru/crm.techtaru.in/app/Notifications/ExportFailedNotification.php on line 26 {"userId":4,"exception":"[object] (TypeError(code: 0): App\\Mail\\LeadNotificationMail::__construct(): Argument #4 ($actionUrl) must be of type string, null given, called in /home/techtaru/crm.techtaru.in/app/Notifications/ExportFailedNotification.php on line 26 at /home/techtaru/crm.techtaru.in/app/Mail/LeadNotificationMail.php:14)
[stacktrace]
#0 /home/techtaru/crm.techtaru.in/app/Notifications/ExportFailedNotification.php(26): App\\Mail\\LeadNotificationMail->__construct('Leads Export Fa...', 'Export Failed', Array, NULL, NULL)
#1 /home/techtaru/crm.techtaru.in/vendor/laravel/framework/src/Illuminate/Notifications/Channels/MailChannel.php(55): App\\Notifications\\ExportFailedNotification->toMail(Object(App\\Models\\User))
#2 /home/techtaru/crm.techtaru.in/vendor/laravel/framework/src/Illuminate/Notifications/NotificationSender.php(164): Illuminate\\Notifications\\Channels\\MailChannel->send(Object(App\\Models\\User), Object(App\\Notifications\\ExportFailedNotification))
#3 /home/techtaru/crm.techtaru.in/vendor/laravel/framework/src/Illuminate/Notifications/NotificationSender.php(119): Illuminate\\Notifications\\NotificationSender->sendToNotifiable(Object(App\\Models\\User), '999e9fe4-5bb0-4...', Object(App\\Notifications\\ExportFailedNotification), 'mail')
#4 /home/techtaru/crm.techtaru.in/vendor/laravel/framework/src/Illuminate/Support/Traits/Localizable.php(19): Illuminate\\Notifications\\NotificationSender->Illuminate\\Notifications\\{closure}()
#5 /home/techtaru/crm.techtaru.in/vendor/laravel/framework/src/Illuminate/Notifications/NotificationSender.php(114): Illuminate\\Notifications\\NotificationSender->withLocale(NULL, Object(Closure))
#6 /home/techtaru/crm.techtaru.in/vendor/laravel/framework/src/Illuminate/Notifications/ChannelManager.php(61): Illuminate\\Notifications\\NotificationSender->sendNow(Object(Illuminate\\Database\\Eloquent\\Collection), Object(App\\Notifications\\ExportFailedNotification), Array)
#7 /home/techtaru/crm.techtaru.in/vendor/laravel/framework/src/Illuminate/Notifications/SendQueuedNotifications.php(130): Illuminate\\Notifications\\ChannelManager->sendNow(Object(Illuminate\\Database\\Eloquent\\Collection), Object(App\\Notifications\\ExportFailedNotification), Array)
#8 /home/techtaru/crm.techtaru.in/vendor/laravel/framework/src/Illuminate/Container/BoundMethod.php(36): Illuminate\\Notifications\\SendQueuedNotifications->handle(Object(Illuminate\\Notifications\\ChannelManager))
#9 /home/techtaru/crm.techtaru.in/vendor/laravel/framework/src/Illuminate/Container/Util.php(43): Illuminate\\Container\\BoundMethod::Illuminate\\Container\\{closure}()
#10 /home/techtaru/crm.techtaru.in/vendor/laravel/framework/src/Illuminate/Container/BoundMethod.php(96): Illuminate\\Container\\Util::unwrapIfClosure(Object(Closure))
#11 /home/techtaru/crm.techtaru.in/vendor/laravel/framework/src/Illuminate/Container/BoundMethod.php(35): Illuminate\\Container\\BoundMethod::callBoundMethod(Object(Illuminate\\Foundation\\Application), Array, Object(Closure))
#12 /home/techtaru/crm.techtaru.in/vendor/laravel/framework/src/Illuminate/Container/Container.php(799): Illuminate\\Container\\BoundMethod::call(Object(Illuminate\\Foundation\\Application), Array, Array, NULL)
#13 /home/techtaru/crm.techtaru.in/vendor/laravel/framework/src/Illuminate/Bus/Dispatcher.php(135): Illuminate\\Container\\Container->call(Array)
#14 /home/techtaru/crm.techtaru.in/vendor/laravel/framework/src/Illuminate/Pipeline/Pipeline.php(180): Illuminate\\Bus\\Dispatcher->Illuminate\\Bus\\{closure}(Object(Illuminate\\Notifications\\SendQueuedNotifications))
#15 /home/techtaru/crm.techtaru.in/vendor/laravel/framework/src/Illuminate/Pipeline/Pipeline.php(137): Illuminate\\Pipeline\\Pipeline->Illuminate\\Pipeline\\{closure}(Object(Illuminate\\Notifications\\SendQueuedNotifications))
#16 /home/techtaru/crm.techtaru.in/vendor/laravel/framework/src/Illuminate/Bus/Dispatcher.php(139): Illuminate\\Pipeline\\Pipeline->then(Object(Closure))
#17 /home/techtaru/crm.techtaru.in/vendor/laravel/framework/src/Illuminate/Queue/CallQueuedHandler.php(134): Illuminate\\Bus\\Dispatcher->dispatchNow(Object(Illuminate\\Notifications\\SendQueuedNotifications), false)
#18 /home/techtaru/crm.techtaru.in/vendor/laravel/framework/src/Illuminate/Pipeline/Pipeline.php(180): Illuminate\\Queue\\CallQueuedHandler->Illuminate\\Queue\\{closure}(Object(Illuminate\\Notifications\\SendQueuedNotifications))
#19 /home/techtaru/crm.techtaru.in/vendor/laravel/framework/src/Illuminate/Pipeline/Pipeline.php(137): Illuminate\\Pipeline\\Pipeline->Illuminate\\Pipeline\\{closure}(Object(Illuminate\\Notifications\\SendQueuedNotifications))
#20 /home/techtaru/crm.techtaru.in/vendor/laravel/framework/src/Illuminate/Queue/CallQueuedHandler.php(127): Illuminate\\Pipeline\\Pipeline->then(Object(Closure))
#21 /home/techtaru/crm.techtaru.in/vendor/laravel/framework/src/Illuminate/Queue/CallQueuedHandler.php(68): Illuminate\\Queue\\CallQueuedHandler->dispatchThroughMiddleware(Object(Illuminate\\Queue\\Jobs\\SyncJob), Object(Illuminate\\Notifications\\SendQueuedNotifications))
#22 /home/techtaru/crm.techtaru.in/vendor/laravel/framework/src/Illuminate/Queue/Jobs/Job.php(102): Illuminate\\Queue\\CallQueuedHandler->call(Object(Illuminate\\Queue\\Jobs\\SyncJob), Array)
#23 /home/techtaru/crm.techtaru.in/vendor/laravel/framework/src/Illuminate/Queue/SyncQueue.php(131): Illuminate\\Queue\\Jobs\\Job->fire()
#24 /home/techtaru/crm.techtaru.in/vendor/laravel/framework/src/Illuminate/Queue/SyncQueue.php(111): Illuminate\\Queue\\SyncQueue->executeJob(Object(Illuminate\\Notifications\\SendQueuedNotifications), '', NULL)
#25 /home/techtaru/crm.techtaru.in/vendor/laravel/framework/src/Illuminate/Bus/Dispatcher.php(258): Illuminate\\Queue\\SyncQueue->push(Object(Illuminate\\Notifications\\SendQueuedNotifications), '', NULL)
#26 /home/techtaru/crm.techtaru.in/vendor/laravel/framework/src/Illuminate/Bus/Dispatcher.php(238): Illuminate\\Bus\\Dispatcher->pushCommandToQueue(Object(Illuminate\\Queue\\SyncQueue), Object(Illuminate\\Notifications\\SendQueuedNotifications))
#27 /home/techtaru/crm.techtaru.in/vendor/laravel/framework/src/Illuminate/Bus/Dispatcher.php(86): Illuminate\\Bus\\Dispatcher->dispatchToQueue(Object(Illuminate\\Notifications\\SendQueuedNotifications))
#28 /home/techtaru/crm.techtaru.in/vendor/laravel/framework/src/Illuminate/Notifications/NotificationSender.php(280): Illuminate\\Bus\\Dispatcher->dispatch(Object(Illuminate\\Notifications\\SendQueuedNotifications))
#29 /home/techtaru/crm.techtaru.in/vendor/laravel/framework/src/Illuminate/Notifications/NotificationSender.php(89): Illuminate\\Notifications\\NotificationSender->queueNotification(Object(Illuminate\\Database\\Eloquent\\Collection), Object(App\\Notifications\\ExportFailedNotification))
#30 /home/techtaru/crm.techtaru.in/vendor/laravel/framework/src/Illuminate/Notifications/ChannelManager.php(48): Illuminate\\Notifications\\NotificationSender->send(Object(App\\Models\\User), Object(App\\Notifications\\ExportFailedNotification))
#31 /home/techtaru/crm.techtaru.in/vendor/laravel/framework/src/Illuminate/Notifications/RoutesNotifications.php(18): Illuminate\\Notifications\\ChannelManager->send(Object(App\\Models\\User), Object(App\\Notifications\\ExportFailedNotification))
#32 /home/techtaru/crm.techtaru.in/app/Jobs/ExportLeads.php(73): App\\Models\\User->notify(Object(App\\Notifications\\ExportFailedNotification))
#33 /home/techtaru/crm.techtaru.in/vendor/laravel/framework/src/Illuminate/Queue/CallQueuedHandler.php(347): App\\Jobs\\ExportLeads->failed(Object(Symfony\\Component\\Mime\\Exception\\LogicException))
#34 /home/techtaru/crm.techtaru.in/vendor/laravel/framework/src/Illuminate/Queue/Jobs/Job.php(254): Illuminate\\Queue\\CallQueuedHandler->failed(Array, Object(Symfony\\Component\\Mime\\Exception\\LogicException), '2a78add4-0738-4...', Object(Illuminate\\Queue\\Jobs\\SyncJob))
#35 /home/techtaru/crm.techtaru.in/vendor/laravel/framework/src/Illuminate/Queue/Jobs/Job.php(219): Illuminate\\Queue\\Jobs\\Job->failed(Object(Symfony\\Component\\Mime\\Exception\\LogicException))
#36 /home/techtaru/crm.techtaru.in/vendor/laravel/framework/src/Illuminate/Queue/SyncQueue.php(224): Illuminate\\Queue\\Jobs\\Job->fail(Object(Symfony\\Component\\Mime\\Exception\\LogicException))
#37 /home/techtaru/crm.techtaru.in/vendor/laravel/framework/src/Illuminate/Queue/SyncQueue.php(137): Illuminate\\Queue\\SyncQueue->handleException(Object(Illuminate\\Queue\\Jobs\\SyncJob), Object(Symfony\\Component\\Mime\\Exception\\LogicException))
#38 /home/techtaru/crm.techtaru.in/vendor/laravel/framework/src/Illuminate/Queue/SyncQueue.php(111): Illuminate\\Queue\\SyncQueue->executeJob(Object(App\\Jobs\\ExportLeads), '', 'exports')
#39 /home/techtaru/crm.techtaru.in/vendor/laravel/framework/src/Illuminate/Bus/Dispatcher.php(258): Illuminate\\Queue\\SyncQueue->push(Object(App\\Jobs\\ExportLeads), '', 'exports')
#40 /home/techtaru/crm.techtaru.in/vendor/laravel/framework/src/Illuminate/Bus/Dispatcher.php(238): Illuminate\\Bus\\Dispatcher->pushCommandToQueue(Object(Illuminate\\Queue\\SyncQueue), Object(App\\Jobs\\ExportLeads))
#41 /home/techtaru/crm.techtaru.in/vendor/laravel/framework/src/Illuminate/Bus/Dispatcher.php(86): Illuminate\\Bus\\Dispatcher->dispatchToQueue(Object(App\\Jobs\\ExportLeads))
#42 /home/techtaru/crm.techtaru.in/vendor/laravel/framework/src/Illuminate/Foundation/Bus/PendingDispatch.php(252): Illuminate\\Bus\\Dispatcher->dispatch(Object(App\\Jobs\\ExportLeads))
#43 /home/techtaru/crm.techtaru.in/vendor/laravel/framework/src/Illuminate/Foundation/Bus/Dispatchable.php(19): Illuminate\\Foundation\\Bus\\PendingDispatch->__destruct()
#44 /home/techtaru/crm.techtaru.in/app/Filament/Resources/LeadResource/Pages/ListLeads.php(208): App\\Jobs\\ExportLeads::dispatch(5, 4, Array)
#45 /home/techtaru/crm.techtaru.in/vendor/filament/support/src/Concerns/EvaluatesClosures.php(36): App\\Filament\\Resources\\LeadResource\\Pages\\ListLeads->App\\Filament\\Resources\\LeadResource\\Pages\\{closure}()
#46 /home/techtaru/crm.techtaru.in/vendor/filament/actions/src/Action.php(644): Filament\\Support\\Components\\Component->evaluate(Object(Closure), Array)
#47 /home/techtaru/crm.techtaru.in/vendor/filament/actions/src/Concerns/InteractsWithActions.php(269): Filament\\Actions\\Action->call(Array)
#48 /home/techtaru/crm.techtaru.in/vendor/filament/actions/src/Concerns/InteractsWithActions.php(184): Filament\\Pages\\BasePage->callMountedAction()
#49 /home/techtaru/crm.techtaru.in/vendor/laravel/framework/src/Illuminate/Container/BoundMethod.php(36): Filament\\Pages\\BasePage->mountAction('export', Array, Array)
#50 /home/techtaru/crm.techtaru.in/vendor/laravel/framework/src/Illuminate/Container/Util.php(43): Illuminate\\Container\\BoundMethod::Illuminate\\Container\\{closure}()
#51 /home/techtaru/crm.techtaru.in/vendor/laravel/framework/src/Illuminate/Container/BoundMethod.php(96): Illuminate\\Container\\Util::unwrapIfClosure(Object(Closure))
#52 /home/techtaru/crm.techtaru.in/vendor/laravel/framework/src/Illuminate/Container/BoundMethod.php(35): Illuminate\\Container\\BoundMethod::callBoundMethod(Object(Illuminate\\Foundation\\Application), Array, Object(Closure))
#53 /home/techtaru/crm.techtaru.in/vendor/livewire/livewire/src/Wrapped.php(23): Illuminate\\Container\\BoundMethod::call(Object(Illuminate\\Foundation\\Application), Array, Array)
#54 /home/techtaru/crm.techtaru.in/vendor/livewire/livewire/src/Mechanisms/HandleComponents/HandleComponents.php(492): Livewire\\Wrapped->__call('mountAction', Array)
#55 /home/techtaru/crm.techtaru.in/vendor/livewire/livewire/src/Mechanisms/HandleComponents/HandleComponents.php(101): Livewire\\Mechanisms\\HandleComponents\\HandleComponents->callMethods(Object(App\\Filament\\Resources\\LeadResource\\Pages\\ListLeads), Array, Object(Livewire\\Mechanisms\\HandleComponents\\ComponentContext))
#56 /home/techtaru/crm.techtaru.in/vendor/livewire/livewire/src/LivewireManager.php(102): Livewire\\Mechanisms\\HandleComponents\\HandleComponents->update(Array, Array, Array)
#57 /home/techtaru/crm.techtaru.in/vendor/livewire/livewire/src/Mechanisms/HandleRequests/HandleRequests.php(131): Livewire\\LivewireManager->update(Array, Array, Array)
#58 /home/techtaru/crm.techtaru.in/vendor/laravel/framework/src/Illuminate/Routing/ControllerDispatcher.php(46): Livewire\\Mechanisms\\HandleRequests\\HandleRequests->handleUpdate()
#59 /home/techtaru/crm.techtaru.in/vendor/laravel/framework/src/Illuminate/Routing/Route.php(269): Illuminate\\Routing\\ControllerDispatcher->dispatch(Object(Illuminate\\Routing\\Route), Object(Livewire\\Mechanisms\\HandleRequests\\HandleRequests), 'handleUpdate')
#60 /home/techtaru/crm.techtaru.in/vendor/laravel/framework/src/Illuminate/Routing/Route.php(215): Illuminate\\Routing\\Route->runController()
#61 /home/techtaru/crm.techtaru.in/vendor/laravel/framework/src/Illuminate/Routing/Router.php(822): Illuminate\\Routing\\Route->run()
#62 /home/techtaru/crm.techtaru.in/vendor/laravel/framework/src/Illuminate/Pipeline/Pipeline.php(180): Illuminate\\Routing\\Router->Illuminate\\Routing\\{closure}(Object(Illuminate\\Http\\Request))
#63 /home/techtaru/crm.techtaru.in/app/Http/Middleware/SecurityHeaders.php(39): Illuminate\\Pipeline\\Pipeline->Illuminate\\Pipeline\\{closure}(Object(Illuminate\\Http\\Request))
#64 /home/techtaru/crm.techtaru.in/vendor/laravel/framework/src/Illuminate/Pipeline/Pipeline.php(219): App\\Http\\Middleware\\SecurityHeaders->handle(Object(Illuminate\\Http\\Request), Object(Closure))
#65 /home/techtaru/crm.techtaru.in/app/Http/Middleware/SetLocale.php(108): Illuminate\\Pipeline\\Pipeline->Illuminate\\Pipeline\\{closure}(Object(Illuminate\\Http\\Request))
#66 /home/techtaru/crm.techtaru.in/vendor/laravel/framework/src/Illuminate/Pipeline/Pipeline.php(219): App\\Http\\Middleware\\SetLocale->handle(Object(Illuminate\\Http\\Request), Object(Closure))
#67 /home/techtaru/crm.techtaru.in/app/Http/Middleware/TrackUserSession.php(55): Illuminate\\Pipeline\\Pipeline->Illuminate\\Pipeline\\{closure}(Object(Illuminate\\Http\\Request))
#68 /home/techtaru/crm.techtaru.in/vendor/laravel/framework/src/Illuminate/Pipeline/Pipeline.php(219): App\\Http\\Middleware\\TrackUserSession->handle(Object(Illuminate\\Http\\Request), Object(Closure))
#69 /home/techtaru/crm.techtaru.in/app/Http/Middleware/ResolveTenant.php(45): Illuminate\\Pipeline\\Pipeline->Illuminate\\Pipeline\\{closure}(Object(Illuminate\\Http\\Request))
#70 /home/techtaru/crm.techtaru.in/vendor/laravel/framework/src/Illuminate/Pipeline/Pipeline.php(219): App\\Http\\Middleware\\ResolveTenant->handle(Object(Illuminate\\Http\\Request), Object(Closure))
#71 /home/techtaru/crm.techtaru.in/vendor/laravel/framework/src/Illuminate/Routing/Middleware/SubstituteBindings.php(52): Illuminate\\Pipeline\\Pipeline->Illuminate\\Pipeline\\{closure}(Object(Illuminate\\Http\\Request))
#72 /home/techtaru/crm.techtaru.in/vendor/laravel/framework/src/Illuminate/Pipeline/Pipeline.php(219): Illuminate\\Routing\\Middleware\\SubstituteBindings->handle(Object(Illuminate\\Http\\Request), Object(Closure))
#73 /home/techtaru/crm.techtaru.in/vendor/laravel/framework/src/Illuminate/Foundation/Http/Middleware/PreventRequestForgery.php(104): Illuminate\\Pipeline\\Pipeline->Illuminate\\Pipeline\\{closure}(Object(Illuminate\\Http\\Request))
#74 /home/techtaru/crm.techtaru.in/vendor/laravel/framework/src/Illuminate/Pipeline/Pipeline.php(219): Illuminate\\Foundation\\Http\\Middleware\\PreventRequestForgery->handle(Object(Illuminate\\Http\\Request), Object(Closure))
#75 /home/techtaru/crm.techtaru.in/vendor/laravel/framework/src/Illuminate/View/Middleware/ShareErrorsFromSession.php(48): Illuminate\\Pipeline\\Pipeline->Illuminate\\Pipeline\\{closure}(Object(Illuminate\\Http\\Request))
#76 /home/techtaru/crm.techtaru.in/vendor/laravel/framework/src/Illuminate/Pipeline/Pipeline.php(219): Illuminate\\View\\Middleware\\ShareErrorsFromSession->handle(Object(Illuminate\\Http\\Request), Object(Closure))
#77 /home/techtaru/crm.techtaru.in/vendor/laravel/framework/src/Illuminate/Session/Middleware/StartSession.php(120): Illuminate\\Pipeline\\Pipeline->Illuminate\\Pipeline\\{closure}(Object(Illuminate\\Http\\Request))
#78 /home/techtaru/crm.techtaru.in/vendor/laravel/framework/src/Illuminate/Session/Middleware/StartSession.php(63): Illuminate\\Session\\Middleware\\StartSession->handleStatefulRequest(Object(Illuminate\\Http\\Request), Object(Illuminate\\Session\\Store), Object(Closure))
#79 /home/techtaru/crm.techtaru.in/vendor/laravel/framework/src/Illuminate/Pipeline/Pipeline.php(219): Illuminate\\Session\\Middleware\\StartSession->handle(Object(Illuminate\\Http\\Request), Object(Closure))
#80 /home/techtaru/crm.techtaru.in/vendor/laravel/framework/src/Illuminate/Cookie/Middleware/AddQueuedCookiesToResponse.php(36): Illuminate\\Pipeline\\Pipeline->Illuminate\\Pipeline\\{closure}(Object(Illuminate\\Http\\Request))
#81 /home/techtaru/crm.techtaru.in/vendor/laravel/framework/src/Illuminate/Pipeline/Pipeline.php(219): Illuminate\\Cookie\\Middleware\\AddQueuedCookiesToResponse->handle(Object(Illuminate\\Http\\Request), Object(Closure))
#82 /home/techtaru/crm.techtaru.in/vendor/laravel/framework/src/Illuminate/Cookie/Middleware/EncryptCookies.php(74): Illuminate\\Pipeline\\Pipeline->Illuminate\\Pipeline\\{closure}(Object(Illuminate\\Http\\Request))
#83 /home/techtaru/crm.techtaru.in/vendor/laravel/framework/src/Illuminate/Pipeline/Pipeline.php(219): Illuminate\\Cookie\\Middleware\\EncryptCookies->handle(Object(Illuminate\\Http\\Request), Object(Closure))
#84 /home/techtaru/crm.techtaru.in/vendor/laravel/framework/src/Illuminate/Http/Middleware/TrustProxies.php(58): Illuminate\\Pipeline\\Pipeline->Illuminate\\Pipeline\\{closure}(Object(Illuminate\\Http\\Request))
#85 /home/techtaru/crm.techtaru.in/vendor/laravel/framework/src/Illuminate/Pipeline/Pipeline.php(219): Illuminate\\Http\\Middleware\\TrustProxies->handle(Object(Illuminate\\Http\\Request), Object(Closure))
#86 /home/techtaru/crm.techtaru.in/vendor/laravel/framework/src/Illuminate/Pipeline/Pipeline.php(137): Illuminate\\Pipeline\\Pipeline->Illuminate\\Pipeline\\{closure}(Object(Illuminate\\Http\\Request))
#87 /home/techtaru/crm.techtaru.in/vendor/laravel/framework/src/Illuminate/Routing/Router.php(821): Illuminate\\Pipeline\\Pipeline->then(Object(Closure))
#88 /home/techtaru/crm.techtaru.in/vendor/laravel/framework/src/Illuminate/Routing/Router.php(800): Illuminate\\Routing\\Router->runRouteWithinStack(Object(Illuminate\\Routing\\Route), Object(Illuminate\\Http\\Request))
#89 /home/techtaru/crm.techtaru.in/vendor/laravel/framework/src/Illuminate/Routing/Router.php(764): Illuminate\\Routing\\Router->runRoute(Object(Illuminate\\Http\\Request), Object(Illuminate\\Routing\\Route))
#90 /home/techtaru/crm.techtaru.in/vendor/laravel/framework/src/Illuminate/Routing/Router.php(753): Illuminate\\Routing\\Router->dispatchToRoute(Object(Illuminate\\Http\\Request))
#91 /home/techtaru/crm.techtaru.in/vendor/laravel/framework/src/Illuminate/Foundation/Http/Kernel.php(200): Illuminate\\Routing\\Router->dispatch(Object(Illuminate\\Http\\Request))
#92 /home/techtaru/crm.techtaru.in/vendor/laravel/framework/src/Illuminate/Pipeline/Pipeline.php(180): Illuminate\\Foundation\\Http\\Kernel->Illuminate\\Foundation\\Http\\{closure}(Object(Illuminate\\Http\\Request))
#93 /home/techtaru/crm.techtaru.in/vendor/livewire/livewire/src/Features/SupportDisablingBackButtonCache/DisableBackButtonCacheMiddleware.php(19): Illuminate\\Pipeline\\Pipeline->Illuminate\\Pipeline\\{closure}(Object(Illuminate\\Http\\Request))
#94 /home/techtaru/crm.techtaru.in/vendor/laravel/framework/src/Illuminate/Pipeline/Pipeline.php(219): Livewire\\Features\\SupportDisablingBackButtonCache\\DisableBackButtonCacheMiddleware->handle(Object(Illuminate\\Http\\Request), Object(Closure))
#95 /home/techtaru/crm.techtaru.in/vendor/laravel/framework/src/Illuminate/Foundation/Http/Middleware/ConvertEmptyStringsToNull.php(27): Illuminate\\Pipeline\\Pipeline->Illuminate\\Pipeline\\{closure}(Object(Illuminate\\Http\\Request))
#96 /home/techtaru/crm.techtaru.in/vendor/laravel/framework/src/Illuminate/Pipeline/Pipeline.php(219): Illuminate\\Foundation\\Http\\Middleware\\ConvertEmptyStringsToNull->handle(Object(Illuminate\\Http\\Request), Object(Closure))
#97 /home/techtaru/crm.techtaru.in/vendor/laravel/framework/src/Illuminate/Foundation/Http/Middleware/TrimStrings.php(47): Illuminate\\Pipeline\\Pipeline->Illuminate\\Pipeline\\{closure}(Object(Illuminate\\Http\\Request))
#98 /home/techtaru/crm.techtaru.in/vendor/laravel/framework/src/Illuminate/Pipeline/Pipeline.php(219): Illuminate\\Foundation\\Http\\Middleware\\TrimStrings->handle(Object(Illuminate\\Http\\Request), Object(Closure))
#99 /home/techtaru/crm.techtaru.in/vendor/laravel/framework/src/Illuminate/Http/Middleware/ValidatePostSize.php(27): Illuminate\\Pipeline\\Pipeline->Illuminate\\Pipeline\\{closure}(Object(Illuminate\\Http\\Request))
#100 /home/techtaru/crm.techtaru.in/vendor/laravel/framework/src/Illuminate/Pipeline/Pipeline.php(219): Illuminate\\Http\\Middleware\\ValidatePostSize->handle(Object(Illuminate\\Http\\Request), Object(Closure))
#101 /home/techtaru/crm.techtaru.in/vendor/laravel/framework/src/Illuminate/Foundation/Http/Middleware/PreventRequestsDuringMaintenance.php(109): Illuminate\\Pipeline\\Pipeline->Illuminate\\Pipeline\\{closure}(Object(Illuminate\\Http\\Request))
#102 /home/techtaru/crm.techtaru.in/vendor/laravel/framework/src/Illuminate/Pipeline/Pipeline.php(219): Illuminate\\Foundation\\Http\\Middleware\\PreventRequestsDuringMaintenance->handle(Object(Illuminate\\Http\\Request), Object(Closure))
#103 /home/techtaru/crm.techtaru.in/vendor/laravel/framework/src/Illuminate/Http/Middleware/HandleCors.php(61): Illuminate\\Pipeline\\Pipeline->Illuminate\\Pipeline\\{closure}(Object(Illuminate\\Http\\Request))
#104 /home/techtaru/crm.techtaru.in/vendor/laravel/framework/src/Illuminate/Pipeline/Pipeline.php(219): Illuminate\\Http\\Middleware\\HandleCors->handle(Object(Illuminate\\Http\\Request), Object(Closure))
#105 /home/techtaru/crm.techtaru.in/vendor/laravel/framework/src/Illuminate/Http/Middleware/TrustProxies.php(58): Illuminate\\Pipeline\\Pipeline->Illuminate\\Pipeline\\{closure}(Object(Illuminate\\Http\\Request))
#106 /home/techtaru/crm.techtaru.in/vendor/laravel/framework/src/Illuminate/Pipeline/Pipeline.php(219): Illuminate\\Http\\Middleware\\TrustProxies->handle(Object(Illuminate\\Http\\Request), Object(Closure))
#107 /home/techtaru/crm.techtaru.in/vendor/laravel/framework/src/Illuminate/Foundation/Http/Middleware/InvokeDeferredCallbacks.php(22): Illuminate\\Pipeline\\Pipeline->Illuminate\\Pipeline\\{closure}(Object(Illuminate\\Http\\Request))
#108 /home/techtaru/crm.techtaru.in/vendor/laravel/framework/src/Illuminate/Pipeline/Pipeline.php(219): Illuminate\\Foundation\\Http\\Middleware\\InvokeDeferredCallbacks->handle(Object(Illuminate\\Http\\Request), Object(Closure))
#109 /home/techtaru/crm.techtaru.in/vendor/laravel/framework/src/Illuminate/Http/Middleware/ValidatePathEncoding.php(28): Illuminate\\Pipeline\\Pipeline->Illuminate\\Pipeline\\{closure}(Object(Illuminate\\Http\\Request))
#110 /home/techtaru/crm.techtaru.in/vendor/laravel/framework/src/Illuminate/Pipeline/Pipeline.php(219): Illuminate\\Http\\Middleware\\ValidatePathEncoding->handle(Object(Illuminate\\Http\\Request), Object(Closure))
#111 /home/techtaru/crm.techtaru.in/vendor/laravel/framework/src/Illuminate/Pipeline/Pipeline.php(137): Illuminate\\Pipeline\\Pipeline->Illuminate\\Pipeline\\{closure}(Object(Illuminate\\Http\\Request))
#112 /home/techtaru/crm.techtaru.in/vendor/laravel/framework/src/Illuminate/Foundation/Http/Kernel.php(175): Illuminate\\Pipeline\\Pipeline->then(Object(Closure))
#113 /home/techtaru/crm.techtaru.in/vendor/laravel/framework/src/Illuminate/Foundation/Http/Kernel.php(144): Illuminate\\Foundation\\Http\\Kernel->sendRequestThroughRouter(Object(Illuminate\\Http\\Request))
#114 /home/techtaru/crm.techtaru.in/vendor/laravel/framework/src/Illuminate/Foundation/Application.php(1220): Illuminate\\Foundation\\Http\\Kernel->handle(Object(Illuminate\\Http\\Request))
#115 /home/techtaru/crm.techtaru.in/public/index.php(119): Illuminate\\Foundation\\Application->handleRequest(Object(Illuminate\\Http\\Request))
#116 {main}
"} 
[2026-08-10 12:54:54] local.ERROR: ExportLeads job failed {"tenant_id":5,"user_id":4,"error":"An email must have a \"To\", \"Cc\", or \"Bcc\" header."} 
[2026-08-10 12:54:54] local.ERROR: App\Mail\LeadNotificationMail::__construct(): Argument #4 ($actionUrl) must be of type string, null given, called in /home/techtaru/crm.techtaru.in/app/Notifications/ExportFailedNotification.php on line 26 {"userId":4,"exception":"[object] (TypeError(code: 0): App\\Mail\\LeadNotificationMail::__construct(): Argument #4 ($actionUrl) must be of type string, null given, called in /home/techtaru/crm.techtaru.in/app/Notifications/ExportFailedNotification.php on line 26 at /home/techtaru/crm.techtaru.in/app/Mail/LeadNotificationMail.php:14)
[stacktrace]
#0 /home/techtaru/crm.techtaru.in/app/Notifications/ExportFailedNotification.php(26): App\\Mail\\LeadNotificationMail->__construct('Leads Export Fa...', 'Export Failed', Array, NULL, NULL)
#1 /home/techtaru/crm.techtaru.in/vendor/laravel/framework/src/Illuminate/Notifications/Channels/MailChannel.php(55): App\\Notifications\\ExportFailedNotification->toMail(Object(App\\Models\\User))
#2 /home/techtaru/crm.techtaru.in/vendor/laravel/framework/src/Illuminate/Notifications/NotificationSender.php(164): Illuminate\\Notifications\\Channels\\MailChannel->send(Object(App\\Models\\User), Object(App\\Notifications\\ExportFailedNotification))
#3 /home/techtaru/crm.techtaru.in/vendor/laravel/framework/src/Illuminate/Notifications/NotificationSender.php(119): Illuminate\\Notifications\\NotificationSender->sendToNotifiable(Object(App\\Models\\User), 'a47e4e28-221c-4...', Object(App\\Notifications\\ExportFailedNotification), 'mail')
#4 /home/techtaru/crm.techtaru.in/vendor/laravel/framework/src/Illuminate/Support/Traits/Localizable.php(19): Illuminate\\Notifications\\NotificationSender->Illuminate\\Notifications\\{closure}()
#5 /home/techtaru/crm.techtaru.in/vendor/laravel/framework/src/Illuminate/Notifications/NotificationSender.php(114): Illuminate\\Notifications\\NotificationSender->withLocale(NULL, Object(Closure))
#6 /home/techtaru/crm.techtaru.in/vendor/laravel/framework/src/Illuminate/Notifications/ChannelManager.php(61): Illuminate\\Notifications\\NotificationSender->sendNow(Object(Illuminate\\Database\\Eloquent\\Collection), Object(App\\Notifications\\ExportFailedNotification), Array)
#7 /home/techtaru/crm.techtaru.in/vendor/laravel/framework/src/Illuminate/Notifications/SendQueuedNotifications.php(130): Illuminate\\Notifications\\ChannelManager->sendNow(Object(Illuminate\\Database\\Eloquent\\Collection), Object(App\\Notifications\\ExportFailedNotification), Array)
#8 /home/techtaru/crm.techtaru.in/vendor/laravel/framework/src/Illuminate/Container/BoundMethod.php(36): Illuminate\\Notifications\\SendQueuedNotifications->handle(Object(Illuminate\\Notifications\\ChannelManager))
#9 /home/techtaru/crm.techtaru.in/vendor/laravel/framework/src/Illuminate/Container/Util.php(43): Illuminate\\Container\\BoundMethod::Illuminate\\Container\\{closure}()
#10 /home/techtaru/crm.techtaru.in/vendor/laravel/framework/src/Illuminate/Container/BoundMethod.php(96): Illuminate\\Container\\Util::unwrapIfClosure(Object(Closure))
#11 /home/techtaru/crm.techtaru.in/vendor/laravel/framework/src/Illuminate/Container/BoundMethod.php(35): Illuminate\\Container\\BoundMethod::callBoundMethod(Object(Illuminate\\Foundation\\Application), Array, Object(Closure))
#12 /home/techtaru/crm.techtaru.in/vendor/laravel/framework/src/Illuminate/Container/Container.php(799): Illuminate\\Container\\BoundMethod::call(Object(Illuminate\\Foundation\\Application), Array, Array, NULL)
#13 /home/techtaru/crm.techtaru.in/vendor/laravel/framework/src/Illuminate/Bus/Dispatcher.php(135): Illuminate\\Container\\Container->call(Array)
#14 /home/techtaru/crm.techtaru.in/vendor/laravel/framework/src/Illuminate/Pipeline/Pipeline.php(180): Illuminate\\Bus\\Dispatcher->Illuminate\\Bus\\{closure}(Object(Illuminate\\Notifications\\SendQueuedNotifications))
#15 /home/techtaru/crm.techtaru.in/vendor/laravel/framework/src/Illuminate/Pipeline/Pipeline.php(137): Illuminate\\Pipeline\\Pipeline->Illuminate\\Pipeline\\{closure}(Object(Illuminate\\Notifications\\SendQueuedNotifications))
#16 /home/techtaru/crm.techtaru.in/vendor/laravel/framework/src/Illuminate/Bus/Dispatcher.php(139): Illuminate\\Pipeline\\Pipeline->then(Object(Closure))
#17 /home/techtaru/crm.techtaru.in/vendor/laravel/framework/src/Illuminate/Queue/CallQueuedHandler.php(134): Illuminate\\Bus\\Dispatcher->dispatchNow(Object(Illuminate\\Notifications\\SendQueuedNotifications), false)
#18 /home/techtaru/crm.techtaru.in/vendor/laravel/framework/src/Illuminate/Pipeline/Pipeline.php(180): Illuminate\\Queue\\CallQueuedHandler->Illuminate\\Queue\\{closure}(Object(Illuminate\\Notifications\\SendQueuedNotifications))
#19 /home/techtaru/crm.techtaru.in/vendor/laravel/framework/src/Illuminate/Pipeline/Pipeline.php(137): Illuminate\\Pipeline\\Pipeline->Illuminate\\Pipeline\\{closure}(Object(Illuminate\\Notifications\\SendQueuedNotifications))
#20 /home/techtaru/crm.techtaru.in/vendor/laravel/framework/src/Illuminate/Queue/CallQueuedHandler.php(127): Illuminate\\Pipeline\\Pipeline->then(Object(Closure))
#21 /home/techtaru/crm.techtaru.in/vendor/laravel/framework/src/Illuminate/Queue/CallQueuedHandler.php(68): Illuminate\\Queue\\CallQueuedHandler->dispatchThroughMiddleware(Object(Illuminate\\Queue\\Jobs\\SyncJob), Object(Illuminate\\Notifications\\SendQueuedNotifications))
#22 /home/techtaru/crm.techtaru.in/vendor/laravel/framework/src/Illuminate/Queue/Jobs/Job.php(102): Illuminate\\Queue\\CallQueuedHandler->call(Object(Illuminate\\Queue\\Jobs\\SyncJob), Array)
#23 /home/techtaru/crm.techtaru.in/vendor/laravel/framework/src/Illuminate/Queue/SyncQueue.php(131): Illuminate\\Queue\\Jobs\\Job->fire()
#24 /home/techtaru/crm.techtaru.in/vendor/laravel/framework/src/Illuminate/Queue/SyncQueue.php(111): Illuminate\\Queue\\SyncQueue->executeJob(Object(Illuminate\\Notifications\\SendQueuedNotifications), '', NULL)
#25 /home/techtaru/crm.techtaru.in/vendor/laravel/framework/src/Illuminate/Bus/Dispatcher.php(258): Illuminate\\Queue\\SyncQueue->push(Object(Illuminate\\Notifications\\SendQueuedNotifications), '', NULL)
#26 /home/techtaru/crm.techtaru.in/vendor/laravel/framework/src/Illuminate/Bus/Dispatcher.php(238): Illuminate\\Bus\\Dispatcher->pushCommandToQueue(Object(Illuminate\\Queue\\SyncQueue), Object(Illuminate\\Notifications\\SendQueuedNotifications))
#27 /home/techtaru/crm.techtaru.in/vendor/laravel/framework/src/Illuminate/Bus/Dispatcher.php(86): Illuminate\\Bus\\Dispatcher->dispatchToQueue(Object(Illuminate\\Notifications\\SendQueuedNotifications))
#28 /home/techtaru/crm.techtaru.in/vendor/laravel/framework/src/Illuminate/Notifications/NotificationSender.php(280): Illuminate\\Bus\\Dispatcher->dispatch(Object(Illuminate\\Notifications\\SendQueuedNotifications))
#29 /home/techtaru/crm.techtaru.in/vendor/laravel/framework/src/Illuminate/Notifications/NotificationSender.php(89): Illuminate\\Notifications\\NotificationSender->queueNotification(Object(Illuminate\\Database\\Eloquent\\Collection), Object(App\\Notifications\\ExportFailedNotification))
#30 /home/techtaru/crm.techtaru.in/vendor/laravel/framework/src/Illuminate/Notifications/ChannelManager.php(48): Illuminate\\Notifications\\NotificationSender->send(Object(App\\Models\\User), Object(App\\Notifications\\ExportFailedNotification))
#31 /home/techtaru/crm.techtaru.in/vendor/laravel/framework/src/Illuminate/Notifications/RoutesNotifications.php(18): Illuminate\\Notifications\\ChannelManager->send(Object(App\\Models\\User), Object(App\\Notifications\\ExportFailedNotification))
#32 /home/techtaru/crm.techtaru.in/app/Jobs/ExportLeads.php(73): App\\Models\\User->notify(Object(App\\Notifications\\ExportFailedNotification))
#33 /home/techtaru/crm.techtaru.in/vendor/laravel/framework/src/Illuminate/Queue/CallQueuedHandler.php(347): App\\Jobs\\ExportLeads->failed(Object(Symfony\\Component\\Mime\\Exception\\LogicException))
#34 /home/techtaru/crm.techtaru.in/vendor/laravel/framework/src/Illuminate/Queue/Jobs/Job.php(254): Illuminate\\Queue\\CallQueuedHandler->failed(Array, Object(Symfony\\Component\\Mime\\Exception\\LogicException), '1d417729-eb51-4...', Object(Illuminate\\Queue\\Jobs\\SyncJob))
#35 /home/techtaru/crm.techtaru.in/vendor/laravel/framework/src/Illuminate/Queue/Jobs/Job.php(219): Illuminate\\Queue\\Jobs\\Job->failed(Object(Symfony\\Component\\Mime\\Exception\\LogicException))
#36 /home/techtaru/crm.techtaru.in/vendor/laravel/framework/src/Illuminate/Queue/SyncQueue.php(224): Illuminate\\Queue\\Jobs\\Job->fail(Object(Symfony\\Component\\Mime\\Exception\\LogicException))
#37 /home/techtaru/crm.techtaru.in/vendor/laravel/framework/src/Illuminate/Queue/SyncQueue.php(137): Illuminate\\Queue\\SyncQueue->handleException(Object(Illuminate\\Queue\\Jobs\\SyncJob), Object(Symfony\\Component\\Mime\\Exception\\LogicException))
#38 /home/techtaru/crm.techtaru.in/vendor/laravel/framework/src/Illuminate/Queue/SyncQueue.php(111): Illuminate\\Queue\\SyncQueue->executeJob(Object(App\\Jobs\\ExportLeads), '', 'exports')
#39 /home/techtaru/crm.techtaru.in/vendor/laravel/framework/src/Illuminate/Bus/Dispatcher.php(258): Illuminate\\Queue\\SyncQueue->push(Object(App\\Jobs\\ExportLeads), '', 'exports')
#40 /home/techtaru/crm.techtaru.in/vendor/laravel/framework/src/Illuminate/Bus/Dispatcher.php(238): Illuminate\\Bus\\Dispatcher->pushCommandToQueue(Object(Illuminate\\Queue\\SyncQueue), Object(App\\Jobs\\ExportLeads))
#41 /home/techtaru/crm.techtaru.in/vendor/laravel/framework/src/Illuminate/Bus/Dispatcher.php(86): Illuminate\\Bus\\Dispatcher->dispatchToQueue(Object(App\\Jobs\\ExportLeads))
#42 /home/techtaru/crm.techtaru.in/vendor/laravel/framework/src/Illuminate/Foundation/Bus/PendingDispatch.php(252): Illuminate\\Bus\\Dispatcher->dispatch(Object(App\\Jobs\\ExportLeads))
#43 /home/techtaru/crm.techtaru.in/vendor/laravel/framework/src/Illuminate/Foundation/Bus/Dispatchable.php(19): Illuminate\\Foundation\\Bus\\PendingDispatch->__destruct()
#44 /home/techtaru/crm.techtaru.in/app/Filament/Resources/LeadResource/Pages/ListLeads.php(208): App\\Jobs\\ExportLeads::dispatch(5, 4, Array)
#45 /home/techtaru/crm.techtaru.in/vendor/filament/support/src/Concerns/EvaluatesClosures.php(36): App\\Filament\\Resources\\LeadResource\\Pages\\ListLeads->App\\Filament\\Resources\\LeadResource\\Pages\\{closure}()
#46 /home/techtaru/crm.techtaru.in/vendor/filament/actions/src/Action.php(644): Filament\\Support\\Components\\Component->evaluate(Object(Closure), Array)
#47 /home/techtaru/crm.techtaru.in/vendor/filament/actions/src/Concerns/InteractsWithActions.php(269): Filament\\Actions\\Action->call(Array)
#48 /home/techtaru/crm.techtaru.in/vendor/filament/actions/src/Concerns/InteractsWithActions.php(184): Filament\\Pages\\BasePage->callMountedAction()
#49 /home/techtaru/crm.techtaru.in/vendor/laravel/framework/src/Illuminate/Container/BoundMethod.php(36): Filament\\Pages\\BasePage->mountAction('export', Array, Array)
#50 /home/techtaru/crm.techtaru.in/vendor/laravel/framework/src/Illuminate/Container/Util.php(43): Illuminate\\Container\\BoundMethod::Illuminate\\Container\\{closure}()
#51 /home/techtaru/crm.techtaru.in/vendor/laravel/framework/src/Illuminate/Container/BoundMethod.php(96): Illuminate\\Container\\Util::unwrapIfClosure(Object(Closure))
#52 /home/techtaru/crm.techtaru.in/vendor/laravel/framework/src/Illuminate/Container/BoundMethod.php(35): Illuminate\\Container\\BoundMethod::callBoundMethod(Object(Illuminate\\Foundation\\Application), Array, Object(Closure))
#53 /home/techtaru/crm.techtaru.in/vendor/livewire/livewire/src/Wrapped.php(23): Illuminate\\Container\\BoundMethod::call(Object(Illuminate\\Foundation\\Application), Array, Array)
#54 /home/techtaru/crm.techtaru.in/vendor/livewire/livewire/src/Mechanisms/HandleComponents/HandleComponents.php(492): Livewire\\Wrapped->__call('mountAction', Array)
#55 /home/techtaru/crm.techtaru.in/vendor/livewire/livewire/src/Mechanisms/HandleComponents/HandleComponents.php(101): Livewire\\Mechanisms\\HandleComponents\\HandleComponents->callMethods(Object(App\\Filament\\Resources\\LeadResource\\Pages\\ListLeads), Array, Object(Livewire\\Mechanisms\\HandleComponents\\ComponentContext))
#56 /home/techtaru/crm.techtaru.in/vendor/livewire/livewire/src/LivewireManager.php(102): Livewire\\Mechanisms\\HandleComponents\\HandleComponents->update(Array, Array, Array)
#57 /home/techtaru/crm.techtaru.in/vendor/livewire/livewire/src/Mechanisms/HandleRequests/HandleRequests.php(131): Livewire\\LivewireManager->update(Array, Array, Array)
#58 /home/techtaru/crm.techtaru.in/vendor/laravel/framework/src/Illuminate/Routing/ControllerDispatcher.php(46): Livewire\\Mechanisms\\HandleRequests\\HandleRequests->handleUpdate()
#59 /home/techtaru/crm.techtaru.in/vendor/laravel/framework/src/Illuminate/Routing/Route.php(269): Illuminate\\Routing\\ControllerDispatcher->dispatch(Object(Illuminate\\Routing\\Route), Object(Livewire\\Mechanisms\\HandleRequests\\HandleRequests), 'handleUpdate')
#60 /home/techtaru/crm.techtaru.in/vendor/laravel/framework/src/Illuminate/Routing/Route.php(215): Illuminate\\Routing\\Route->runController()
#61 /home/techtaru/crm.techtaru.in/vendor/laravel/framework/src/Illuminate/Routing/Router.php(822): Illuminate\\Routing\\Route->run()
#62 /home/techtaru/crm.techtaru.in/vendor/laravel/framework/src/Illuminate/Pipeline/Pipeline.php(180): Illuminate\\Routing\\Router->Illuminate\\Routing\\{closure}(Object(Illuminate\\Http\\Request))
#63 /home/techtaru/crm.techtaru.in/app/Http/Middleware/SecurityHeaders.php(39): Illuminate\\Pipeline\\Pipeline->Illuminate\\Pipeline\\{closure}(Object(Illuminate\\Http\\Request))
#64 /home/techtaru/crm.techtaru.in/vendor/laravel/framework/src/Illuminate/Pipeline/Pipeline.php(219): App\\Http\\Middleware\\SecurityHeaders->handle(Object(Illuminate\\Http\\Request), Object(Closure))
#65 /home/techtaru/crm.techtaru.in/app/Http/Middleware/SetLocale.php(108): Illuminate\\Pipeline\\Pipeline->Illuminate\\Pipeline\\{closure}(Object(Illuminate\\Http\\Request))
#66 /home/techtaru/crm.techtaru.in/vendor/laravel/framework/src/Illuminate/Pipeline/Pipeline.php(219): App\\Http\\Middleware\\SetLocale->handle(Object(Illuminate\\Http\\Request), Object(Closure))
#67 /home/techtaru/crm.techtaru.in/app/Http/Middleware/TrackUserSession.php(55): Illuminate\\Pipeline\\Pipeline->Illuminate\\Pipeline\\{closure}(Object(Illuminate\\Http\\Request))
#68 /home/techtaru/crm.techtaru.in/vendor/laravel/framework/src/Illuminate/Pipeline/Pipeline.php(219): App\\Http\\Middleware\\TrackUserSession->handle(Object(Illuminate\\Http\\Request), Object(Closure))
#69 /home/techtaru/crm.techtaru.in/app/Http/Middleware/ResolveTenant.php(45): Illuminate\\Pipeline\\Pipeline->Illuminate\\Pipeline\\{closure}(Object(Illuminate\\Http\\Request))
#70 /home/techtaru/crm.techtaru.in/vendor/laravel/framework/src/Illuminate/Pipeline/Pipeline.php(219): App\\Http\\Middleware\\ResolveTenant->handle(Object(Illuminate\\Http\\Request), Object(Closure))
#71 /home/techtaru/crm.techtaru.in/vendor/laravel/framework/src/Illuminate/Routing/Middleware/SubstituteBindings.php(52): Illuminate\\Pipeline\\Pipeline->Illuminate\\Pipeline\\{closure}(Object(Illuminate\\Http\\Request))
#72 /home/techtaru/crm.techtaru.in/vendor/laravel/framework/src/Illuminate/Pipeline/Pipeline.php(219): Illuminate\\Routing\\Middleware\\SubstituteBindings->handle(Object(Illuminate\\Http\\Request), Object(Closure))
#73 /home/techtaru/crm.techtaru.in/vendor/laravel/framework/src/Illuminate/Foundation/Http/Middleware/PreventRequestForgery.php(104): Illuminate\\Pipeline\\Pipeline->Illuminate\\Pipeline\\{closure}(Object(Illuminate\\Http\\Request))
#74 /home/techtaru/crm.techtaru.in/vendor/laravel/framework/src/Illuminate/Pipeline/Pipeline.php(219): Illuminate\\Foundation\\Http\\Middleware\\PreventRequestForgery->handle(Object(Illuminate\\Http\\Request), Object(Closure))
#75 /home/techtaru/crm.techtaru.in/vendor/laravel/framework/src/Illuminate/View/Middleware/ShareErrorsFromSession.php(48): Illuminate\\Pipeline\\Pipeline->Illuminate\\Pipeline\\{closure}(Object(Illuminate\\Http\\Request))
#76 /home/techtaru/crm.techtaru.in/vendor/laravel/framework/src/Illuminate/Pipeline/Pipeline.php(219): Illuminate\\View\\Middleware\\ShareErrorsFromSession->handle(Object(Illuminate\\Http\\Request), Object(Closure))
#77 /home/techtaru/crm.techtaru.in/vendor/laravel/framework/src/Illuminate/Session/Middleware/StartSession.php(120): Illuminate\\Pipeline\\Pipeline->Illuminate\\Pipeline\\{closure}(Object(Illuminate\\Http\\Request))
#78 /home/techtaru/crm.techtaru.in/vendor/laravel/framework/src/Illuminate/Session/Middleware/StartSession.php(63): Illuminate\\Session\\Middleware\\StartSession->handleStatefulRequest(Object(Illuminate\\Http\\Request), Object(Illuminate\\Session\\Store), Object(Closure))
#79 /home/techtaru/crm.techtaru.in/vendor/laravel/framework/src/Illuminate/Pipeline/Pipeline.php(219): Illuminate\\Session\\Middleware\\StartSession->handle(Object(Illuminate\\Http\\Request), Object(Closure))
#80 /home/techtaru/crm.techtaru.in/vendor/laravel/framework/src/Illuminate/Cookie/Middleware/AddQueuedCookiesToResponse.php(36): Illuminate\\Pipeline\\Pipeline->Illuminate\\Pipeline\\{closure}(Object(Illuminate\\Http\\Request))
#81 /home/techtaru/crm.techtaru.in/vendor/laravel/framework/src/Illuminate/Pipeline/Pipeline.php(219): Illuminate\\Cookie\\Middleware\\AddQueuedCookiesToResponse->handle(Object(Illuminate\\Http\\Request), Object(Closure))
#82 /home/techtaru/crm.techtaru.in/vendor/laravel/framework/src/Illuminate/Cookie/Middleware/EncryptCookies.php(74): Illuminate\\Pipeline\\Pipeline->Illuminate\\Pipeline\\{closure}(Object(Illuminate\\Http\\Request))
#83 /home/techtaru/crm.techtaru.in/vendor/laravel/framework/src/Illuminate/Pipeline/Pipeline.php(219): Illuminate\\Cookie\\Middleware\\EncryptCookies->handle(Object(Illuminate\\Http\\Request), Object(Closure))
#84 /home/techtaru/crm.techtaru.in/vendor/laravel/framework/src/Illuminate/Http/Middleware/TrustProxies.php(58): Illuminate\\Pipeline\\Pipeline->Illuminate\\Pipeline\\{closure}(Object(Illuminate\\Http\\Request))
#85 /home/techtaru/crm.techtaru.in/vendor/laravel/framework/src/Illuminate/Pipeline/Pipeline.php(219): Illuminate\\Http\\Middleware\\TrustProxies->handle(Object(Illuminate\\Http\\Request), Object(Closure))
#86 /home/techtaru/crm.techtaru.in/vendor/laravel/framework/src/Illuminate/Pipeline/Pipeline.php(137): Illuminate\\Pipeline\\Pipeline->Illuminate\\Pipeline\\{closure}(Object(Illuminate\\Http\\Request))
#87 /home/techtaru/crm.techtaru.in/vendor/laravel/framework/src/Illuminate/Routing/Router.php(821): Illuminate\\Pipeline\\Pipeline->then(Object(Closure))
#88 /home/techtaru/crm.techtaru.in/vendor/laravel/framework/src/Illuminate/Routing/Router.php(800): Illuminate\\Routing\\Router->runRouteWithinStack(Object(Illuminate\\Routing\\Route), Object(Illuminate\\Http\\Request))
#89 /home/techtaru/crm.techtaru.in/vendor/laravel/framework/src/Illuminate/Routing/Router.php(764): Illuminate\\Routing\\Router->runRoute(Object(Illuminate\\Http\\Request), Object(Illuminate\\Routing\\Route))
#90 /home/techtaru/crm.techtaru.in/vendor/laravel/framework/src/Illuminate/Routing/Router.php(753): Illuminate\\Routing\\Router->dispatchToRoute(Object(Illuminate\\Http\\Request))
#91 /home/techtaru/crm.techtaru.in/vendor/laravel/framework/src/Illuminate/Foundation/Http/Kernel.php(200): Illuminate\\Routing\\Router->dispatch(Object(Illuminate\\Http\\Request))
#92 /home/techtaru/crm.techtaru.in/vendor/laravel/framework/src/Illuminate/Pipeline/Pipeline.php(180): Illuminate\\Foundation\\Http\\Kernel->Illuminate\\Foundation\\Http\\{closure}(Object(Illuminate\\Http\\Request))
#93 /home/techtaru/crm.techtaru.in/vendor/livewire/livewire/src/Features/SupportDisablingBackButtonCache/DisableBackButtonCacheMiddleware.php(19): Illuminate\\Pipeline\\Pipeline->Illuminate\\Pipeline\\{closure}(Object(Illuminate\\Http\\Request))
#94 /home/techtaru/crm.techtaru.in/vendor/laravel/framework/src/Illuminate/Pipeline/Pipeline.php(219): Livewire\\Features\\SupportDisablingBackButtonCache\\DisableBackButtonCacheMiddleware->handle(Object(Illuminate\\Http\\Request), Object(Closure))
#95 /home/techtaru/crm.techtaru.in/vendor/laravel/framework/src/Illuminate/Foundation/Http/Middleware/ConvertEmptyStringsToNull.php(27): Illuminate\\Pipeline\\Pipeline->Illuminate\\Pipeline\\{closure}(Object(Illuminate\\Http\\Request))
#96 /home/techtaru/crm.techtaru.in/vendor/laravel/framework/src/Illuminate/Pipeline/Pipeline.php(219): Illuminate\\Foundation\\Http\\Middleware\\ConvertEmptyStringsToNull->handle(Object(Illuminate\\Http\\Request), Object(Closure))
#97 /home/techtaru/crm.techtaru.in/vendor/laravel/framework/src/Illuminate/Foundation/Http/Middleware/TrimStrings.php(47): Illuminate\\Pipeline\\Pipeline->Illuminate\\Pipeline\\{closure}(Object(Illuminate\\Http\\Request))
#98 /home/techtaru/crm.techtaru.in/vendor/laravel/framework/src/Illuminate/Pipeline/Pipeline.php(219): Illuminate\\Foundation\\Http\\Middleware\\TrimStrings->handle(Object(Illuminate\\Http\\Request), Object(Closure))
#99 /home/techtaru/crm.techtaru.in/vendor/laravel/framework/src/Illuminate/Http/Middleware/ValidatePostSize.php(27): Illuminate\\Pipeline\\Pipeline->Illuminate\\Pipeline\\{closure}(Object(Illuminate\\Http\\Request))
#100 /home/techtaru/crm.techtaru.in/vendor/laravel/framework/src/Illuminate/Pipeline/Pipeline.php(219): Illuminate\\Http\\Middleware\\ValidatePostSize->handle(Object(Illuminate\\Http\\Request), Object(Closure))
#101 /home/techtaru/crm.techtaru.in/vendor/laravel/framework/src/Illuminate/Foundation/Http/Middleware/PreventRequestsDuringMaintenance.php(109): Illuminate\\Pipeline\\Pipeline->Illuminate\\Pipeline\\{closure}(Object(Illuminate\\Http\\Request))
#102 /home/techtaru/crm.techtaru.in/vendor/laravel/framework/src/Illuminate/Pipeline/Pipeline.php(219): Illuminate\\Foundation\\Http\\Middleware\\PreventRequestsDuringMaintenance->handle(Object(Illuminate\\Http\\Request), Object(Closure))
#103 /home/techtaru/crm.techtaru.in/vendor/laravel/framework/src/Illuminate/Http/Middleware/HandleCors.php(61): Illuminate\\Pipeline\\Pipeline->Illuminate\\Pipeline\\{closure}(Object(Illuminate\\Http\\Request))
#104 /home/techtaru/crm.techtaru.in/vendor/laravel/framework/src/Illuminate/Pipeline/Pipeline.php(219): Illuminate\\Http\\Middleware\\HandleCors->handle(Object(Illuminate\\Http\\Request), Object(Closure))
#105 /home/techtaru/crm.techtaru.in/vendor/laravel/framework/src/Illuminate/Http/Middleware/TrustProxies.php(58): Illuminate\\Pipeline\\Pipeline->Illuminate\\Pipeline\\{closure}(Object(Illuminate\\Http\\Request))
#106 /home/techtaru/crm.techtaru.in/vendor/laravel/framework/src/Illuminate/Pipeline/Pipeline.php(219): Illuminate\\Http\\Middleware\\TrustProxies->handle(Object(Illuminate\\Http\\Request), Object(Closure))
#107 /home/techtaru/crm.techtaru.in/vendor/laravel/framework/src/Illuminate/Foundation/Http/Middleware/InvokeDeferredCallbacks.php(22): Illuminate\\Pipeline\\Pipeline->Illuminate\\Pipeline\\{closure}(Object(Illuminate\\Http\\Request))
#108 /home/techtaru/crm.techtaru.in/vendor/laravel/framework/src/Illuminate/Pipeline/Pipeline.php(219): Illuminate\\Foundation\\Http\\Middleware\\InvokeDeferredCallbacks->handle(Object(Illuminate\\Http\\Request), Object(Closure))
#109 /home/techtaru/crm.techtaru.in/vendor/laravel/framework/src/Illuminate/Http/Middleware/ValidatePathEncoding.php(28): Illuminate\\Pipeline\\Pipeline->Illuminate\\Pipeline\\{closure}(Object(Illuminate\\Http\\Request))
#110 /home/techtaru/crm.techtaru.in/vendor/laravel/framework/src/Illuminate/Pipeline/Pipeline.php(219): Illuminate\\Http\\Middleware\\ValidatePathEncoding->handle(Object(Illuminate\\Http\\Request), Object(Closure))
#111 /home/techtaru/crm.techtaru.in/vendor/laravel/framework/src/Illuminate/Pipeline/Pipeline.php(137): Illuminate\\Pipeline\\Pipeline->Illuminate\\Pipeline\\{closure}(Object(Illuminate\\Http\\Request))
#112 /home/techtaru/crm.techtaru.in/vendor/laravel/framework/src/Illuminate/Foundation/Http/Kernel.php(175): Illuminate\\Pipeline\\Pipeline->then(Object(Closure))
#113 /home/techtaru/crm.techtaru.in/vendor/laravel/framework/src/Illuminate/Foundation/Http/Kernel.php(144): Illuminate\\Foundation\\Http\\Kernel->sendRequestThroughRouter(Object(Illuminate\\Http\\Request))
#114 /home/techtaru/crm.techtaru.in/vendor/laravel/framework/src/Illuminate/Foundation/Application.php(1220): Illuminate\\Foundation\\Http\\Kernel->handle(Object(Illuminate\\Http\\Request))
#115 /home/techtaru/crm.techtaru.in/public/index.php(119): Illuminate\\Foundation\\Application->handleRequest(Object(Illuminate\\Http\\Request))
#116 {main}
"} 
[2026-08-10 12:55:30] local.ERROR: ExportLeads job failed {"tenant_id":5,"user_id":4,"error":"An email must have a \"To\", \"Cc\", or \"Bcc\" header."} 
[2026-08-10 12:55:30] local.ERROR: App\Mail\LeadNotificationMail::__construct(): Argument #4 ($actionUrl) must be of type string, null given, called in /home/techtaru/crm.techtaru.in/app/Notifications/ExportFailedNotification.php on line 26 {"userId":4,"exception":"[object] (TypeError(code: 0): App\\Mail\\LeadNotificationMail::__construct(): Argument #4 ($actionUrl) must be of type string, null given, called in /home/techtaru/crm.techtaru.in/app/Notifications/ExportFailedNotification.php on line 26 at /home/techtaru/crm.techtaru.in/app/Mail/LeadNotificationMail.php:14)
[stacktrace]
#0 /home/techtaru/crm.techtaru.in/app/Notifications/ExportFailedNotification.php(26): App\\Mail\\LeadNotificationMail->__construct('Leads Export Fa...', 'Export Failed', Array, NULL, NULL)
#1 /home/techtaru/crm.techtaru.in/vendor/laravel/framework/src/Illuminate/Notifications/Channels/MailChannel.php(55): App\\Notifications\\ExportFailedNotification->toMail(Object(App\\Models\\User))
#2 /home/techtaru/crm.techtaru.in/vendor/laravel/framework/src/Illuminate/Notifications/NotificationSender.php(164): Illuminate\\Notifications\\Channels\\MailChannel->send(Object(App\\Models\\User), Object(App\\Notifications\\ExportFailedNotification))
#3 /home/techtaru/crm.techtaru.in/vendor/laravel/framework/src/Illuminate/Notifications/NotificationSender.php(119): Illuminate\\Notifications\\NotificationSender->sendToNotifiable(Object(App\\Models\\User), '9deacf71-601e-4...', Object(App\\Notifications\\ExportFailedNotification), 'mail')
#4 /home/techtaru/crm.techtaru.in/vendor/laravel/framework/src/Illuminate/Support/Traits/Localizable.php(19): Illuminate\\Notifications\\NotificationSender->Illuminate\\Notifications\\{closure}()
#5 /home/techtaru/crm.techtaru.in/vendor/laravel/framework/src/Illuminate/Notifications/NotificationSender.php(114): Illuminate\\Notifications\\NotificationSender->withLocale(NULL, Object(Closure))
#6 /home/techtaru/crm.techtaru.in/vendor/laravel/framework/src/Illuminate/Notifications/ChannelManager.php(61): Illuminate\\Notifications\\NotificationSender->sendNow(Object(Illuminate\\Database\\Eloquent\\Collection), Object(App\\Notifications\\ExportFailedNotification), Array)
#7 /home/techtaru/crm.techtaru.in/vendor/laravel/framework/src/Illuminate/Notifications/SendQueuedNotifications.php(130): Illuminate\\Notifications\\ChannelManager->sendNow(Object(Illuminate\\Database\\Eloquent\\Collection), Object(App\\Notifications\\ExportFailedNotification), Array)
#8 /home/techtaru/crm.techtaru.in/vendor/laravel/framework/src/Illuminate/Container/BoundMethod.php(36): Illuminate\\Notifications\\SendQueuedNotifications->handle(Object(Illuminate\\Notifications\\ChannelManager))
#9 /home/techtaru/crm.techtaru.in/vendor/laravel/framework/src/Illuminate/Container/Util.php(43): Illuminate\\Container\\BoundMethod::Illuminate\\Container\\{closure}()
#10 /home/techtaru/crm.techtaru.in/vendor/laravel/framework/src/Illuminate/Container/BoundMethod.php(96): Illuminate\\Container\\Util::unwrapIfClosure(Object(Closure))
#11 /home/techtaru/crm.techtaru.in/vendor/laravel/framework/src/Illuminate/Container/BoundMethod.php(35): Illuminate\\Container\\BoundMethod::callBoundMethod(Object(Illuminate\\Foundation\\Application), Array, Object(Closure))
#12 /home/techtaru/crm.techtaru.in/vendor/laravel/framework/src/Illuminate/Container/Container.php(799): Illuminate\\Container\\BoundMethod::call(Object(Illuminate\\Foundation\\Application), Array, Array, NULL)
#13 /home/techtaru/crm.techtaru.in/vendor/laravel/framework/src/Illuminate/Bus/Dispatcher.php(135): Illuminate\\Container\\Container->call(Array)
#14 /home/techtaru/crm.techtaru.in/vendor/laravel/framework/src/Illuminate/Pipeline/Pipeline.php(180): Illuminate\\Bus\\Dispatcher->Illuminate\\Bus\\{closure}(Object(Illuminate\\Notifications\\SendQueuedNotifications))
#15 /home/techtaru/crm.techtaru.in/vendor/laravel/framework/src/Illuminate/Pipeline/Pipeline.php(137): Illuminate\\Pipeline\\Pipeline->Illuminate\\Pipeline\\{closure}(Object(Illuminate\\Notifications\\SendQueuedNotifications))
#16 /home/techtaru/crm.techtaru.in/vendor/laravel/framework/src/Illuminate/Bus/Dispatcher.php(139): Illuminate\\Pipeline\\Pipeline->then(Object(Closure))
#17 /home/techtaru/crm.techtaru.in/vendor/laravel/framework/src/Illuminate/Queue/CallQueuedHandler.php(134): Illuminate\\Bus\\Dispatcher->dispatchNow(Object(Illuminate\\Notifications\\SendQueuedNotifications), false)
#18 /home/techtaru/crm.techtaru.in/vendor/laravel/framework/src/Illuminate/Pipeline/Pipeline.php(180): Illuminate\\Queue\\CallQueuedHandler->Illuminate\\Queue\\{closure}(Object(Illuminate\\Notifications\\SendQueuedNotifications))
#19 /home/techtaru/crm.techtaru.in/vendor/laravel/framework/src/Illuminate/Pipeline/Pipeline.php(137): Illuminate\\Pipeline\\Pipeline->Illuminate\\Pipeline\\{closure}(Object(Illuminate\\Notifications\\SendQueuedNotifications))
#20 /home/techtaru/crm.techtaru.in/vendor/laravel/framework/src/Illuminate/Queue/CallQueuedHandler.php(127): Illuminate\\Pipeline\\Pipeline->then(Object(Closure))
#21 /home/techtaru/crm.techtaru.in/vendor/laravel/framework/src/Illuminate/Queue/CallQueuedHandler.php(68): Illuminate\\Queue\\CallQueuedHandler->dispatchThroughMiddleware(Object(Illuminate\\Queue\\Jobs\\SyncJob), Object(Illuminate\\Notifications\\SendQueuedNotifications))
#22 /home/techtaru/crm.techtaru.in/vendor/laravel/framework/src/Illuminate/Queue/Jobs/Job.php(102): Illuminate\\Queue\\CallQueuedHandler->call(Object(Illuminate\\Queue\\Jobs\\SyncJob), Array)
#23 /home/techtaru/crm.techtaru.in/vendor/laravel/framework/src/Illuminate/Queue/SyncQueue.php(131): Illuminate\\Queue\\Jobs\\Job->fire()
#24 /home/techtaru/crm.techtaru.in/vendor/laravel/framework/src/Illuminate/Queue/SyncQueue.php(111): Illuminate\\Queue\\SyncQueue->executeJob(Object(Illuminate\\Notifications\\SendQueuedNotifications), '', NULL)
#25 /home/techtaru/crm.techtaru.in/vendor/laravel/framework/src/Illuminate/Bus/Dispatcher.php(258): Illuminate\\Queue\\SyncQueue->push(Object(Illuminate\\Notifications\\SendQueuedNotifications), '', NULL)
#26 /home/techtaru/crm.techtaru.in/vendor/laravel/framework/src/Illuminate/Bus/Dispatcher.php(238): Illuminate\\Bus\\Dispatcher->pushCommandToQueue(Object(Illuminate\\Queue\\SyncQueue), Object(Illuminate\\Notifications\\SendQueuedNotifications))
#27 /home/techtaru/crm.techtaru.in/vendor/laravel/framework/src/Illuminate/Bus/Dispatcher.php(86): Illuminate\\Bus\\Dispatcher->dispatchToQueue(Object(Illuminate\\Notifications\\SendQueuedNotifications))
#28 /home/techtaru/crm.techtaru.in/vendor/laravel/framework/src/Illuminate/Notifications/NotificationSender.php(280): Illuminate\\Bus\\Dispatcher->dispatch(Object(Illuminate\\Notifications\\SendQueuedNotifications))
#29 /home/techtaru/crm.techtaru.in/vendor/laravel/framework/src/Illuminate/Notifications/NotificationSender.php(89): Illuminate\\Notifications\\NotificationSender->queueNotification(Object(Illuminate\\Database\\Eloquent\\Collection), Object(App\\Notifications\\ExportFailedNotification))
#30 /home/techtaru/crm.techtaru.in/vendor/laravel/framework/src/Illuminate/Notifications/ChannelManager.php(48): Illuminate\\Notifications\\NotificationSender->send(Object(App\\Models\\User), Object(App\\Notifications\\ExportFailedNotification))
#31 /home/techtaru/crm.techtaru.in/vendor/laravel/framework/src/Illuminate/Notifications/RoutesNotifications.php(18): Illuminate\\Notifications\\ChannelManager->send(Object(App\\Models\\User), Object(App\\Notifications\\ExportFailedNotification))
#32 /home/techtaru/crm.techtaru.in/app/Jobs/ExportLeads.php(73): App\\Models\\User->notify(Object(App\\Notifications\\ExportFailedNotification))
#33 /home/techtaru/crm.techtaru.in/vendor/laravel/framework/src/Illuminate/Queue/CallQueuedHandler.php(347): App\\Jobs\\ExportLeads->failed(Object(Symfony\\Component\\Mime\\Exception\\LogicException))
#34 /home/techtaru/crm.techtaru.in/vendor/laravel/framework/src/Illuminate/Queue/Jobs/Job.php(254): Illuminate\\Queue\\CallQueuedHandler->failed(Array, Object(Symfony\\Component\\Mime\\Exception\\LogicException), '4746b344-1182-4...', Object(Illuminate\\Queue\\Jobs\\SyncJob))
#35 /home/techtaru/crm.techtaru.in/vendor/laravel/framework/src/Illuminate/Queue/Jobs/Job.php(219): Illuminate\\Queue\\Jobs\\Job->failed(Object(Symfony\\Component\\Mime\\Exception\\LogicException))
#36 /home/techtaru/crm.techtaru.in/vendor/laravel/framework/src/Illuminate/Queue/SyncQueue.php(224): Illuminate\\Queue\\Jobs\\Job->fail(Object(Symfony\\Component\\Mime\\Exception\\LogicException))
#37 /home/techtaru/crm.techtaru.in/vendor/laravel/framework/src/Illuminate/Queue/SyncQueue.php(137): Illuminate\\Queue\\SyncQueue->handleException(Object(Illuminate\\Queue\\Jobs\\SyncJob), Object(Symfony\\Component\\Mime\\Exception\\LogicException))
#38 /home/techtaru/crm.techtaru.in/vendor/laravel/framework/src/Illuminate/Queue/SyncQueue.php(111): Illuminate\\Queue\\SyncQueue->executeJob(Object(App\\Jobs\\ExportLeads), '', 'exports')
#39 /home/techtaru/crm.techtaru.in/vendor/laravel/framework/src/Illuminate/Bus/Dispatcher.php(258): Illuminate\\Queue\\SyncQueue->push(Object(App\\Jobs\\ExportLeads), '', 'exports')
#40 /home/techtaru/crm.techtaru.in/vendor/laravel/framework/src/Illuminate/Bus/Dispatcher.php(238): Illuminate\\Bus\\Dispatcher->pushCommandToQueue(Object(Illuminate\\Queue\\SyncQueue), Object(App\\Jobs\\ExportLeads))
#41 /home/techtaru/crm.techtaru.in/vendor/laravel/framework/src/Illuminate/Bus/Dispatcher.php(86): Illuminate\\Bus\\Dispatcher->dispatchToQueue(Object(App\\Jobs\\ExportLeads))
#42 /home/techtaru/crm.techtaru.in/vendor/laravel/framework/src/Illuminate/Foundation/Bus/PendingDispatch.php(252): Illuminate\\Bus\\Dispatcher->dispatch(Object(App\\Jobs\\ExportLeads))
#43 /home/techtaru/crm.techtaru.in/vendor/laravel/framework/src/Illuminate/Foundation/Bus/Dispatchable.php(19): Illuminate\\Foundation\\Bus\\PendingDispatch->__destruct()
#44 /home/techtaru/crm.techtaru.in/app/Filament/Resources/LeadResource/Pages/ListLeads.php(208): App\\Jobs\\ExportLeads::dispatch(5, 4, Array)
#45 /home/techtaru/crm.techtaru.in/vendor/filament/support/src/Concerns/EvaluatesClosures.php(36): App\\Filament\\Resources\\LeadResource\\Pages\\ListLeads->App\\Filament\\Resources\\LeadResource\\Pages\\{closure}()
#46 /home/techtaru/crm.techtaru.in/vendor/filament/actions/src/Action.php(644): Filament\\Support\\Components\\Component->evaluate(Object(Closure), Array)
#47 /home/techtaru/crm.techtaru.in/vendor/filament/actions/src/Concerns/InteractsWithActions.php(269): Filament\\Actions\\Action->call(Array)
#48 /home/techtaru/crm.techtaru.in/vendor/filament/actions/src/Concerns/InteractsWithActions.php(184): Filament\\Pages\\BasePage->callMountedAction()
#49 /home/techtaru/crm.techtaru.in/vendor/laravel/framework/src/Illuminate/Container/BoundMethod.php(36): Filament\\Pages\\BasePage->mountAction('export', Array, Array)
#50 /home/techtaru/crm.techtaru.in/vendor/laravel/framework/src/Illuminate/Container/Util.php(43): Illuminate\\Container\\BoundMethod::Illuminate\\Container\\{closure}()
#51 /home/techtaru/crm.techtaru.in/vendor/laravel/framework/src/Illuminate/Container/BoundMethod.php(96): Illuminate\\Container\\Util::unwrapIfClosure(Object(Closure))
#52 /home/techtaru/crm.techtaru.in/vendor/laravel/framework/src/Illuminate/Container/BoundMethod.php(35): Illuminate\\Container\\BoundMethod::callBoundMethod(Object(Illuminate\\Foundation\\Application), Array, Object(Closure))
#53 /home/techtaru/crm.techtaru.in/vendor/livewire/livewire/src/Wrapped.php(23): Illuminate\\Container\\BoundMethod::call(Object(Illuminate\\Foundation\\Application), Array, Array)
#54 /home/techtaru/crm.techtaru.in/vendor/livewire/livewire/src/Mechanisms/HandleComponents/HandleComponents.php(492): Livewire\\Wrapped->__call('mountAction', Array)
#55 /home/techtaru/crm.techtaru.in/vendor/livewire/livewire/src/Mechanisms/HandleComponents/HandleComponents.php(101): Livewire\\Mechanisms\\HandleComponents\\HandleComponents->callMethods(Object(App\\Filament\\Resources\\LeadResource\\Pages\\ListLeads), Array, Object(Livewire\\Mechanisms\\HandleComponents\\ComponentContext))
#56 /home/techtaru/crm.techtaru.in/vendor/livewire/livewire/src/LivewireManager.php(102): Livewire\\Mechanisms\\HandleComponents\\HandleComponents->update(Array, Array, Array)
#57 /home/techtaru/crm.techtaru.in/vendor/livewire/livewire/src/Mechanisms/HandleRequests/HandleRequests.php(131): Livewire\\LivewireManager->update(Array, Array, Array)
#58 /home/techtaru/crm.techtaru.in/vendor/laravel/framework/src/Illuminate/Routing/ControllerDispatcher.php(46): Livewire\\Mechanisms\\HandleRequests\\HandleRequests->handleUpdate()
#59 /home/techtaru/crm.techtaru.in/vendor/laravel/framework/src/Illuminate/Routing/Route.php(269): Illuminate\\Routing\\ControllerDispatcher->dispatch(Object(Illuminate\\Routing\\Route), Object(Livewire\\Mechanisms\\HandleRequests\\HandleRequests), 'handleUpdate')
#60 /home/techtaru/crm.techtaru.in/vendor/laravel/framework/src/Illuminate/Routing/Route.php(215): Illuminate\\Routing\\Route->runController()
#61 /home/techtaru/crm.techtaru.in/vendor/laravel/framework/src/Illuminate/Routing/Router.php(822): Illuminate\\Routing\\Route->run()
#62 /home/techtaru/crm.techtaru.in/vendor/laravel/framework/src/Illuminate/Pipeline/Pipeline.php(180): Illuminate\\Routing\\Router->Illuminate\\Routing\\{closure}(Object(Illuminate\\Http\\Request))
#63 /home/techtaru/crm.techtaru.in/app/Http/Middleware/SecurityHeaders.php(39): Illuminate\\Pipeline\\Pipeline->Illuminate\\Pipeline\\{closure}(Object(Illuminate\\Http\\Request))
#64 /home/techtaru/crm.techtaru.in/vendor/laravel/framework/src/Illuminate/Pipeline/Pipeline.php(219): App\\Http\\Middleware\\SecurityHeaders->handle(Object(Illuminate\\Http\\Request), Object(Closure))
#65 /home/techtaru/crm.techtaru.in/app/Http/Middleware/SetLocale.php(108): Illuminate\\Pipeline\\Pipeline->Illuminate\\Pipeline\\{closure}(Object(Illuminate\\Http\\Request))
#66 /home/techtaru/crm.techtaru.in/vendor/laravel/framework/src/Illuminate/Pipeline/Pipeline.php(219): App\\Http\\Middleware\\SetLocale->handle(Object(Illuminate\\Http\\Request), Object(Closure))
#67 /home/techtaru/crm.techtaru.in/app/Http/Middleware/TrackUserSession.php(55): Illuminate\\Pipeline\\Pipeline->Illuminate\\Pipeline\\{closure}(Object(Illuminate\\Http\\Request))
#68 /home/techtaru/crm.techtaru.in/vendor/laravel/framework/src/Illuminate/Pipeline/Pipeline.php(219): App\\Http\\Middleware\\TrackUserSession->handle(Object(Illuminate\\Http\\Request), Object(Closure))
#69 /home/techtaru/crm.techtaru.in/app/Http/Middleware/ResolveTenant.php(45): Illuminate\\Pipeline\\Pipeline->Illuminate\\Pipeline\\{closure}(Object(Illuminate\\Http\\Request))
#70 /home/techtaru/crm.techtaru.in/vendor/laravel/framework/src/Illuminate/Pipeline/Pipeline.php(219): App\\Http\\Middleware\\ResolveTenant->handle(Object(Illuminate\\Http\\Request), Object(Closure))
#71 /home/techtaru/crm.techtaru.in/vendor/laravel/framework/src/Illuminate/Routing/Middleware/SubstituteBindings.php(52): Illuminate\\Pipeline\\Pipeline->Illuminate\\Pipeline\\{closure}(Object(Illuminate\\Http\\Request))
#72 /home/techtaru/crm.techtaru.in/vendor/laravel/framework/src/Illuminate/Pipeline/Pipeline.php(219): Illuminate\\Routing\\Middleware\\SubstituteBindings->handle(Object(Illuminate\\Http\\Request), Object(Closure))
#73 /home/techtaru/crm.techtaru.in/vendor/laravel/framework/src/Illuminate/Foundation/Http/Middleware/PreventRequestForgery.php(104): Illuminate\\Pipeline\\Pipeline->Illuminate\\Pipeline\\{closure}(Object(Illuminate\\Http\\Request))
#74 /home/techtaru/crm.techtaru.in/vendor/laravel/framework/src/Illuminate/Pipeline/Pipeline.php(219): Illuminate\\Foundation\\Http\\Middleware\\PreventRequestForgery->handle(Object(Illuminate\\Http\\Request), Object(Closure))
#75 /home/techtaru/crm.techtaru.in/vendor/laravel/framework/src/Illuminate/View/Middleware/ShareErrorsFromSession.php(48): Illuminate\\Pipeline\\Pipeline->Illuminate\\Pipeline\\{closure}(Object(Illuminate\\Http\\Request))
#76 /home/techtaru/crm.techtaru.in/vendor/laravel/framework/src/Illuminate/Pipeline/Pipeline.php(219): Illuminate\\View\\Middleware\\ShareErrorsFromSession->handle(Object(Illuminate\\Http\\Request), Object(Closure))
#77 /home/techtaru/crm.techtaru.in/vendor/laravel/framework/src/Illuminate/Session/Middleware/StartSession.php(120): Illuminate\\Pipeline\\Pipeline->Illuminate\\Pipeline\\{closure}(Object(Illuminate\\Http\\Request))
#78 /home/techtaru/crm.techtaru.in/vendor/laravel/framework/src/Illuminate/Session/Middleware/StartSession.php(63): Illuminate\\Session\\Middleware\\StartSession->handleStatefulRequest(Object(Illuminate\\Http\\Request), Object(Illuminate\\Session\\Store), Object(Closure))
#79 /home/techtaru/crm.techtaru.in/vendor/laravel/framework/src/Illuminate/Pipeline/Pipeline.php(219): Illuminate\\Session\\Middleware\\StartSession->handle(Object(Illuminate\\Http\\Request), Object(Closure))
#80 /home/techtaru/crm.techtaru.in/vendor/laravel/framework/src/Illuminate/Cookie/Middleware/AddQueuedCookiesToResponse.php(36): Illuminate\\Pipeline\\Pipeline->Illuminate\\Pipeline\\{closure}(Object(Illuminate\\Http\\Request))
#81 /home/techtaru/crm.techtaru.in/vendor/laravel/framework/src/Illuminate/Pipeline/Pipeline.php(219): Illuminate\\Cookie\\Middleware\\AddQueuedCookiesToResponse->handle(Object(Illuminate\\Http\\Request), Object(Closure))
#82 /home/techtaru/crm.techtaru.in/vendor/laravel/framework/src/Illuminate/Cookie/Middleware/EncryptCookies.php(74): Illuminate\\Pipeline\\Pipeline->Illuminate\\Pipeline\\{closure}(Object(Illuminate\\Http\\Request))
#83 /home/techtaru/crm.techtaru.in/vendor/laravel/framework/src/Illuminate/Pipeline/Pipeline.php(219): Illuminate\\Cookie\\Middleware\\EncryptCookies->handle(Object(Illuminate\\Http\\Request), Object(Closure))
#84 /home/techtaru/crm.techtaru.in/vendor/laravel/framework/src/Illuminate/Http/Middleware/TrustProxies.php(58): Illuminate\\Pipeline\\Pipeline->Illuminate\\Pipeline\\{closure}(Object(Illuminate\\Http\\Request))
#85 /home/techtaru/crm.techtaru.in/vendor/laravel/framework/src/Illuminate/Pipeline/Pipeline.php(219): Illuminate\\Http\\Middleware\\TrustProxies->handle(Object(Illuminate\\Http\\Request), Object(Closure))
#86 /home/techtaru/crm.techtaru.in/vendor/laravel/framework/src/Illuminate/Pipeline/Pipeline.php(137): Illuminate\\Pipeline\\Pipeline->Illuminate\\Pipeline\\{closure}(Object(Illuminate\\Http\\Request))
#87 /home/techtaru/crm.techtaru.in/vendor/laravel/framework/src/Illuminate/Routing/Router.php(821): Illuminate\\Pipeline\\Pipeline->then(Object(Closure))
#88 /home/techtaru/crm.techtaru.in/vendor/laravel/framework/src/Illuminate/Routing/Router.php(800): Illuminate\\Routing\\Router->runRouteWithinStack(Object(Illuminate\\Routing\\Route), Object(Illuminate\\Http\\Request))
#89 /home/techtaru/crm.techtaru.in/vendor/laravel/framework/src/Illuminate/Routing/Router.php(764): Illuminate\\Routing\\Router->runRoute(Object(Illuminate\\Http\\Request), Object(Illuminate\\Routing\\Route))
#90 /home/techtaru/crm.techtaru.in/vendor/laravel/framework/src/Illuminate/Routing/Router.php(753): Illuminate\\Routing\\Router->dispatchToRoute(Object(Illuminate\\Http\\Request))
#91 /home/techtaru/crm.techtaru.in/vendor/laravel/framework/src/Illuminate/Foundation/Http/Kernel.php(200): Illuminate\\Routing\\Router->dispatch(Object(Illuminate\\Http\\Request))
#92 /home/techtaru/crm.techtaru.in/vendor/laravel/framework/src/Illuminate/Pipeline/Pipeline.php(180): Illuminate\\Foundation\\Http\\Kernel->Illuminate\\Foundation\\Http\\{closure}(Object(Illuminate\\Http\\Request))
#93 /home/techtaru/crm.techtaru.in/vendor/livewire/livewire/src/Features/SupportDisablingBackButtonCache/DisableBackButtonCacheMiddleware.php(19): Illuminate\\Pipeline\\Pipeline->Illuminate\\Pipeline\\{closure}(Object(Illuminate\\Http\\Request))
#94 /home/techtaru/crm.techtaru.in/vendor/laravel/framework/src/Illuminate/Pipeline/Pipeline.php(219): Livewire\\Features\\SupportDisablingBackButtonCache\\DisableBackButtonCacheMiddleware->handle(Object(Illuminate\\Http\\Request), Object(Closure))
#95 /home/techtaru/crm.techtaru.in/vendor/laravel/framework/src/Illuminate/Foundation/Http/Middleware/ConvertEmptyStringsToNull.php(27): Illuminate\\Pipeline\\Pipeline->Illuminate\\Pipeline\\{closure}(Object(Illuminate\\Http\\Request))
#96 /home/techtaru/crm.techtaru.in/vendor/laravel/framework/src/Illuminate/Pipeline/Pipeline.php(219): Illuminate\\Foundation\\Http\\Middleware\\ConvertEmptyStringsToNull->handle(Object(Illuminate\\Http\\Request), Object(Closure))
#97 /home/techtaru/crm.techtaru.in/vendor/laravel/framework/src/Illuminate/Foundation/Http/Middleware/TrimStrings.php(47): Illuminate\\Pipeline\\Pipeline->Illuminate\\Pipeline\\{closure}(Object(Illuminate\\Http\\Request))
#98 /home/techtaru/crm.techtaru.in/vendor/laravel/framework/src/Illuminate/Pipeline/Pipeline.php(219): Illuminate\\Foundation\\Http\\Middleware\\TrimStrings->handle(Object(Illuminate\\Http\\Request), Object(Closure))
#99 /home/techtaru/crm.techtaru.in/vendor/laravel/framework/src/Illuminate/Http/Middleware/ValidatePostSize.php(27): Illuminate\\Pipeline\\Pipeline->Illuminate\\Pipeline\\{closure}(Object(Illuminate\\Http\\Request))
#100 /home/techtaru/crm.techtaru.in/vendor/laravel/framework/src/Illuminate/Pipeline/Pipeline.php(219): Illuminate\\Http\\Middleware\\ValidatePostSize->handle(Object(Illuminate\\Http\\Request), Object(Closure))
#101 /home/techtaru/crm.techtaru.in/vendor/laravel/framework/src/Illuminate/Foundation/Http/Middleware/PreventRequestsDuringMaintenance.php(109): Illuminate\\Pipeline\\Pipeline->Illuminate\\Pipeline\\{closure}(Object(Illuminate\\Http\\Request))
#102 /home/techtaru/crm.techtaru.in/vendor/laravel/framework/src/Illuminate/Pipeline/Pipeline.php(219): Illuminate\\Foundation\\Http\\Middleware\\PreventRequestsDuringMaintenance->handle(Object(Illuminate\\Http\\Request), Object(Closure))
#103 /home/techtaru/crm.techtaru.in/vendor/laravel/framework/src/Illuminate/Http/Middleware/HandleCors.php(61): Illuminate\\Pipeline\\Pipeline->Illuminate\\Pipeline\\{closure}(Object(Illuminate\\Http\\Request))
#104 /home/techtaru/crm.techtaru.in/vendor/laravel/framework/src/Illuminate/Pipeline/Pipeline.php(219): Illuminate\\Http\\Middleware\\HandleCors->handle(Object(Illuminate\\Http\\Request), Object(Closure))
#105 /home/techtaru/crm.techtaru.in/vendor/laravel/framework/src/Illuminate/Http/Middleware/TrustProxies.php(58): Illuminate\\Pipeline\\Pipeline->Illuminate\\Pipeline\\{closure}(Object(Illuminate\\Http\\Request))
#106 /home/techtaru/crm.techtaru.in/vendor/laravel/framework/src/Illuminate/Pipeline/Pipeline.php(219): Illuminate\\Http\\Middleware\\TrustProxies->handle(Object(Illuminate\\Http\\Request), Object(Closure))
#107 /home/techtaru/crm.techtaru.in/vendor/laravel/framework/src/Illuminate/Foundation/Http/Middleware/InvokeDeferredCallbacks.php(22): Illuminate\\Pipeline\\Pipeline->Illuminate\\Pipeline\\{closure}(Object(Illuminate\\Http\\Request))
#108 /home/techtaru/crm.techtaru.in/vendor/laravel/framework/src/Illuminate/Pipeline/Pipeline.php(219): Illuminate\\Foundation\\Http\\Middleware\\InvokeDeferredCallbacks->handle(Object(Illuminate\\Http\\Request), Object(Closure))
#109 /home/techtaru/crm.techtaru.in/vendor/laravel/framework/src/Illuminate/Http/Middleware/ValidatePathEncoding.php(28): Illuminate\\Pipeline\\Pipeline->Illuminate\\Pipeline\\{closure}(Object(Illuminate\\Http\\Request))
#110 /home/techtaru/crm.techtaru.in/vendor/laravel/framework/src/Illuminate/Pipeline/Pipeline.php(219): Illuminate\\Http\\Middleware\\ValidatePathEncoding->handle(Object(Illuminate\\Http\\Request), Object(Closure))
#111 /home/techtaru/crm.techtaru.in/vendor/laravel/framework/src/Illuminate/Pipeline/Pipeline.php(137): Illuminate\\Pipeline\\Pipeline->Illuminate\\Pipeline\\{closure}(Object(Illuminate\\Http\\Request))
#112 /home/techtaru/crm.techtaru.in/vendor/laravel/framework/src/Illuminate/Foundation/Http/Kernel.php(175): Illuminate\\Pipeline\\Pipeline->then(Object(Closure))
#113 /home/techtaru/crm.techtaru.in/vendor/laravel/framework/src/Illuminate/Foundation/Http/Kernel.php(144): Illuminate\\Foundation\\Http\\Kernel->sendRequestThroughRouter(Object(Illuminate\\Http\\Request))
#114 /home/techtaru/crm.techtaru.in/vendor/laravel/framework/src/Illuminate/Foundation/Application.php(1220): Illuminate\\Foundation\\Http\\Kernel->handle(Object(Illuminate\\Http\\Request))
#115 /home/techtaru/crm.techtaru.in/public/index.php(119): Illuminate\\Foundation\\Application->handleRequest(Object(Illuminate\\Http\\Request))
#116 {main}
"} 
[2026-08-11 07:13:28] local.ERROR: ExportLeads job failed {"tenant_id":5,"user_id":4,"error":"An email must have a \"To\", \"Cc\", or \"Bcc\" header."} 
[2026-08-11 07:13:28] local.ERROR: App\Mail\LeadNotificationMail::__construct(): Argument #4 ($actionUrl) must be of type string, null given, called in /home/techtaru/crm.techtaru.in/app/Notifications/ExportFailedNotification.php on line 26 {"userId":4,"exception":"[object] (TypeError(code: 0): App\\Mail\\LeadNotificationMail::__construct(): Argument #4 ($actionUrl) must be of type string, null given, called in /home/techtaru/crm.techtaru.in/app/Notifications/ExportFailedNotification.php on line 26 at /home/techtaru/crm.techtaru.in/app/Mail/LeadNotificationMail.php:14)
[stacktrace]
#0 /home/techtaru/crm.techtaru.in/app/Notifications/ExportFailedNotification.php(26): App\\Mail\\LeadNotificationMail->__construct('Leads Export Fa...', 'Export Failed', Array, NULL, NULL)
#1 /home/techtaru/crm.techtaru.in/vendor/laravel/framework/src/Illuminate/Notifications/Channels/MailChannel.php(55): App\\Notifications\\ExportFailedNotification->toMail(Object(App\\Models\\User))
#2 /home/techtaru/crm.techtaru.in/vendor/laravel/framework/src/Illuminate/Notifications/NotificationSender.php(164): Illuminate\\Notifications\\Channels\\MailChannel->send(Object(App\\Models\\User), Object(App\\Notifications\\ExportFailedNotification))
#3 /home/techtaru/crm.techtaru.in/vendor/laravel/framework/src/Illuminate/Notifications/NotificationSender.php(119): Illuminate\\Notifications\\NotificationSender->sendToNotifiable(Object(App\\Models\\User), '0b0547a0-dcfc-4...', Object(App\\Notifications\\ExportFailedNotification), 'mail')
#4 /home/techtaru/crm.techtaru.in/vendor/laravel/framework/src/Illuminate/Support/Traits/Localizable.php(19): Illuminate\\Notifications\\NotificationSender->Illuminate\\Notifications\\{closure}()
#5 /home/techtaru/crm.techtaru.in/vendor/laravel/framework/src/Illuminate/Notifications/NotificationSender.php(114): Illuminate\\Notifications\\NotificationSender->withLocale(NULL, Object(Closure))
#6 /home/techtaru/crm.techtaru.in/vendor/laravel/framework/src/Illuminate/Notifications/ChannelManager.php(61): Illuminate\\Notifications\\NotificationSender->sendNow(Object(Illuminate\\Database\\Eloquent\\Collection), Object(App\\Notifications\\ExportFailedNotification), Array)
#7 /home/techtaru/crm.techtaru.in/vendor/laravel/framework/src/Illuminate/Notifications/SendQueuedNotifications.php(130): Illuminate\\Notifications\\ChannelManager->sendNow(Object(Illuminate\\Database\\Eloquent\\Collection), Object(App\\Notifications\\ExportFailedNotification), Array)
#8 /home/techtaru/crm.techtaru.in/vendor/laravel/framework/src/Illuminate/Container/BoundMethod.php(36): Illuminate\\Notifications\\SendQueuedNotifications->handle(Object(Illuminate\\Notifications\\ChannelManager))
#9 /home/techtaru/crm.techtaru.in/vendor/laravel/framework/src/Illuminate/Container/Util.php(43): Illuminate\\Container\\BoundMethod::Illuminate\\Container\\{closure}()
#10 /home/techtaru/crm.techtaru.in/vendor/laravel/framework/src/Illuminate/Container/BoundMethod.php(96): Illuminate\\Container\\Util::unwrapIfClosure(Object(Closure))
#11 /home/techtaru/crm.techtaru.in/vendor/laravel/framework/src/Illuminate/Container/BoundMethod.php(35): Illuminate\\Container\\BoundMethod::callBoundMethod(Object(Illuminate\\Foundation\\Application), Array, Object(Closure))
#12 /home/techtaru/crm.techtaru.in/vendor/laravel/framework/src/Illuminate/Container/Container.php(799): Illuminate\\Container\\BoundMethod::call(Object(Illuminate\\Foundation\\Application), Array, Array, NULL)
#13 /home/techtaru/crm.techtaru.in/vendor/laravel/framework/src/Illuminate/Bus/Dispatcher.php(135): Illuminate\\Container\\Container->call(Array)
#14 /home/techtaru/crm.techtaru.in/vendor/laravel/framework/src/Illuminate/Pipeline/Pipeline.php(180): Illuminate\\Bus\\Dispatcher->Illuminate\\Bus\\{closure}(Object(Illuminate\\Notifications\\SendQueuedNotifications))
#15 /home/techtaru/crm.techtaru.in/vendor/laravel/framework/src/Illuminate/Pipeline/Pipeline.php(137): Illuminate\\Pipeline\\Pipeline->Illuminate\\Pipeline\\{closure}(Object(Illuminate\\Notifications\\SendQueuedNotifications))
#16 /home/techtaru/crm.techtaru.in/vendor/laravel/framework/src/Illuminate/Bus/Dispatcher.php(139): Illuminate\\Pipeline\\Pipeline->then(Object(Closure))
#17 /home/techtaru/crm.techtaru.in/vendor/laravel/framework/src/Illuminate/Queue/CallQueuedHandler.php(134): Illuminate\\Bus\\Dispatcher->dispatchNow(Object(Illuminate\\Notifications\\SendQueuedNotifications), false)
#18 /home/techtaru/crm.techtaru.in/vendor/laravel/framework/src/Illuminate/Pipeline/Pipeline.php(180): Illuminate\\Queue\\CallQueuedHandler->Illuminate\\Queue\\{closure}(Object(Illuminate\\Notifications\\SendQueuedNotifications))
#19 /home/techtaru/crm.techtaru.in/vendor/laravel/framework/src/Illuminate/Pipeline/Pipeline.php(137): Illuminate\\Pipeline\\Pipeline->Illuminate\\Pipeline\\{closure}(Object(Illuminate\\Notifications\\SendQueuedNotifications))
#20 /home/techtaru/crm.techtaru.in/vendor/laravel/framework/src/Illuminate/Queue/CallQueuedHandler.php(127): Illuminate\\Pipeline\\Pipeline->then(Object(Closure))
#21 /home/techtaru/crm.techtaru.in/vendor/laravel/framework/src/Illuminate/Queue/CallQueuedHandler.php(68): Illuminate\\Queue\\CallQueuedHandler->dispatchThroughMiddleware(Object(Illuminate\\Queue\\Jobs\\SyncJob), Object(Illuminate\\Notifications\\SendQueuedNotifications))
#22 /home/techtaru/crm.techtaru.in/vendor/laravel/framework/src/Illuminate/Queue/Jobs/Job.php(102): Illuminate\\Queue\\CallQueuedHandler->call(Object(Illuminate\\Queue\\Jobs\\SyncJob), Array)
#23 /home/techtaru/crm.techtaru.in/vendor/laravel/framework/src/Illuminate/Queue/SyncQueue.php(131): Illuminate\\Queue\\Jobs\\Job->fire()
#24 /home/techtaru/crm.techtaru.in/vendor/laravel/framework/src/Illuminate/Queue/SyncQueue.php(111): Illuminate\\Queue\\SyncQueue->executeJob(Object(Illuminate\\Notifications\\SendQueuedNotifications), '', NULL)
#25 /home/techtaru/crm.techtaru.in/vendor/laravel/framework/src/Illuminate/Bus/Dispatcher.php(258): Illuminate\\Queue\\SyncQueue->push(Object(Illuminate\\Notifications\\SendQueuedNotifications), '', NULL)
#26 /home/techtaru/crm.techtaru.in/vendor/laravel/framework/src/Illuminate/Bus/Dispatcher.php(238): Illuminate\\Bus\\Dispatcher->pushCommandToQueue(Object(Illuminate\\Queue\\SyncQueue), Object(Illuminate\\Notifications\\SendQueuedNotifications))
#27 /home/techtaru/crm.techtaru.in/vendor/laravel/framework/src/Illuminate/Bus/Dispatcher.php(86): Illuminate\\Bus\\Dispatcher->dispatchToQueue(Object(Illuminate\\Notifications\\SendQueuedNotifications))
#28 /home/techtaru/crm.techtaru.in/vendor/laravel/framework/src/Illuminate/Notifications/NotificationSender.php(280): Illuminate\\Bus\\Dispatcher->dispatch(Object(Illuminate\\Notifications\\SendQueuedNotifications))
#29 /home/techtaru/crm.techtaru.in/vendor/laravel/framework/src/Illuminate/Notifications/NotificationSender.php(89): Illuminate\\Notifications\\NotificationSender->queueNotification(Object(Illuminate\\Database\\Eloquent\\Collection), Object(App\\Notifications\\ExportFailedNotification))
#30 /home/techtaru/crm.techtaru.in/vendor/laravel/framework/src/Illuminate/Notifications/ChannelManager.php(48): Illuminate\\Notifications\\NotificationSender->send(Object(App\\Models\\User), Object(App\\Notifications\\ExportFailedNotification))
#31 /home/techtaru/crm.techtaru.in/vendor/laravel/framework/src/Illuminate/Notifications/RoutesNotifications.php(18): Illuminate\\Notifications\\ChannelManager->send(Object(App\\Models\\User), Object(App\\Notifications\\ExportFailedNotification))
#32 /home/techtaru/crm.techtaru.in/app/Jobs/ExportLeads.php(73): App\\Models\\User->notify(Object(App\\Notifications\\ExportFailedNotification))
#33 /home/techtaru/crm.techtaru.in/vendor/laravel/framework/src/Illuminate/Queue/CallQueuedHandler.php(347): App\\Jobs\\ExportLeads->failed(Object(Symfony\\Component\\Mime\\Exception\\LogicException))
#34 /home/techtaru/crm.techtaru.in/vendor/laravel/framework/src/Illuminate/Queue/Jobs/Job.php(254): Illuminate\\Queue\\CallQueuedHandler->failed(Array, Object(Symfony\\Component\\Mime\\Exception\\LogicException), '3f430273-dae7-4...', Object(Illuminate\\Queue\\Jobs\\SyncJob))
#35 /home/techtaru/crm.techtaru.in/vendor/laravel/framework/src/Illuminate/Queue/Jobs/Job.php(219): Illuminate\\Queue\\Jobs\\Job->failed(Object(Symfony\\Component\\Mime\\Exception\\LogicException))
#36 /home/techtaru/crm.techtaru.in/vendor/laravel/framework/src/Illuminate/Queue/SyncQueue.php(224): Illuminate\\Queue\\Jobs\\Job->fail(Object(Symfony\\Component\\Mime\\Exception\\LogicException))
#37 /home/techtaru/crm.techtaru.in/vendor/laravel/framework/src/Illuminate/Queue/SyncQueue.php(137): Illuminate\\Queue\\SyncQueue->handleException(Object(Illuminate\\Queue\\Jobs\\SyncJob), Object(Symfony\\Component\\Mime\\Exception\\LogicException))
#38 /home/techtaru/crm.techtaru.in/vendor/laravel/framework/src/Illuminate/Queue/SyncQueue.php(111): Illuminate\\Queue\\SyncQueue->executeJob(Object(App\\Jobs\\ExportLeads), '', 'exports')
#39 /home/techtaru/crm.techtaru.in/vendor/laravel/framework/src/Illuminate/Bus/Dispatcher.php(258): Illuminate\\Queue\\SyncQueue->push(Object(App\\Jobs\\ExportLeads), '', 'exports')
#40 /home/techtaru/crm.techtaru.in/vendor/laravel/framework/src/Illuminate/Bus/Dispatcher.php(238): Illuminate\\Bus\\Dispatcher->pushCommandToQueue(Object(Illuminate\\Queue\\SyncQueue), Object(App\\Jobs\\ExportLeads))
#41 /home/techtaru/crm.techtaru.in/vendor/laravel/framework/src/Illuminate/Bus/Dispatcher.php(86): Illuminate\\Bus\\Dispatcher->dispatchToQueue(Object(App\\Jobs\\ExportLeads))
#42 /home/techtaru/crm.techtaru.in/vendor/laravel/framework/src/Illuminate/Foundation/Bus/PendingDispatch.php(252): Illuminate\\Bus\\Dispatcher->dispatch(Object(App\\Jobs\\ExportLeads))
#43 /home/techtaru/crm.techtaru.in/vendor/laravel/framework/src/Illuminate/Foundation/Bus/Dispatchable.php(19): Illuminate\\Foundation\\Bus\\PendingDispatch->__destruct()
#44 /home/techtaru/crm.techtaru.in/app/Filament/Resources/LeadResource/Pages/ListLeads.php(208): App\\Jobs\\ExportLeads::dispatch(5, 4, Array)
#45 /home/techtaru/crm.techtaru.in/vendor/filament/support/src/Concerns/EvaluatesClosures.php(36): App\\Filament\\Resources\\LeadResource\\Pages\\ListLeads->App\\Filament\\Resources\\LeadResource\\Pages\\{closure}()
#46 /home/techtaru/crm.techtaru.in/vendor/filament/actions/src/Action.php(644): Filament\\Support\\Components\\Component->evaluate(Object(Closure), Array)
#47 /home/techtaru/crm.techtaru.in/vendor/filament/actions/src/Concerns/InteractsWithActions.php(269): Filament\\Actions\\Action->call(Array)
#48 /home/techtaru/crm.techtaru.in/vendor/filament/actions/src/Concerns/InteractsWithActions.php(184): Filament\\Pages\\BasePage->callMountedAction()
#49 /home/techtaru/crm.techtaru.in/vendor/laravel/framework/src/Illuminate/Container/BoundMethod.php(36): Filament\\Pages\\BasePage->mountAction('export', Array, Array)
#50 /home/techtaru/crm.techtaru.in/vendor/laravel/framework/src/Illuminate/Container/Util.php(43): Illuminate\\Container\\BoundMethod::Illuminate\\Container\\{closure}()
#51 /home/techtaru/crm.techtaru.in/vendor/laravel/framework/src/Illuminate/Container/BoundMethod.php(96): Illuminate\\Container\\Util::unwrapIfClosure(Object(Closure))
#52 /home/techtaru/crm.techtaru.in/vendor/laravel/framework/src/Illuminate/Container/BoundMethod.php(35): Illuminate\\Container\\BoundMethod::callBoundMethod(Object(Illuminate\\Foundation\\Application), Array, Object(Closure))
#53 /home/techtaru/crm.techtaru.in/vendor/livewire/livewire/src/Wrapped.php(23): Illuminate\\Container\\BoundMethod::call(Object(Illuminate\\Foundation\\Application), Array, Array)
#54 /home/techtaru/crm.techtaru.in/vendor/livewire/livewire/src/Mechanisms/HandleComponents/HandleComponents.php(492): Livewire\\Wrapped->__call('mountAction', Array)
#55 /home/techtaru/crm.techtaru.in/vendor/livewire/livewire/src/Mechanisms/HandleComponents/HandleComponents.php(101): Livewire\\Mechanisms\\HandleComponents\\HandleComponents->callMethods(Object(App\\Filament\\Resources\\LeadResource\\Pages\\ListLeads), Array, Object(Livewire\\Mechanisms\\HandleComponents\\ComponentContext))
#56 /home/techtaru/crm.techtaru.in/vendor/livewire/livewire/src/LivewireManager.php(102): Livewire\\Mechanisms\\HandleComponents\\HandleComponents->update(Array, Array, Array)
#57 /home/techtaru/crm.techtaru.in/vendor/livewire/livewire/src/Mechanisms/HandleRequests/HandleRequests.php(131): Livewire\\LivewireManager->update(Array, Array, Array)
#58 /home/techtaru/crm.techtaru.in/vendor/laravel/framework/src/Illuminate/Routing/ControllerDispatcher.php(46): Livewire\\Mechanisms\\HandleRequests\\HandleRequests->handleUpdate()
#59 /home/techtaru/crm.techtaru.in/vendor/laravel/framework/src/Illuminate/Routing/Route.php(269): Illuminate\\Routing\\ControllerDispatcher->dispatch(Object(Illuminate\\Routing\\Route), Object(Livewire\\Mechanisms\\HandleRequests\\HandleRequests), 'handleUpdate')
#60 /home/techtaru/crm.techtaru.in/vendor/laravel/framework/src/Illuminate/Routing/Route.php(215): Illuminate\\Routing\\Route->runController()
#61 /home/techtaru/crm.techtaru.in/vendor/laravel/framework/src/Illuminate/Routing/Router.php(822): Illuminate\\Routing\\Route->run()
#62 /home/techtaru/crm.techtaru.in/vendor/laravel/framework/src/Illuminate/Pipeline/Pipeline.php(180): Illuminate\\Routing\\Router->Illuminate\\Routing\\{closure}(Object(Illuminate\\Http\\Request))
#63 /home/techtaru/crm.techtaru.in/app/Http/Middleware/SecurityHeaders.php(39): Illuminate\\Pipeline\\Pipeline->Illuminate\\Pipeline\\{closure}(Object(Illuminate\\Http\\Request))
#64 /home/techtaru/crm.techtaru.in/vendor/laravel/framework/src/Illuminate/Pipeline/Pipeline.php(219): App\\Http\\Middleware\\SecurityHeaders->handle(Object(Illuminate\\Http\\Request), Object(Closure))
#65 /home/techtaru/crm.techtaru.in/app/Http/Middleware/SetLocale.php(108): Illuminate\\Pipeline\\Pipeline->Illuminate\\Pipeline\\{closure}(Object(Illuminate\\Http\\Request))
#66 /home/techtaru/crm.techtaru.in/vendor/laravel/framework/src/Illuminate/Pipeline/Pipeline.php(219): App\\Http\\Middleware\\SetLocale->handle(Object(Illuminate\\Http\\Request), Object(Closure))
#67 /home/techtaru/crm.techtaru.in/app/Http/Middleware/TrackUserSession.php(55): Illuminate\\Pipeline\\Pipeline->Illuminate\\Pipeline\\{closure}(Object(Illuminate\\Http\\Request))
#68 /home/techtaru/crm.techtaru.in/vendor/laravel/framework/src/Illuminate/Pipeline/Pipeline.php(219): App\\Http\\Middleware\\TrackUserSession->handle(Object(Illuminate\\Http\\Request), Object(Closure))
#69 /home/techtaru/crm.techtaru.in/app/Http/Middleware/ResolveTenant.php(45): Illuminate\\Pipeline\\Pipeline->Illuminate\\Pipeline\\{closure}(Object(Illuminate\\Http\\Request))
#70 /home/techtaru/crm.techtaru.in/vendor/laravel/framework/src/Illuminate/Pipeline/Pipeline.php(219): App\\Http\\Middleware\\ResolveTenant->handle(Object(Illuminate\\Http\\Request), Object(Closure))
#71 /home/techtaru/crm.techtaru.in/vendor/laravel/framework/src/Illuminate/Routing/Middleware/SubstituteBindings.php(52): Illuminate\\Pipeline\\Pipeline->Illuminate\\Pipeline\\{closure}(Object(Illuminate\\Http\\Request))
#72 /home/techtaru/crm.techtaru.in/vendor/laravel/framework/src/Illuminate/Pipeline/Pipeline.php(219): Illuminate\\Routing\\Middleware\\SubstituteBindings->handle(Object(Illuminate\\Http\\Request), Object(Closure))
#73 /home/techtaru/crm.techtaru.in/vendor/laravel/framework/src/Illuminate/Foundation/Http/Middleware/PreventRequestForgery.php(104): Illuminate\\Pipeline\\Pipeline->Illuminate\\Pipeline\\{closure}(Object(Illuminate\\Http\\Request))
#74 /home/techtaru/crm.techtaru.in/vendor/laravel/framework/src/Illuminate/Pipeline/Pipeline.php(219): Illuminate\\Foundation\\Http\\Middleware\\PreventRequestForgery->handle(Object(Illuminate\\Http\\Request), Object(Closure))
#75 /home/techtaru/crm.techtaru.in/vendor/laravel/framework/src/Illuminate/View/Middleware/ShareErrorsFromSession.php(48): Illuminate\\Pipeline\\Pipeline->Illuminate\\Pipeline\\{closure}(Object(Illuminate\\Http\\Request))
#76 /home/techtaru/crm.techtaru.in/vendor/laravel/framework/src/Illuminate/Pipeline/Pipeline.php(219): Illuminate\\View\\Middleware\\ShareErrorsFromSession->handle(Object(Illuminate\\Http\\Request), Object(Closure))
#77 /home/techtaru/crm.techtaru.in/vendor/laravel/framework/src/Illuminate/Session/Middleware/StartSession.php(120): Illuminate\\Pipeline\\Pipeline->Illuminate\\Pipeline\\{closure}(Object(Illuminate\\Http\\Request))
#78 /home/techtaru/crm.techtaru.in/vendor/laravel/framework/src/Illuminate/Session/Middleware/StartSession.php(63): Illuminate\\Session\\Middleware\\StartSession->handleStatefulRequest(Object(Illuminate\\Http\\Request), Object(Illuminate\\Session\\Store), Object(Closure))
#79 /home/techtaru/crm.techtaru.in/vendor/laravel/framework/src/Illuminate/Pipeline/Pipeline.php(219): Illuminate\\Session\\Middleware\\StartSession->handle(Object(Illuminate\\Http\\Request), Object(Closure))
#80 /home/techtaru/crm.techtaru.in/vendor/laravel/framework/src/Illuminate/Cookie/Middleware/AddQueuedCookiesToResponse.php(36): Illuminate\\Pipeline\\Pipeline->Illuminate\\Pipeline\\{closure}(Object(Illuminate\\Http\\Request))
#81 /home/techtaru/crm.techtaru.in/vendor/laravel/framework/src/Illuminate/Pipeline/Pipeline.php(219): Illuminate\\Cookie\\Middleware\\AddQueuedCookiesToResponse->handle(Object(Illuminate\\Http\\Request), Object(Closure))
#82 /home/techtaru/crm.techtaru.in/vendor/laravel/framework/src/Illuminate/Cookie/Middleware/EncryptCookies.php(74): Illuminate\\Pipeline\\Pipeline->Illuminate\\Pipeline\\{closure}(Object(Illuminate\\Http\\Request))
#83 /home/techtaru/crm.techtaru.in/vendor/laravel/framework/src/Illuminate/Pipeline/Pipeline.php(219): Illuminate\\Cookie\\Middleware\\EncryptCookies->handle(Object(Illuminate\\Http\\Request), Object(Closure))
#84 /home/techtaru/crm.techtaru.in/vendor/laravel/framework/src/Illuminate/Http/Middleware/TrustProxies.php(58): Illuminate\\Pipeline\\Pipeline->Illuminate\\Pipeline\\{closure}(Object(Illuminate\\Http\\Request))
#85 /home/techtaru/crm.techtaru.in/vendor/laravel/framework/src/Illuminate/Pipeline/Pipeline.php(219): Illuminate\\Http\\Middleware\\TrustProxies->handle(Object(Illuminate\\Http\\Request), Object(Closure))
#86 /home/techtaru/crm.techtaru.in/vendor/laravel/framework/src/Illuminate/Pipeline/Pipeline.php(137): Illuminate\\Pipeline\\Pipeline->Illuminate\\Pipeline\\{closure}(Object(Illuminate\\Http\\Request))
#87 /home/techtaru/crm.techtaru.in/vendor/laravel/framework/src/Illuminate/Routing/Router.php(821): Illuminate\\Pipeline\\Pipeline->then(Object(Closure))
#88 /home/techtaru/crm.techtaru.in/vendor/laravel/framework/src/Illuminate/Routing/Router.php(800): Illuminate\\Routing\\Router->runRouteWithinStack(Object(Illuminate\\Routing\\Route), Object(Illuminate\\Http\\Request))
#89 /home/techtaru/crm.techtaru.in/vendor/laravel/framework/src/Illuminate/Routing/Router.php(764): Illuminate\\Routing\\Router->runRoute(Object(Illuminate\\Http\\Request), Object(Illuminate\\Routing\\Route))
#90 /home/techtaru/crm.techtaru.in/vendor/laravel/framework/src/Illuminate/Routing/Router.php(753): Illuminate\\Routing\\Router->dispatchToRoute(Object(Illuminate\\Http\\Request))
#91 /home/techtaru/crm.techtaru.in/vendor/laravel/framework/src/Illuminate/Foundation/Http/Kernel.php(200): Illuminate\\Routing\\Router->dispatch(Object(Illuminate\\Http\\Request))
#92 /home/techtaru/crm.techtaru.in/vendor/laravel/framework/src/Illuminate/Pipeline/Pipeline.php(180): Illuminate\\Foundation\\Http\\Kernel->Illuminate\\Foundation\\Http\\{closure}(Object(Illuminate\\Http\\Request))
#93 /home/techtaru/crm.techtaru.in/vendor/livewire/livewire/src/Features/SupportDisablingBackButtonCache/DisableBackButtonCacheMiddleware.php(19): Illuminate\\Pipeline\\Pipeline->Illuminate\\Pipeline\\{closure}(Object(Illuminate\\Http\\Request))
#94 /home/techtaru/crm.techtaru.in/vendor/laravel/framework/src/Illuminate/Pipeline/Pipeline.php(219): Livewire\\Features\\SupportDisablingBackButtonCache\\DisableBackButtonCacheMiddleware->handle(Object(Illuminate\\Http\\Request), Object(Closure))
#95 /home/techtaru/crm.techtaru.in/vendor/laravel/framework/src/Illuminate/Foundation/Http/Middleware/ConvertEmptyStringsToNull.php(27): Illuminate\\Pipeline\\Pipeline->Illuminate\\Pipeline\\{closure}(Object(Illuminate\\Http\\Request))
#96 /home/techtaru/crm.techtaru.in/vendor/laravel/framework/src/Illuminate/Pipeline/Pipeline.php(219): Illuminate\\Foundation\\Http\\Middleware\\ConvertEmptyStringsToNull->handle(Object(Illuminate\\Http\\Request), Object(Closure))
#97 /home/techtaru/crm.techtaru.in/vendor/laravel/framework/src/Illuminate/Foundation/Http/Middleware/TrimStrings.php(47): Illuminate\\Pipeline\\Pipeline->Illuminate\\Pipeline\\{closure}(Object(Illuminate\\Http\\Request))
#98 /home/techtaru/crm.techtaru.in/vendor/laravel/framework/src/Illuminate/Pipeline/Pipeline.php(219): Illuminate\\Foundation\\Http\\Middleware\\TrimStrings->handle(Object(Illuminate\\Http\\Request), Object(Closure))
#99 /home/techtaru/crm.techtaru.in/vendor/laravel/framework/src/Illuminate/Http/Middleware/ValidatePostSize.php(27): Illuminate\\Pipeline\\Pipeline->Illuminate\\Pipeline\\{closure}(Object(Illuminate\\Http\\Request))
#100 /home/techtaru/crm.techtaru.in/vendor/laravel/framework/src/Illuminate/Pipeline/Pipeline.php(219): Illuminate\\Http\\Middleware\\ValidatePostSize->handle(Object(Illuminate\\Http\\Request), Object(Closure))
#101 /home/techtaru/crm.techtaru.in/vendor/laravel/framework/src/Illuminate/Foundation/Http/Middleware/PreventRequestsDuringMaintenance.php(109): Illuminate\\Pipeline\\Pipeline->Illuminate\\Pipeline\\{closure}(Object(Illuminate\\Http\\Request))
#102 /home/techtaru/crm.techtaru.in/vendor/laravel/framework/src/Illuminate/Pipeline/Pipeline.php(219): Illuminate\\Foundation\\Http\\Middleware\\PreventRequestsDuringMaintenance->handle(Object(Illuminate\\Http\\Request), Object(Closure))
#103 /home/techtaru/crm.techtaru.in/vendor/laravel/framework/src/Illuminate/Http/Middleware/HandleCors.php(61): Illuminate\\Pipeline\\Pipeline->Illuminate\\Pipeline\\{closure}(Object(Illuminate\\Http\\Request))
#104 /home/techtaru/crm.techtaru.in/vendor/laravel/framework/src/Illuminate/Pipeline/Pipeline.php(219): Illuminate\\Http\\Middleware\\HandleCors->handle(Object(Illuminate\\Http\\Request), Object(Closure))
#105 /home/techtaru/crm.techtaru.in/vendor/laravel/framework/src/Illuminate/Http/Middleware/TrustProxies.php(58): Illuminate\\Pipeline\\Pipeline->Illuminate\\Pipeline\\{closure}(Object(Illuminate\\Http\\Request))
#106 /home/techtaru/crm.techtaru.in/vendor/laravel/framework/src/Illuminate/Pipeline/Pipeline.php(219): Illuminate\\Http\\Middleware\\TrustProxies->handle(Object(Illuminate\\Http\\Request), Object(Closure))
#107 /home/techtaru/crm.techtaru.in/vendor/laravel/framework/src/Illuminate/Foundation/Http/Middleware/InvokeDeferredCallbacks.php(22): Illuminate\\Pipeline\\Pipeline->Illuminate\\Pipeline\\{closure}(Object(Illuminate\\Http\\Request))
#108 /home/techtaru/crm.techtaru.in/vendor/laravel/framework/src/Illuminate/Pipeline/Pipeline.php(219): Illuminate\\Foundation\\Http\\Middleware\\InvokeDeferredCallbacks->handle(Object(Illuminate\\Http\\Request), Object(Closure))
#109 /home/techtaru/crm.techtaru.in/vendor/laravel/framework/src/Illuminate/Http/Middleware/ValidatePathEncoding.php(28): Illuminate\\Pipeline\\Pipeline->Illuminate\\Pipeline\\{closure}(Object(Illuminate\\Http\\Request))
#110 /home/techtaru/crm.techtaru.in/vendor/laravel/framework/src/Illuminate/Pipeline/Pipeline.php(219): Illuminate\\Http\\Middleware\\ValidatePathEncoding->handle(Object(Illuminate\\Http\\Request), Object(Closure))
#111 /home/techtaru/crm.techtaru.in/vendor/laravel/framework/src/Illuminate/Pipeline/Pipeline.php(137): Illuminate\\Pipeline\\Pipeline->Illuminate\\Pipeline\\{closure}(Object(Illuminate\\Http\\Request))
#112 /home/techtaru/crm.techtaru.in/vendor/laravel/framework/src/Illuminate/Foundation/Http/Kernel.php(175): Illuminate\\Pipeline\\Pipeline->then(Object(Closure))
#113 /home/techtaru/crm.techtaru.in/vendor/laravel/framework/src/Illuminate/Foundation/Http/Kernel.php(144): Illuminate\\Foundation\\Http\\Kernel->sendRequestThroughRouter(Object(Illuminate\\Http\\Request))
#114 /home/techtaru/crm.techtaru.in/vendor/laravel/framework/src/Illuminate/Foundation/Application.php(1220): Illuminate\\Foundation\\Http\\Kernel->handle(Object(Illuminate\\Http\\Request))
#115 /home/techtaru/crm.techtaru.in/public/index.php(119): Illuminate\\Foundation\\Application->handleRequest(Object(Illuminate\\Http\\Request))
#116 {main}
"} 
